   0.00000    0.00000    0.00000    0.00000    0.00000    0.00000    0.00000    0.00000    0.00000    0.00000    0.00000    0.00000    0.00000    0.00000    0.00000    0.00000    0.00000    0.00000    0.00000    0.00000    0.00000    0.00000    0.00000    0.00000    0.00000    0.00000    0.00000    0.00000    0.00000    0.00000    0.00000    0.00000    0.00000    0.00000    0.00000    0.00000    0.00000    0.00000    0.00000    0.00000    0.00000    0.00000    0.00000    0.00000    0.00000    0.00000    0.00000    0.00000    0.00000    0.00000    0.00000    0.00000    0.00000    0.00000    0.00000    0.00000    0.00000    0.00000    0.00000    0.00000    0.00000    0.00000    0.00000    0.00000    0.00000    0.00000    0.00000    0.00000    0.00000    0.00000    0.00000    0.00000    0.00000    0.00000    0.00000    0.00000    0.00000    0.00000    0.00000    0.00000    0.00000    0.00000    0.00000    0.00000    0.00000    0.00000    0.00000    0.00000    0.00000    0.00000    0.00000    0.00000    0.00000    0.00000    0.00000    0.00000    0.00000    0.00000    0.00000    0.00000    0.00000    0.00000    0.00000    0.00000    0.00000    0.00000    0.00000    0.00000    0.00000    0.00000    0.00000    0.00000    0.00000    0.00000    0.00000    0.00000    0.00000    0.00000    0.00000    0.00000    0.00000    0.00000    0.00000    0.00000    0.00000    0.00000    0.00000    0.00000    0.00000    0.00000
   0.00000    0.00657    0.01314    0.01971    0.02626    0.03279    0.03930    0.04579    0.05225    0.05868    0.06507    0.07142    0.07773    0.08399    0.09020    0.09635    0.10244    0.10847    0.11443    0.12033    0.12615    0.13189    0.13755    0.14313    0.14862    0.15402    0.15933    0.16453    0.16964    0.17465    0.17955    0.18435    0.18903    0.19360    0.19805    0.20238    0.20659    0.21068    0.21464    0.21848    0.22218    0.22575    0.22919    0.23249    0.23565    0.23867    0.24156    0.24430    0.24689    0.24934    0.25164    0.25380    0.25580    0.25766    0.25936    0.26092    0.26231    0.26356    0.26465    0.26559    0.26637    0.26699    0.26746    0.26778    0.26793    0.26793    0.26778    0.26746    0.26699    0.26637    0.26559    0.26465    0.26356    0.26231    0.26092    0.25936    0.25766    0.25580    0.25380    0.25164    0.24934    0.24689    0.24430    0.24156    0.23867    0.23565    0.23249    0.22919    0.22575    0.22218    0.21848    0.21464    0.21068    0.20659    0.20238    0.19805    0.19360    0.18903    0.18435    0.17955    0.17465    0.16964    0.16453    0.15933    0.15402    0.14862    0.14313    0.13755    0.13189    0.12615    0.12033    0.11443    0.10847    0.10244    0.09635    0.09020    0.08399    0.07773    0.07142    0.06507    0.05868    0.05225    0.04579    0.03930    0.03279    0.02626    0.01971    0.01314    0.00657    0.00000
   0.00000    0.01315    0.02630    0.03942    0.05253    0.06560    0.07863    0.09161    0.10453    0.11739    0.13018    0.14289    0.15551    0.16803    0.18045    0.19276    0.20494    0.21701    0.22894    0.24073    0.25237    0.26386    0.27519    0.28634    0.29733    0.30813    0.31875    0.32917    0.33939    0.34941    0.35921    0.36880    0.37817    0.38731    0.39621    0.40488    0.41331    0.42149    0.42941    0.43708    0.44449    0.45163    0.45851    0.46511    0.47144    0.47749    0.48326    0.48874    0.49393    0.49883    0.50344    0.50775    0.51176    0.51547    0.51888    0.52198    0.52478    0.52728    0.52946    0.53133    0.53289    0.53415    0.53508    0.53571    0.53602    0.53602    0.53571    0.53508    0.53415    0.53289    0.53133    0.52946    0.52728    0.52478    0.52198    0.51888    0.51547    0.51176    0.50775    0.50344    0.49883    0.49393    0.48874    0.48326    0.47749    0.47144    0.46511    0.45851    0.45163    0.44449    0.43708    0.42941    0.42149    0.41331    0.40488    0.39621    0.38731    0.37817    0.36880    0.35921    0.34941    0.33939    0.32917    0.31875    0.30813    0.29733    0.28634    0.27519    0.26386    0.25237    0.24073    0.22894    0.21701    0.20494    0.19276    0.18045    0.16803    0.15551    0.14289    0.13018    0.11739    0.10453    0.09161    0.07863    0.06560    0.05253    0.03942    0.02630    0.01315    0.00000
   0.00000    0.01974    0.03946    0.05917    0.07883    0.09845    0.11800    0.13748    0.15688    0.17618    0.19537    0.21444    0.23338    0.25217    0.27081    0.28928    0.30758    0.32568    0.34358    0.36128    0.37875    0.39599    0.41299    0.42973    0.44622    0.46243    0.47836    0.49400    0.50934    0.52438    0.53909    0.55348    0.56754    0.58125    0.59462    0.60763    0.62027    0.63254    0.64444    0.65595    0.66707    0.67779    0.68810    0.69801    0.70751    0.71659    0.72524    0.73346    0.74126    0.74861    0.75552    0.76199    0.76801    0.77358    0.77870    0.78336    0.78756    0.79130    0.79457    0.79739    0.79973    0.80161    0.80302    0.80396    0.80443    0.80443    0.80396    0.80302    0.80161    0.79973    0.79739    0.79457    0.79130    0.78756    0.78336    0.77870    0.77358    0.76801    0.76199    0.75552    0.74861    0.74126    0.73346    0.72524    0.71659    0.70751    0.69801    0.68810    0.67779    0.66707    0.65595    0.64444    0.63254    0.62027    0.60763    0.59462    0.58125    0.56754    0.55348    0.53909    0.52438    0.50934    0.49400    0.47836    0.46243    0.44622    0.42973    0.41299    0.39599    0.37875    0.36128    0.34358    0.32568    0.30758    0.28928    0.27081    0.25217    0.23338    0.21444    0.19537    0.17618    0.15688    0.13748    0.11800    0.09845    0.07883    0.05917    0.03946    0.01974    0.00000
   0.00000    0.02634    0.05266    0.07894    0.10518    0.13136    0.15745    0.18344    0.20932    0.23508    0.26068    0.28613    0.31139    0.33647    0.36134    0.38599    0.41039    0.43455    0.45844    0.48205    0.50536    0.52836    0.55104    0.57339    0.59538    0.61701    0.63827    0.65914    0.67961    0.69966    0.71930    0.73850    0.75725    0.77555    0.79338    0.81074    0.82761    0.84398    0.85985    0.87520    0.89004    0.90434    0.91811    0.93133    0.94400    0.95611    0.96765    0.97863    0.98902    0.99883    1.00806    1.01669    1.02472    1.03215    1.03898    1.04519    1.05080    1.05579    1.06016    1.06391    1.06704    1.06954    1.07142    1.07267    1.07330    1.07330    1.07267    1.07142    1.06954    1.06704    1.06391    1.06016    1.05579    1.05080    1.04519    1.03898    1.03215    1.02472    1.01669    1.00806    0.99883    0.98902    0.97863    0.96765    0.95611    0.94400    0.93133    0.91811    0.90434    0.89004    0.87520    0.85985    0.84398    0.82761    0.81074    0.79338    0.77555    0.75725    0.73850    0.71930    0.69966    0.67961    0.65914    0.63827    0.61701    0.59538    0.57339    0.55104    0.52836    0.50536    0.48205    0.45844    0.43455    0.41039    0.38599    0.36134    0.33647    0.31139    0.28613    0.26068    0.23508    0.20932    0.18344    0.15745    0.13136    0.10518    0.07894    0.05266    0.02634    0.00000
   0.00000    0.03295    0.06588    0.09877    0.13160    0.16435    0.19699    0.22952    0.26190    0.29412    0.32615    0.35799    0.38960    0.42098    0.45209    0.48293    0.51347    0.54369    0.57358    0.60311    0.63228    0.66106    0.68944    0.71739    0.74491    0.77197    0.79856    0.82467    0.85028    0.87537    0.89994    0.92396    0.94742    0.97031    0.99262    1.01433    1.03544    1.05592    1.07577    1.09498    1.11354    1.13144    1.14866    1.16520    1.18105    1.19620    1.21064    1.22437    1.23737    1.24964    1.26118    1.27198    1.28203    1.29133    1.29986    1.30764    1.31465    1.32089    1.32636    1.33105    1.33496    1.33810    1.34045    1.34202    1.34280    1.34280    1.34202    1.34045    1.33810    1.33496    1.33105    1.32636    1.32089    1.31465    1.30764    1.29986    1.29133    1.28203    1.27198    1.26118    1.24964    1.23737    1.22437    1.21064    1.19620    1.18105    1.16520    1.14866    1.13144    1.11354    1.09498    1.07577    1.05592    1.03544    1.01433    0.99262    0.97031    0.94742    0.92396    0.89994    0.87537    0.85028    0.82467    0.79856    0.77197    0.74491    0.71739    0.68944    0.66106    0.63228    0.60311    0.57358    0.54369    0.51347    0.48293    0.45209    0.42098    0.38960    0.35799    0.32615    0.29412    0.26190    0.22952    0.19699    0.16435    0.13160    0.09877    0.06588    0.03295    0.00000
   0.00000    0.03959    0.07915    0.11866    0.15810    0.19744    0.23666    0.27573    0.31463    0.35334    0.39183    0.43007    0.46805    0.50574    0.54312    0.58017    0.61685    0.65316    0.68907    0.72455    0.75959    0.79416    0.82825    0.86183    0.89489    0.92740    0.95934    0.99071    1.02147    1.05161    1.08112    1.10997    1.13816    1.16566    1.19245    1.21854    1.24389    1.26849    1.29234    1.31542    1.33771    1.35920    1.37989    1.39976    1.41880    1.43699    1.45434    1.47083    1.48645    1.50119    1.51505    1.52802    1.54009    1.55126    1.56151    1.57085    1.57927    1.58677    1.59334    1.59897    1.60367    1.60744    1.61026    1.61214    1.61309    1.61309    1.61214    1.61026    1.60744    1.60367    1.59897    1.59334    1.58677    1.57927    1.57085    1.56151    1.55126    1.54009    1.52802    1.51505    1.50119    1.48645    1.47083    1.45434    1.43699    1.41880    1.39976    1.37989    1.35920    1.33771    1.31542    1.29234    1.26849    1.24389    1.21854    1.19245    1.16566    1.13816    1.10997    1.08112    1.05161    1.02147    0.99071    0.95934    0.92740    0.89489    0.86183    0.82825    0.79416    0.75959    0.72455    0.68907    0.65316    0.61685    0.58017    0.54312    0.50574    0.46805    0.43007    0.39183    0.35334    0.31463    0.27573    0.23666    0.19744    0.15810    0.11866    0.07915    0.03959    0.00000
   0.00000    0.04625    0.09246    0.13862    0.18470    0.23066    0.27647    0.32212    0.36756    0.41278    0.45774    0.50242    0.54679    0.59082    0.63449    0.67776    0.72062    0.76303    0.80498    0.84643    0.88736    0.92775    0.96757    1.00680    1.04541    1.08339    1.12071    1.15734    1.19328    1.22849    1.26296    1.29666    1.32958    1.36170    1.39301    1.42347    1.45308    1.48182    1.50968    1.53663    1.56267    1.58778    1.61194    1.63515    1.65738    1.67864    1.69890    1.71816    1.73640    1.75363    1.76981    1.78496    1.79906    1.81210    1.82408    1.83499    1.84482    1.85358    1.86125    1.86783    1.87332    1.87772    1.88101    1.88321    1.88431    1.88431    1.88321    1.88101    1.87772    1.87332    1.86783    1.86125    1.85358    1.84482    1.83499    1.82408    1.81210    1.79906    1.78496    1.76981    1.75363    1.73640    1.71816    1.69890    1.67864    1.65738    1.63515    1.61194    1.58778    1.56267    1.53663    1.50968    1.48182    1.45308    1.42347    1.39301    1.36170    1.32958    1.29666    1.26296    1.22849    1.19328    1.15734    1.12071    1.08339    1.04541    1.00680    0.96757    0.92775    0.88736    0.84643    0.80498    0.76303    0.72062    0.67776    0.63449    0.59082    0.54679    0.50242    0.45774    0.41278    0.36756    0.32212    0.27647    0.23066    0.18470    0.13862    0.09246    0.04625    0.00000
   0.00000    0.05293    0.10584    0.15867    0.21141    0.26402    0.31646    0.36871    0.42072    0.47248    0.52394    0.57508    0.62587    0.67627    0.72625    0.77578    0.82483    0.87338    0.92139    0.96883    1.01568    1.06190    1.10748    1.15238    1.19657    1.24004    1.28275    1.32468    1.36581    1.40611    1.44555    1.48413    1.52181    1.55857    1.59439    1.62926    1.66315    1.69604    1.72792    1.75877    1.78857    1.81730    1.84495    1.87151    1.89696    1.92128    1.94447    1.96651    1.98738    2.00709    2.02562    2.04295    2.05908    2.07401    2.08772    2.10020    2.11145    2.12147    2.13025    2.13778    2.14406    2.14909    2.15287    2.15538    2.15664    2.15664    2.15538    2.15287    2.14909    2.14406    2.13778    2.13025    2.12147    2.11145    2.10020    2.08772    2.07401    2.05908    2.04295    2.02562    2.00709    1.98738    1.96651    1.94447    1.92128    1.89696    1.87151    1.84495    1.81730    1.78857    1.75877    1.72792    1.69604    1.66315    1.62926    1.59439    1.55857    1.52181    1.48413    1.44555    1.40611    1.36581    1.32468    1.28275    1.24004    1.19657    1.15238    1.10748    1.06190    1.01568    0.96883    0.92139    0.87338    0.82483    0.77578    0.72625    0.67627    0.62587    0.57508    0.52394    0.47248    0.42072    0.36871    0.31646    0.26402    0.21141    0.15867    0.10584    0.05293    0.00000
   0.00000    0.05966    0.11928    0.17882    0.23825    0.29754    0.35664    0.41552    0.47414    0.53247    0.59047    0.64810    0.70533    0.76213    0.81845    0.87427    0.92955    0.98426    1.03836    1.09182    1.14462    1.19671    1.24807    1.29866    1.34847    1.39745    1.44557    1.49282    1.53917    1.58458    1.62903    1.67250    1.71495    1.75637    1.79674    1.83603    1.87421    1.91128    1.94719    1.98195    2.01553    2.04790    2.07906    2.10898    2.13765    2.16506    2.19118    2.21601    2.23954    2.26174    2.28261    2.30214    2.32032    2.33713    2.35258    2.36664    2.37932    2.39061    2.40050    2.40898    2.41606    2.42172    2.42598    2.42881    2.43023    2.43023    2.42881    2.42598    2.42172    2.41606    2.40898    2.40050    2.39061    2.37932    2.36664    2.35258    2.33713    2.32032    2.30214    2.28261    2.26174    2.23954    2.21601    2.19118    2.16506    2.13765    2.10898    2.07906    2.04790    2.01553    1.98195    1.94719    1.91128    1.87421    1.83603    1.79674    1.75637    1.71495    1.67250    1.62903    1.58458    1.53917    1.49282    1.44557    1.39745    1.34847    1.29866    1.24807    1.19671    1.14462    1.09182    1.03836    0.98426    0.92955    0.87427    0.81845    0.76213    0.70533    0.64810    0.59047    0.53247    0.47414    0.41552    0.35664    0.29754    0.23825    0.17882    0.11928    0.05966    0.00000
   0.00000    0.06641    0.13279    0.19908    0.26525    0.33125    0.39704    0.46259    0.52786    0.59279    0.65736    0.72152    0.78523    0.84846    0.91116    0.97330    1.03484    1.09575    1.15597    1.21549    1.27426    1.33225    1.38942    1.44574    1.50118    1.55570    1.60928    1.66188    1.71346    1.76401    1.81349    1.86187    1.90913    1.95524    2.00017    2.04390    2.08640    2.12765    2.16763    2.20632    2.24369    2.27972    2.31440    2.34770    2.37961    2.41012    2.43919    2.46683    2.49301    2.51772    2.54095    2.56268    2.58291    2.60163    2.61881    2.63447    2.64858    2.66114    2.67215    2.68159    2.68947    2.69577    2.70051    2.70366    2.70524    2.70524    2.70366    2.70051    2.69577    2.68947    2.68159    2.67215    2.66114    2.64858    2.63447    2.61881    2.60163    2.58291    2.56268    2.54095    2.51772    2.49301    2.46683    2.43919    2.41012    2.37961    2.34770    2.31440    2.27972    2.24369    2.20632    2.16763    2.12765    2.08640    2.04390    2.00017    1.95524    1.90913    1.86187    1.81349    1.76401    1.71346    1.66188    1.60928    1.55570    1.50118    1.44574    1.38942    1.33225    1.27426    1.21549    1.15597    1.09575    1.03484    0.97330    0.91116    0.84846    0.78523    0.72152    0.65736    0.59279    0.52786    0.46259    0.39704    0.33125    0.26525    0.19908    0.13279    0.06641    0.00000
   0.00000    0.07321    0.14638    0.21946    0.29240    0.36516    0.43769    0.50996    0.58190    0.65348    0.72466    0.79538    0.86562    0.93532    1.00444    1.07294    1.14077    1.20791    1.27430    1.33990    1.40468    1.46860    1.53162    1.59370    1.65481    1.71491    1.77396    1.83194    1.88880    1.94451    1.99904    2.05237    2.10446    2.15528    2.20480    2.25299    2.29984    2.34530    2.38937    2.43200    2.47319    2.51290    2.55111    2.58782    2.62299    2.65660    2.68864    2.71910    2.74795    2.77518    2.80078    2.82473    2.84703    2.86765    2.88659    2.90384    2.91939    2.93323    2.94536    2.95577    2.96445    2.97139    2.97661    2.98009    2.98183    2.98183    2.98009    2.97661    2.97139    2.96445    2.95577    2.94536    2.93323    2.91939    2.90384    2.88659    2.86765    2.84703    2.82473    2.80078    2.77518    2.74795    2.71910    2.68864    2.65660    2.62299    2.58782    2.55111    2.51290    2.47319    2.43200    2.38937    2.34530    2.29984    2.25299    2.20480    2.15528    2.10446    2.05237    1.99904    1.94451    1.88880    1.83194    1.77396    1.71491    1.65481    1.59370    1.53162    1.46860    1.40468    1.33990    1.27430    1.20791    1.14077    1.07294    1.00444    0.93532    0.86562    0.79538    0.72466    0.65348    0.58190    0.50996    0.43769    0.36516    0.29240    0.21946    0.14638    0.07321    0.00000
   0.00000    0.08006    0.16007    0.23998    0.31974    0.39930    0.47862    0.55763    0.63630    0.71458    0.79241    0.86974    0.94654    1.02275    1.09833    1.17323    1.24741    1.32081    1.39340    1.46514    1.53597    1.60586    1.67476    1.74264    1.80945    1.87516    1.93973    2.00311    2.06528    2.12619    2.18581    2.24411    2.30106    2.35662    2.41075    2.46344    2.51465    2.56436    2.61253    2.65913    2.70416    2.74757    2.78935    2.82947    2.86791    2.90466    2.93968    2.97298    3.00451    3.03428    3.06226    3.08844    3.11281    3.13535    3.15606    3.17491    3.19191    3.20704    3.22029    3.23167    3.24116    3.24875    3.25445    3.25825    3.26016    3.26016    3.25825    3.25445    3.24875    3.24116    3.23167    3.22029    3.20704    3.19191    3.17491    3.15606    3.13535    3.11281    3.08844    3.06226    3.03428    3.00451    2.97298    2.93968    2.90466    2.86791    2.82947    2.78935    2.74757    2.70416    2.65913    2.61253    2.56436    2.51465    2.46344    2.41075    2.35662    2.30106    2.24411    2.18581    2.12619    2.06528    2.00311    1.93973    1.87516    1.80945    1.74264    1.67476    1.60586    1.53597    1.46514    1.39340    1.32081    1.24741    1.17323    1.09833    1.02275    0.94654    0.86974    0.79241    0.71458    0.63630    0.55763    0.47862    0.39930    0.31974    0.23998    0.16007    0.08006    0.00000
   0.00000    0.08696    0.17386    0.26065    0.34728    0.43369    0.51984    0.60566    0.69110    0.77611    0.86064    0.94464    1.02805    1.11082    1.19291    1.27425    1.35481    1.43453    1.51337    1.59128    1.66820    1.74410    1.81893    1.89265    1.96520    2.03656    2.10667    2.17550    2.24301    2.30916    2.37390    2.43721    2.49905    2.55937    2.61816    2.67537    2.73098    2.78495    2.83725    2.88786    2.93674    2.98388    3.02924    3.07280    3.11454    3.15443    3.19246    3.22861    3.26285    3.29517    3.32554    3.35397    3.38042    3.40490    3.42737    3.44784    3.46630    3.48272    3.49711    3.50946    3.51976    3.52801    3.53420    3.53832    3.54039    3.54039    3.53832    3.53420    3.52801    3.51976    3.50946    3.49711    3.48272    3.46630    3.44784    3.42737    3.40490    3.38042    3.35397    3.32554    3.29517    3.26285    3.22861    3.19246    3.15443    3.11454    3.07280    3.02924    2.98388    2.93674    2.88786    2.83725    2.78495    2.73098    2.67537    2.61816    2.55937    2.49905    2.43721    2.37390    2.30916    2.24301    2.17550    2.10667    2.03656    1.96520    1.89265    1.81893    1.74410    1.66820    1.59128    1.51337    1.43453    1.35481    1.27425    1.19291    1.11082    1.02805    0.94464    0.86064    0.77611    0.69110    0.60566    0.51984    0.43369    0.34728    0.26065    0.17386    0.08696    0.00000
   0.00000    0.09390    0.18775    0.28148    0.37503    0.46835    0.56138    0.65406    0.74633    0.83813    0.92942    1.02013    1.11020    1.19958    1.28822    1.37606    1.46305    1.54914    1.63427    1.71839    1.80146    1.88341    1.96421    2.04381    2.12215    2.19920    2.27490    2.34922    2.42211    2.49352    2.56343    2.63178    2.69854    2.76367    2.82714    2.88891    2.94894    3.00720    3.06367    3.11830    3.17107    3.22196    3.27093    3.31795    3.36301    3.40607    3.44713    3.48614    3.52310    3.55799    3.59078    3.62146    3.65002    3.67644    3.70070    3.72279    3.74271    3.76044    3.77597    3.78930    3.80042    3.80932    3.81600    3.82045    3.82268    3.82268    3.82045    3.81600    3.80932    3.80042    3.78930    3.77597    3.76044    3.74271    3.72279    3.70070    3.67644    3.65002    3.62146    3.59078    3.55799    3.52310    3.48614    3.44713    3.40607    3.36301    3.31795    3.27093    3.22196    3.17107    3.11830    3.06367    3.00720    2.94894    2.88891    2.82714    2.76367    2.69854    2.63178    2.56343    2.49352    2.42211    2.34922    2.27490    2.19920    2.12215    2.04381    1.96421    1.88341    1.80146    1.71839    1.63427    1.54914    1.46305    1.37606    1.28822    1.19958    1.11020    1.02013    0.92942    0.83813    0.74633    0.65406    0.56138    0.46835    0.37503    0.28148    0.18775    0.09390    0.00000
   0.00000    0.10091    0.20176    0.30249    0.40302    0.50331    0.60328    0.70287    0.80202    0.90068    0.99877    1.09624    1.19303    1.28908    1.38433    1.47873    1.57220    1.66470    1.75618    1.84657    1.93582    2.02388    2.11070    2.19622    2.28040    2.36318    2.44452    2.52437    2.60268    2.67941    2.75451    2.82794    2.89967    2.96964    3.03782    3.10418    3.16867    3.23126    3.29192    3.35061    3.40730    3.46196    3.51456    3.56507    3.61347    3.65973    3.70383    3.74574    3.78544    3.82291    3.85813    3.89109    3.92176    3.95013    3.97619    3.99992    4.02131    4.04036    4.05704    4.07136    4.08330    4.09286    4.10003    4.10481    4.10721    4.10721    4.10481    4.10003    4.09286    4.08330    4.07136    4.05704    4.04036    4.02131    3.99992    3.97619    3.95013    3.92176    3.89109    3.85813    3.82291    3.78544    3.74574    3.70383    3.65973    3.61347    3.56507    3.51456    3.46196    3.40730    3.35061    3.29192    3.23126    3.16867    3.10418    3.03782    2.96964    2.89967    2.82794    2.75451    2.67941    2.60268    2.52437    2.44452    2.36318    2.28040    2.19622    2.11070    2.02388    1.93582    1.84657    1.75618    1.66470    1.57220    1.47873    1.38433    1.28908    1.19303    1.09624    0.99877    0.90068    0.80202    0.70287    0.60328    0.50331    0.40302    0.30249    0.20176    0.10091    0.00000
   0.00000    0.10798    0.21590    0.32368    0.43126    0.53857    0.64555    0.75212    0.85822    0.96378    1.06875    1.17304    1.27661    1.37939    1.48130    1.58230    1.68232    1.78130    1.87917    1.97588    2.07138    2.16560    2.25848    2.34998    2.44004    2.52861    2.61563    2.70105    2.78483    2.86691    2.94726    3.02582    3.10254    3.17740    3.25034    3.32132    3.39030    3.45726    3.52214    3.58491    3.64555    3.70402    3.76028    3.81431    3.86608    3.91555    3.96272    4.00754    4.05000    4.09008    4.12775    4.16300    4.19580    4.22614    4.25401    4.27939    4.30227    4.32264    4.34048    4.35579    4.36856    4.37878    4.38645    4.39157    4.39413    4.39413    4.39157    4.38645    4.37878    4.36856    4.35579    4.34048    4.32264    4.30227    4.27939    4.25401    4.22614    4.19580    4.16300    4.12775    4.09008    4.05000    4.00754    3.96272    3.91555    3.86608    3.81431    3.76028    3.70402    3.64555    3.58491    3.52214    3.45726    3.39030    3.32132    3.25034    3.17740    3.10254    3.02582    2.94726    2.86691    2.78483    2.70105    2.61563    2.52861    2.44004    2.34998    2.25848    2.16560    2.07138    1.97588    1.87917    1.78130    1.68232    1.58230    1.48130    1.37939    1.27661    1.17304    1.06875    0.96378    0.85822    0.75212    0.64555    0.53857    0.43126    0.32368    0.21590    0.10798    0.00000
   0.00000    0.11512    0.23017    0.34508    0.45977    0.57418    0.68822    0.80183    0.91495    1.02749    1.13939    1.25058    1.36099    1.47055    1.57920    1.68686    1.79348    1.89899    2.00332    2.10642    2.20821    2.30864    2.40765    2.50519    2.60118    2.69558    2.78833    2.87938    2.96868    3.05616    3.14180    3.22552    3.30730    3.38707    3.46480    3.54045    3.61397    3.68532    3.75446    3.82136    3.88598    3.94828    4.00824    4.06581    4.12097    4.17369    4.22395    4.27171    4.31695    4.35966    4.39979    4.43735    4.47230    4.50463    4.53432    4.56136    4.58574    4.60744    4.62645    4.64276    4.65636    4.66726    4.67543    4.68088    4.68361    4.68361    4.68088    4.67543    4.66726    4.65636    4.64276    4.62645    4.60744    4.58574    4.56136    4.53432    4.50463    4.47230    4.43735    4.39979    4.35966    4.31695    4.27171    4.22395    4.17369    4.12097    4.06581    4.00824    3.94828    3.88598    3.82136    3.75446    3.68532    3.61397    3.54045    3.46480    3.38707    3.30730    3.22552    3.14180    3.05616    2.96868    2.87938    2.78833    2.69558    2.60118    2.50519    2.40765    2.30864    2.20821    2.10642    2.00332    1.89899    1.79348    1.68686    1.57920    1.47055    1.36099    1.25058    1.13939    1.02749    0.91495    0.80183    0.68822    0.57418    0.45977    0.34508    0.23017    0.11512    0.00000
   0.00000    0.12233    0.24459    0.36670    0.48857    0.61014    0.73132    0.85205    0.97225    1.09183    1.21074    1.32889    1.44621    1.56262    1.67807    1.79247    1.90576    2.01786    2.12872    2.23825    2.34641    2.45311    2.55831    2.66193    2.76391    2.86420    2.96274    3.05947    3.15433    3.24727    3.33824    3.42718    3.51405    3.59879    3.68136    3.76171    3.83981    3.91559    3.98903    4.06009    4.12872    4.19490    4.25857    4.31972    4.37831    4.43430    4.48767    4.53840    4.58645    4.63180    4.67442    4.71430    4.75142    4.78575    4.81729    4.84600    4.87189    4.89493    4.91512    4.93244    4.94689    4.95845    4.96713    4.97292    4.97582    4.97582    4.97292    4.96713    4.95845    4.94689    4.93244    4.91512    4.89493    4.87189    4.84600    4.81729    4.78575    4.75142    4.71430    4.67442    4.63180    4.58645    4.53840    4.48767    4.43430    4.37831    4.31972    4.25857    4.19490    4.12872    4.06009    3.98903    3.91559    3.83981    3.76171    3.68136    3.59879    3.51405    3.42718    3.33824    3.24727    3.15433    3.05947    2.96274    2.86420    2.76391    2.66193    2.55831    2.45311    2.34641    2.23825    2.12872    2.01786    1.90576    1.79247    1.67807    1.56262    1.44621    1.32889    1.21074    1.09183    0.97225    0.85205    0.73132    0.61014    0.48857    0.36670    0.24459    0.12233    0.00000
   0.00000    0.12962    0.25916    0.38854    0.51768    0.64648    0.77489    0.90281    1.03016    1.15686    1.28285    1.40803    1.53233    1.65567    1.77798    1.89919    2.01921    2.13798    2.25543    2.37147    2.48605    2.59909    2.71053    2.82030    2.92834    3.03458    3.13896    3.24142    3.34191    3.44036    3.53671    3.63092    3.72293    3.81268    3.90014    3.98524    4.06795    4.14821    4.22599    4.30125    4.37393    4.44401    4.51144    4.57620    4.63824    4.69753    4.75405    4.80776    4.85864    4.90666    4.95180    4.99403    5.03333    5.06968    5.10307    5.13348    5.16088    5.18528    5.20665    5.22499    5.24029    5.25254    5.26173    5.26786    5.27092    5.27092    5.26786    5.26173    5.25254    5.24029    5.22499    5.20665    5.18528    5.16088    5.13348    5.10307    5.06968    5.03333    4.99403    4.95180    4.90666    4.85864    4.80776    4.75405    4.69753    4.63824    4.57620    4.51144    4.44401    4.37393    4.30125    4.22599    4.14821    4.06795    3.98524    3.90014    3.81268    3.72293    3.63092    3.53671    3.44036    3.34191    3.24142    3.13896    3.03458    2.92834    2.82030    2.71053    2.59909    2.48605    2.37147    2.25543    2.13798    2.01921    1.89919    1.77798    1.65567    1.53233    1.40803    1.28285    1.15686    1.03016    0.90281    0.77489    0.64648    0.51768    0.38854    0.25916    0.12962    0.00000
   0.00000    0.13699    0.27390    0.41063    0.54710    0.68324    0.81894    0.95412    1.08871    1.22262    1.35576    1.48805    1.61941    1.74975    1.87901    2.00709    2.13393    2.25943    2.38353    2.50616    2.62723    2.74668    2.86443    2.98041    3.09457    3.20682    3.31710    3.42536    3.53152    3.63553    3.73733    3.83685    3.93406    4.02887    4.12126    4.21116    4.29853    4.38332    4.46548    4.54497    4.62174    4.69577    4.76699    4.83539    4.90091    4.96354    5.02323    5.07996    5.13370    5.18441    5.23208    5.27668    5.31819    5.35658    5.39184    5.42395    5.45289    5.47866    5.50123    5.52059    5.53675    5.54968    5.55938    5.56586    5.56909    5.56909    5.56586    5.55938    5.54968    5.53675    5.52059    5.50123    5.47866    5.45289    5.42395    5.39184    5.35658    5.31819    5.27668    5.23208    5.18441    5.13370    5.07996    5.02323    4.96354    4.90091    4.83539    4.76699    4.69577    4.62174    4.54497    4.46548    4.38332    4.29853    4.21116    4.12126    4.02887    3.93406    3.83685    3.73733    3.63553    3.53152    3.42536    3.31710    3.20682    3.09457    2.98041    2.86443    2.74668    2.62723    2.50616    2.38353    2.25943    2.13393    2.00709    1.87901    1.74975    1.61941    1.48805    1.35576    1.22262    1.08871    0.95412    0.81894    0.68324    0.54710    0.41063    0.27390    0.13699    0.00000
   0.00000    0.14445    0.28880    0.43298    0.57688    0.72042    0.86350    1.00604    1.14795    1.28914    1.42952    1.56900    1.70750    1.84493    1.98121    2.11625    2.24997    2.38228    2.51312    2.64240    2.77004    2.89596    3.02009    3.14236    3.26269    3.38102    3.49728    3.61139    3.72329    3.83292    3.94022    4.04512    4.14757    4.24750    4.34487    4.43962    4.53170    4.62106    4.70764    4.79141    4.87232    4.95032    5.02537    5.09745    5.16649    5.23248    5.29538    5.35516    5.41178    5.46521    5.51544    5.56243    5.60616    5.64661    5.68376    5.71759    5.74808    5.77522    5.79900    5.81941    5.83643    5.85005    5.86027    5.86709    5.87050    5.87050    5.86709    5.86027    5.85005    5.83643    5.81941    5.79900    5.77522    5.74808    5.71759    5.68376    5.64661    5.60616    5.56243    5.51544    5.46521    5.41178    5.35516    5.29538    5.23248    5.16649    5.09745    5.02537    4.95032    4.87232    4.79141    4.70764    4.62106    4.53170    4.43962    4.34487    4.24750    4.14757    4.04512    3.94022    3.83292    3.72329    3.61139    3.49728    3.38102    3.26269    3.14236    3.02009    2.89596    2.77004    2.64240    2.51312    2.38228    2.24997    2.11625    1.98121    1.84493    1.70750    1.56900    1.42952    1.28914    1.14795    1.00604    0.86350    0.72042    0.57688    0.43298    0.28880    0.14445    0.00000
   0.00000    0.15199    0.30389    0.45560    0.60702    0.75805    0.90861    1.05859    1.20791    1.35647    1.50418    1.65094    1.79666    1.94126    2.08464    2.22672    2.36741    2.50662    2.64427    2.78028    2.91456    3.04703    3.17762    3.30624    3.43283    3.55730    3.67959    3.79962    3.91733    4.03265    4.14550    4.25584    4.36359    4.46870    4.57111    4.67076    4.76759    4.86156    4.95262    5.04071    5.12579    5.20782    5.28674    5.36253    5.43513    5.50452    5.57066    5.63351    5.69304    5.74922    5.80203    5.85144    5.89741    5.93994    5.97900    6.01456    6.04662    6.07516    6.10016    6.12161    6.13950    6.15383    6.16457    6.17174    6.17533    6.17533    6.17174    6.16457    6.15383    6.13950    6.12161    6.10016    6.07516    6.04662    6.01456    5.97900    5.93994    5.89741    5.85144    5.80203    5.74922    5.69304    5.63351    5.57066    5.50452    5.43513    5.36253    5.28674    5.20782    5.12579    5.04071    4.95262    4.86156    4.76759    4.67076    4.57111    4.46870    4.36359    4.25584    4.14550    4.03265    3.91733    3.79962    3.67959    3.55730    3.43283    3.30624    3.17762    3.04703    2.91456    2.78028    2.64427    2.50662    2.36741    2.22672    2.08464    1.94126    1.79666    1.65094    1.50418    1.35647    1.20791    1.05859    0.90861    0.75805    0.60702    0.45560    0.30389    0.15199    0.00000
   0.00000    0.15964    0.31917    0.47850    0.63753    0.79616    0.95429    1.11181    1.26863    1.42465    1.57978    1.73391    1.88695    2.03880    2.18938    2.33859    2.48633    2.63252    2.77706    2.91988    3.06089    3.19999    3.33711    3.47217    3.60508    3.73577    3.86416    3.99019    4.11377    4.23483    4.35331    4.46914    4.58226    4.69260    4.80010    4.90470    5.00635    5.10499    5.20056    5.29303    5.38233    5.46842    5.55125    5.63079    5.70699    5.77981    5.84922    5.91518    5.97765    6.03661    6.09203    6.14387    6.19212    6.23675    6.27773    6.31505    6.34869    6.37863    6.40487    6.42737    6.44615    6.46118    6.47245    6.47998    6.48374    6.48374    6.47998    6.47245    6.46118    6.44615    6.42737    6.40487    6.37863    6.34869    6.31505    6.27773    6.23675    6.19212    6.14387    6.09203    6.03661    5.97765    5.91518    5.84922    5.77981    5.70699    5.63079    5.55125    5.46842    5.38233    5.29303    5.20056    5.10499    5.00635    4.90470    4.80010    4.69260    4.58226    4.46914    4.35331    4.23483    4.11377    3.99019    3.86416    3.73577    3.60508    3.47217    3.33711    3.19999    3.06089    2.91988    2.77706    2.63252    2.48633    2.33859    2.18938    2.03880    1.88695    1.73391    1.57978    1.42465    1.26863    1.11181    0.95429    0.79616    0.63753    0.47850    0.31917    0.15964    0.00000
   0.00000    0.16738    0.33465    0.50171    0.66846    0.83478    1.00057    1.16573    1.33015    1.49374    1.65638    1.81797    1.97842    2.13763    2.29549    2.45191    2.60680    2.76006    2.91159    3.06131    3.20912    3.35493    3.49866    3.64023    3.77955    3.91654    4.05111    4.18320    4.31272    4.43960    4.56377    4.68516    4.80371    4.91934    5.03199    5.14160    5.24812    5.35148    5.45162    5.54851    5.64207    5.73228    5.81906    5.90240    5.98223    6.05852    6.13124    6.20034    6.26578    6.32755    6.38560    6.43991    6.49045    6.53720    6.58013    6.61922    6.65446    6.68582    6.71330    6.73687    6.75654    6.77228    6.78409    6.79197    6.79591    6.79591    6.79197    6.78409    6.77228    6.75654    6.73687    6.71330    6.68582    6.65446    6.61922    6.58013    6.53720    6.49045    6.43991    6.38560    6.32755    6.26578    6.20034    6.13124    6.05852    5.98223    5.90240    5.81906    5.73228    5.64207    5.54851    5.45162    5.35148    5.24812    5.14160    5.03199    4.91934    4.80371    4.68516    4.56377    4.43960    4.31272    4.18320    4.05111    3.91654    3.77955    3.64023    3.49866    3.35493    3.20912    3.06131    2.91159    2.76006    2.60680    2.45191    2.29549    2.13763    1.97842    1.81797    1.65638    1.49374    1.33015    1.16573    1.00057    0.83478    0.66846    0.50171    0.33465    0.16738    0.00000
   0.00000    0.17523    0.35035    0.52524    0.69980    0.87392    1.04749    1.22039    1.39251    1.56376    1.73402    1.90318    2.07114    2.23780    2.40304    2.56678    2.72891    2.88932    3.04793    3.20463    3.35934    3.51196    3.66239    3.81055    3.95635    4.09971    4.24055    4.37877    4.51431    4.64708    4.77701    4.90404    5.02807    5.14906    5.26692    5.38161    5.49305    5.60118    5.70595    5.80730    5.90519    5.99955    6.09033    6.17750    6.26101    6.34081    6.41687    6.48914    6.55760    6.62220    6.68291    6.73972    6.79257    6.84146    6.88636    6.92725    6.96410    6.99690    7.02563    7.05029    7.07085    7.08732    7.09967    7.10791    7.11203    7.11203    7.10791    7.09967    7.08732    7.07085    7.05029    7.02563    6.99690    6.96410    6.92725    6.88636    6.84146    6.79257    6.73972    6.68291    6.62220    6.55760    6.48914    6.41687    6.34081    6.26101    6.17750    6.09033    5.99955    5.90519    5.80730    5.70595    5.60118    5.49305    5.38161    5.26692    5.14906    5.02807    4.90404    4.77701    4.64708    4.51431    4.37877    4.24055    4.09971    3.95635    3.81055    3.66239    3.51196    3.35934    3.20463    3.04793    2.88932    2.72891    2.56678    2.40304    2.23780    2.07114    1.90318    1.73402    1.56376    1.39251    1.22039    1.04749    0.87392    0.69980    0.52524    0.35035    0.17523    0.00000
   0.00000    0.18319    0.36626    0.54910    0.73160    0.91362    1.09507    1.27582    1.45576    1.63477    1.81275    1.98959    2.16516    2.33937    2.51211    2.68326    2.85272    3.02040    3.18618    3.34996    3.51166    3.67116    3.82838    3.98323    4.13560    4.28542    4.43259    4.57703    4.71867    4.85740    4.99317    5.12589    5.25549    5.38190    5.50504    5.62486    5.74128    5.85425    5.96370    6.06958    6.17182    6.27039    6.36522    6.45628    6.54350    6.62685    6.70629    6.78177    6.85327    6.92074    6.98415    7.04347    7.09867    7.14973    7.19661    7.23931    7.27779    7.31205    7.34205    7.36780    7.38927    7.40646    7.41936    7.42797    7.43227    7.43227    7.42797    7.41936    7.40646    7.38927    7.36780    7.34205    7.31205    7.27779    7.23931    7.19661    7.14973    7.09867    7.04347    6.98415    6.92074    6.85327    6.78177    6.70629    6.62685    6.54350    6.45628    6.36522    6.27039    6.17182    6.06958    5.96370    5.85425    5.74128    5.62486    5.50504    5.38190    5.25549    5.12589    4.99317    4.85740    4.71867    4.57703    4.43259    4.28542    4.13560    3.98323    3.82838    3.67116    3.51166    3.34996    3.18618    3.02040    2.85272    2.68326    2.51211    2.33937    2.16516    1.98959    1.81275    1.63477    1.45576    1.27582    1.09507    0.91362    0.73160    0.54910    0.36626    0.18319    0.00000
   0.00000    0.19127    0.38241    0.57331    0.76385    0.95390    1.14334    1.33206    1.51992    1.70682    1.89264    2.07726    2.26056    2.44243    2.62275    2.80143    2.97833    3.15336    3.32642    3.49739    3.66617    3.83266    3.99676    4.15837    4.31741    4.47377    4.62737    4.77811    4.92592    5.07070    5.21238    5.35087    5.48610    5.61800    5.74649    5.87150    5.99297    6.11083    6.22502    6.33548    6.44214    6.54497    6.64390    6.73888    6.82986    6.91680    6.99966    7.07840    7.15297    7.22334    7.28947    7.35134    7.40891    7.46216    7.51106    7.55559    7.59572    7.63144    7.66273    7.68958    7.71198    7.72990    7.74335    7.75233    7.75681    7.75681    7.75233    7.74335    7.72990    7.71198    7.68958    7.66273    7.63144    7.59572    7.55559    7.51106    7.46216    7.40891    7.35134    7.28947    7.22334    7.15297    7.07840    6.99966    6.91680    6.82986    6.73888    6.64390    6.54497    6.44214    6.33548    6.22502    6.11083    5.99297    5.87150    5.74649    5.61800    5.48610    5.35087    5.21238    5.07070    4.92592    4.77811    4.62737    4.47377    4.31741    4.15837    3.99676    3.83266    3.66617    3.49739    3.32642    3.15336    2.97833    2.80143    2.62275    2.44243    2.26056    2.07726    1.89264    1.70682    1.51992    1.33206    1.14334    0.95390    0.76385    0.57331    0.38241    0.19127    0.00000
   0.00000    0.19947    0.39881    0.59789    0.79659    0.99479    1.19235    1.38914    1.58506    1.77996    1.97373    2.16624    2.35738    2.54702    2.73506    2.92136    3.10581    3.28831    3.46874    3.64700    3.82296    3.99654    4.16762    4.33610    4.50189    4.66489    4.82500    4.98213    5.13619    5.28710    5.43477    5.57911    5.72005    5.85751    5.99142    6.12169    6.24827    6.37109    6.49007    6.60517    6.71631    6.82345    6.92652    7.02547    7.12027    7.21084    7.29717    7.37919    7.45687    7.53017    7.59907    7.66351    7.72348    7.77895    7.82988    7.87626    7.91806    7.95527    7.98786    8.01582    8.03915    8.05782    8.07183    8.08117    8.08585    8.08585    8.08117    8.07183    8.05782    8.03915    8.01582    7.98786    7.95527    7.91806    7.87626    7.82988    7.77895    7.72348    7.66351    7.59907    7.53017    7.45687    7.37919    7.29717    7.21084    7.12027    7.02547    6.92652    6.82345    6.71631    6.60517    6.49007    6.37109    6.24827    6.12169    5.99142    5.85751    5.72005    5.57911    5.43477    5.28710    5.13619    4.98213    4.82500    4.66489    4.50189    4.33610    4.16762    3.99654    3.82296    3.64700    3.46874    3.28831    3.10581    2.92136    2.73506    2.54702    2.35738    2.16624    1.97373    1.77996    1.58506    1.38914    1.19235    0.99479    0.79659    0.59789    0.39881    0.19947    0.00000
   0.00000    0.20779    0.41546    0.62285    0.82985    1.03631    1.24211    1.44712    1.65120    1.85423    2.05607    2.25660    2.45570    2.65324    2.84909    3.04313    3.23526    3.42533    3.61325    3.79890    3.98215    4.16292    4.34108    4.51653    4.68917    4.85889    5.02561    5.18922    5.34963    5.50674    5.66048    5.81076    5.95748    6.10058    6.23997    6.37558    6.50734    6.63518    6.75902    6.87881    6.99449    7.10599    7.21326    7.31624    7.41488    7.50914    7.59897    7.68432    7.76515    7.84142    7.91311    7.98016    8.04256    8.10026    8.15326    8.20151    8.24500    8.28371    8.31762    8.34671    8.37097    8.39040    8.40497    8.41470    8.41956    8.41956    8.41470    8.40497    8.39040    8.37097    8.34671    8.31762    8.28371    8.24500    8.20151    8.15326    8.10026    8.04256    7.98016    7.91311    7.84142    7.76515    7.68432    7.59897    7.50914    7.41488    7.31624    7.21326    7.10599    6.99449    6.87881    6.75902    6.63518    6.50734    6.37558    6.23997    6.10058    5.95748    5.81076    5.66048    5.50674    5.34963    5.18922    5.02561    4.85889    4.68917    4.51653    4.34108    4.16292    3.98215    3.79890    3.61325    3.42533    3.23526    3.04313    2.84909    2.65324    2.45570    2.25660    2.05607    1.85423    1.65120    1.44712    1.24211    1.03631    0.82985    0.62285    0.41546    0.20779    0.00000
   0.00000    0.21625    0.43237    0.64821    0.86363    1.07850    1.29267    1.50602    1.71840    1.92968    2.13972    2.34840    2.55558    2.76113    2.96493    3.16684    3.36674    3.56451    3.76003    3.95318    4.14384    4.33190    4.51725    4.69977    4.87936    5.05591    5.22933    5.39951    5.56635    5.72977    5.88966    6.04595    6.19854    6.34736    6.49231    6.63333    6.77034    6.90326    7.03203    7.15658    7.27685    7.39277    7.50429    7.61135    7.71389    7.81188    7.90525    7.99397    8.07799    8.15727    8.23178    8.30147    8.36632    8.42630    8.48138    8.53152    8.57672    8.61695    8.65219    8.68243    8.70764    8.72783    8.74298    8.75308    8.75813    8.75813    8.75308    8.74298    8.72783    8.70764    8.68243    8.65219    8.61695    8.57672    8.53152    8.48138    8.42630    8.36632    8.30147    8.23178    8.15727    8.07799    7.99397    7.90525    7.81188    7.71389    7.61135    7.50429    7.39277    7.27685    7.15658    7.03203    6.90326    6.77034    6.63333    6.49231    6.34736    6.19854    6.04595    5.88966    5.72977    5.56635    5.39951    5.22933    5.05591    4.87936    4.69977    4.51725    4.33190    4.14384    3.95318    3.76003    3.56451    3.36674    3.16684    2.96493    2.76113    2.55558    2.34840    2.13972    1.92968    1.71840    1.50602    1.29267    1.07850    0.86363    0.64821    0.43237    0.21625    0.00000
   0.00000    0.22485    0.44956    0.67398    0.89797    1.12138    1.34406    1.56588    1.78670    2.00636    2.22474    2.44170    2.65709    2.87079    3.08265    3.29255    3.50036    3.70595    3.90919    4.10996    4.30813    4.50360    4.69624    4.88594    5.07259    5.25607    5.43629    5.61313    5.78651    5.95631    6.12246    6.28484    6.44338    6.59799    6.74859    6.89509    7.03741    7.17549    7.30926    7.43863    7.56355    7.68395    7.79977    7.91096    8.01747    8.11922    8.21619    8.30832    8.39557    8.47790    8.55526    8.62763    8.69497    8.75724    8.81443    8.86649    8.91342    8.95519    8.99177    9.02316    9.04934    9.07030    9.08603    9.09652    9.10176    9.10176    9.09652    9.08603    9.07030    9.04934    9.02316    8.99177    8.95519    8.91342    8.86649    8.81443    8.75724    8.69497    8.62763    8.55526    8.47790    8.39557    8.30832    8.21619    8.11922    8.01747    7.91096    7.79977    7.68395    7.56355    7.43863    7.30926    7.17549    7.03741    6.89509    6.74859    6.59799    6.44338    6.28484    6.12246    5.95631    5.78651    5.61313    5.43629    5.25607    5.07259    4.88594    4.69624    4.50360    4.30813    4.10996    3.90919    3.70595    3.50036    3.29255    3.08265    2.87079    2.65709    2.44170    2.22474    2.00636    1.78670    1.56588    1.34406    1.12138    0.89797    0.67398    0.44956    0.22485    0.00000
   0.00000    0.23360    0.46705    0.70019    0.93289    1.16498    1.39632    1.62675    1.85614    2.08434    2.31119    2.53656    2.76030    2.98227    3.20234    3.42036    3.63620    3.84973    4.06081    4.26932    4.47514    4.67813    4.87818    5.07516    5.26898    5.45950    5.64662    5.83023    6.01024    6.18653    6.35901    6.52758    6.69216    6.85265    7.00896    7.16102    7.30874    7.45205    7.59087    7.72513    7.85477    7.97971    8.09990    8.21528    8.32578    8.43136    8.53197    8.62756    8.71808    8.80349    8.88375    8.95882    9.02867    9.09328    9.15259    9.20660    9.25528    9.29861    9.33656    9.36911    9.39627    9.41801    9.43432    9.44520    9.45064    9.45064    9.44520    9.43432    9.41801    9.39627    9.36911    9.33656    9.29861    9.25528    9.20660    9.15259    9.09328    9.02867    8.95882    8.88375    8.80349    8.71808    8.62756    8.53197    8.43136    8.32578    8.21528    8.09990    7.97971    7.85477    7.72513    7.59087    7.45205    7.30874    7.16102    7.00896    6.85265    6.69216    6.52758    6.35901    6.18653    6.01024    5.83023    5.64662    5.45950    5.26898    5.07516    4.87818    4.67813    4.47514    4.26932    4.06081    3.84973    3.63620    3.42036    3.20234    2.98227    2.76030    2.53656    2.31119    2.08434    1.85614    1.62675    1.39632    1.16498    0.93289    0.70019    0.46705    0.23360    0.00000
   0.00000    0.24249    0.48483    0.72686    0.96841    1.20933    1.44947    1.68868    1.92679    2.16365    2.39912    2.63305    2.86528    3.09567    3.32407    3.55035    3.77435    3.99595    4.21501    4.43139    4.64496    4.85560    5.06318    5.26757    5.46866    5.66632    5.86046    6.05094    6.23768    6.42055    6.59946    6.77432    6.94502    7.11148    7.27359    7.43129    7.58449    7.73310    7.87705    8.01627    8.15069    8.28023    8.40484    8.52446    8.63902    8.74848    8.85278    8.95186    9.04570    9.13423    9.21742    9.29524    9.36764    9.43459    9.49607    9.55205    9.60250    9.64740    9.68673    9.72047    9.74861    9.77114    9.78805    9.79932    9.80496    9.80496    9.79932    9.78805    9.77114    9.74861    9.72047    9.68673    9.64740    9.60250    9.55205    9.49607    9.43459    9.36764    9.29524    9.21742    9.13423    9.04570    8.95186    8.85278    8.74848    8.63902    8.52446    8.40484    8.28023    8.15069    8.01627    7.87705    7.73310    7.58449    7.43129    7.27359    7.11148    6.94502    6.77432    6.59946    6.42055    6.23768    6.05094    5.86046    5.66632    5.46866    5.26757    5.06318    4.85560    4.64496    4.43139    4.21501    3.99595    3.77435    3.55035    3.32407    3.09567    2.86528    2.63305    2.39912    2.16365    1.92679    1.68868    1.44947    1.20933    0.96841    0.72686    0.48483    0.24249    0.00000
   0.00000    0.25155    0.50293    0.75399    1.00456    1.25447    1.50357    1.75169    1.99867    2.24436    2.48860    2.73123    2.97210    3.21105    3.44793    3.68260    3.91491    4.14472    4.37189    4.59627    4.81773    5.03614    5.25136    5.46328    5.67176    5.87669    6.07794    6.27541    6.46898    6.65854    6.84398    7.02521    7.20213    7.37464    7.54265    7.70607    7.86482    8.01881    8.16796    8.31221    8.45147    8.58569    8.71478    8.83870    8.95738    9.07076    9.17879    9.28143    9.37862    9.47031    9.55647    9.63707    9.71205    9.78139    9.84506    9.90303    9.95527   10.00177   10.04249   10.07744   10.10658   10.12990   10.14741   10.15908   10.16492   10.16492   10.15908   10.14741   10.12990   10.10658   10.07744   10.04249   10.00177    9.95527    9.90303    9.84506    9.78139    9.71205    9.63707    9.55647    9.47031    9.37862    9.28143    9.17879    9.07076    8.95738    8.83870    8.71478    8.58569    8.45147    8.31221    8.16796    8.01881    7.86482    7.70607    7.54265    7.37464    7.20213    7.02521    6.84398    6.65854    6.46898    6.27541    6.07794    5.87669    5.67176    5.46328    5.25136    5.03614    4.81773    4.59627    4.37189    4.14472    3.91491    3.68260    3.44793    3.21105    2.97210    2.73123    2.48860    2.24436    1.99867    1.75169    1.50357    1.25447    1.00456    0.75399    0.50293    0.25155    0.00000
   0.00000    0.26077    0.52136    0.78161    1.04136    1.30042    1.55864    1.81584    2.07186    2.32653    2.57969    2.83118    3.08083    3.32849    3.57401    3.81722    4.05798    4.29614    4.53155    4.76406    4.99354    5.21985    5.44286    5.66242    5.87842    6.09073    6.29922    6.50378    6.70429    6.90064    7.09272    7.28042    7.46365    7.64231    7.81630    7.98553    8.14991    8.30935    8.46379    8.61313    8.75732    8.89626    9.02990    9.15818    9.28103    9.39839    9.51021    9.61644    9.71703    9.81193    9.90110    9.98451   10.06210   10.13386   10.19975   10.25973   10.31379   10.36191   10.40405   10.44020   10.47035   10.49449   10.51260   10.52468   10.53072   10.53072   10.52468   10.51260   10.49449   10.47035   10.44020   10.40405   10.36191   10.31379   10.25973   10.19975   10.13386   10.06210    9.98451    9.90110    9.81193    9.71703    9.61644    9.51021    9.39839    9.28103    9.15818    9.02990    8.89626    8.75732    8.61313    8.46379    8.30935    8.14991    7.98553    7.81630    7.64231    7.46365    7.28042    7.09272    6.90064    6.70429    6.50378    6.29922    6.09073    5.87842    5.66242    5.44286    5.21985    4.99354    4.76406    4.53155    4.29614    4.05798    3.81722    3.57401    3.32849    3.08083    2.83118    2.57969    2.32653    2.07186    1.81584    1.55864    1.30042    1.04136    0.78161    0.52136    0.26077    0.00000
   0.00000    0.27015    0.54013    0.80975    1.07884    1.34722    1.61473    1.88117    2.14639    2.41021    2.67245    2.93296    3.19156    3.44809    3.70239    3.95429    4.20365    4.45030    4.69410    4.93489    5.17253    5.40688    5.63779    5.86514    6.08878    6.30858    6.52443    6.73620    6.94376    7.14701    7.34583    7.54011    7.72975    7.91465    8.09471    8.26983    8.43993    8.60491    8.76471    8.91923    9.06839    9.21214    9.35040    9.48309    9.61017    9.73156    9.84723    9.95710   10.06113   10.15928   10.25150   10.33776   10.41800   10.49221   10.56034   10.62237   10.67827   10.72802   10.77159   10.80897   10.84015   10.86511   10.88383   10.89632   10.90257   10.90257   10.89632   10.88383   10.86511   10.84015   10.80897   10.77159   10.72802   10.67827   10.62237   10.56034   10.49221   10.41800   10.33776   10.25150   10.15928   10.06113    9.95710    9.84723    9.73156    9.61017    9.48309    9.35040    9.21214    9.06839    8.91923    8.76471    8.60491    8.43993    8.26983    8.09471    7.91465    7.72975    7.54011    7.34583    7.14701    6.94376    6.73620    6.52443    6.30858    6.08878    5.86514    5.63779    5.40688    5.17253    4.93489    4.69410    4.45030    4.20365    3.95429    3.70239    3.44809    3.19156    2.93296    2.67245    2.41021    2.14639    1.88117    1.61473    1.34722    1.07884    0.80975    0.54013    0.27015    0.00000
   0.00000    0.27972    0.55925    0.83842    1.11703    1.39491    1.67187    1.94773    2.22232    2.49545    2.76695    3.03664    3.30436    3.56992    3.83316    4.09392    4.35203    4.60733    4.85966    5.10888    5.35482    5.59734    5.83630    6.07156    6.30297    6.53040    6.75373    6.97282    7.18756    7.39781    7.60348    7.80444    8.00060    8.19183    8.37805    8.55916    8.73506    8.90567    9.07090    9.23067    9.38490    9.53352    9.67645    9.81363    9.94499   10.07048   10.19003   10.30360   10.41112   10.51257   10.60788   10.69702   10.77995   10.85663   10.92704   10.99113   11.04890   11.10030   11.14533   11.18396   11.21617   11.24196   11.26131   11.27421   11.28066   11.28066   11.27421   11.26131   11.24196   11.21617   11.18396   11.14533   11.10030   11.04890   10.99113   10.92704   10.85663   10.77995   10.69702   10.60788   10.51257   10.41112   10.30360   10.19003   10.07048    9.94499    9.81363    9.67645    9.53352    9.38490    9.23067    9.07090    8.90567    8.73506    8.55916    8.37805    8.19183    8.00060    7.80444    7.60348    7.39781    7.18756    6.97282    6.75373    6.53040    6.30297    6.07156    5.83630    5.59734    5.35482    5.10888    4.85966    4.60733    4.35203    4.09392    3.83316    3.56992    3.30436    3.03664    2.76695    2.49545    2.22232    1.94773    1.67187    1.39491    1.11703    0.83842    0.55925    0.27972    0.00000
   0.00000    0.28947    0.57874    0.86763    1.15595    1.44351    1.73011    2.01558    2.29971    2.58233    2.86326    3.14231    3.41931    3.69407    3.96642    4.23619    4.50321    4.76732    5.02834    5.28613    5.54052    5.79137    6.03852    6.28182    6.52113    6.75633    6.98726    7.21380    7.43583    7.65321    7.86584    8.07359    8.27636    8.47403    8.66651    8.85370    9.03550    9.21181    9.38256    9.54766    9.70702    9.86058   10.00825   10.14998   10.28569   10.41533   10.53883   10.65614   10.76720   10.87198   10.97042   11.06249   11.14814   11.22733   11.30004   11.36624   11.42589   11.47897   11.52547   11.56536   11.59862   11.62525   11.64523   11.65855   11.66521   11.66521   11.65855   11.64523   11.62525   11.59862   11.56536   11.52547   11.47897   11.42589   11.36624   11.30004   11.22733   11.14814   11.06249   10.97042   10.87198   10.76720   10.65614   10.53883   10.41533   10.28569   10.14998   10.00825    9.86058    9.70702    9.54766    9.38256    9.21181    9.03550    8.85370    8.66651    8.47403    8.27636    8.07359    7.86584    7.65321    7.43583    7.21380    6.98726    6.75633    6.52113    6.28182    6.03852    5.79137    5.54052    5.28613    5.02834    4.76732    4.50321    4.23619    3.96642    3.69407    3.41931    3.14231    2.86326    2.58233    2.29971    2.01558    1.73011    1.44351    1.15595    0.86763    0.57874    0.28947    0.00000
   0.00000    0.29941    0.59861    0.89743    1.19564    1.49306    1.78950    2.08474    2.37861    2.67091    2.96145    3.25004    3.53649    3.82062    4.10226    4.38121    4.65731    4.93039    5.20027    5.46678    5.72978    5.98910    6.24458    6.49607    6.74343    6.98651    7.22518    7.45930    7.68874    7.91337    8.13307    8.34772    8.55721    8.76143    8.96027    9.15363    9.34141    9.52352    9.69987    9.87038   10.03495   10.19352   10.34601   10.49235   10.63247   10.76631   10.89381   11.01492   11.12958   11.23774   11.33935   11.43438   11.52278   11.60452   11.67957   11.74789   11.80945   11.86423   11.91222   11.95338   11.98771   12.01519   12.03580   12.04955   12.05643   12.05643   12.04955   12.03580   12.01519   11.98771   11.95338   11.91222   11.86423   11.80945   11.74789   11.67957   11.60452   11.52278   11.43438   11.33935   11.23774   11.12958   11.01492   10.89381   10.76631   10.63247   10.49235   10.34601   10.19352   10.03495    9.87038    9.69987    9.52352    9.34141    9.15363    8.96027    8.76143    8.55721    8.34772    8.13307    7.91337    7.68874    7.45930    7.22518    6.98651    6.74343    6.49607    6.24458    5.98910    5.72978    5.46678    5.20027    4.93039    4.65731    4.38121    4.10226    3.82062    3.53649    3.25004    2.96145    2.67091    2.37861    2.08474    1.78950    1.49306    1.19564    0.89743    0.59861    0.29941    0.00000
   0.00000    0.30955    0.61889    0.92781    1.23612    1.54361    1.85006    2.15529    2.45909    2.76125    3.06159    3.35990    3.65600    3.94968    4.24078    4.52909    4.81444    5.09665    5.37555    5.65096    5.92272    6.19066    6.45462    6.71446    6.97000    7.22112    7.46766    7.70948    7.94646    8.17846    8.40535    8.62702    8.84334    9.05421    9.25951    9.45914    9.65300    9.84100   10.02303   10.19903   10.36889   10.53255   10.68992   10.84094   10.98553   11.12364   11.25520   11.38016   11.49845   11.61004   11.71487   11.81290   11.90410   11.98842   12.06583   12.13629   12.19979   12.25630   12.30579   12.34825   12.38365   12.41199   12.43326   12.44744   12.45453   12.45453   12.44744   12.43326   12.41199   12.38365   12.34825   12.30579   12.25630   12.19979   12.13629   12.06583   11.98842   11.90410   11.81290   11.71487   11.61004   11.49845   11.38016   11.25520   11.12364   10.98553   10.84094   10.68992   10.53255   10.36889   10.19903   10.02303    9.84100    9.65300    9.45914    9.25951    9.05421    8.84334    8.62702    8.40535    8.17846    7.94646    7.70948    7.46766    7.22112    6.97000    6.71446    6.45462    6.19066    5.92272    5.65096    5.37555    5.09665    4.81444    4.52909    4.24078    3.94968    3.65600    3.35990    3.06159    2.76125    2.45909    2.15529    1.85006    1.54361    1.23612    0.92781    0.61889    0.30955    0.00000
   0.00000    0.31989    0.63957    0.95882    1.27743    1.59518    1.91186    2.22727    2.54119    2.85342    3.16375    3.47198    3.77791    4.08134    4.38208    4.67993    4.97471    5.26623    5.55432    5.83879    6.11948    6.39620    6.66881    6.93713    7.20101    7.46030    7.71485    7.96452    8.20916    8.44866    8.68286    8.91166    9.13493    9.35255    9.56442    9.77042    9.97046   10.16443   10.35224   10.53381   10.70904   10.87786   11.04019   11.19596   11.34509   11.48752   11.62320   11.75205   11.87404   11.98910   12.09719   12.19827   12.29229   12.37922   12.45902   12.53167   12.59713   12.65538   12.70640   12.75017   12.78666   12.81587   12.83779   12.85241   12.85972   12.85972   12.85241   12.83779   12.81587   12.78666   12.75017   12.70640   12.65538   12.59713   12.53167   12.45902   12.37922   12.29229   12.19827   12.09719   11.98910   11.87404   11.75205   11.62320   11.48752   11.34509   11.19596   11.04019   10.87786   10.70904   10.53381   10.35224   10.16443    9.97046    9.77042    9.56442    9.35255    9.13493    8.91166    8.68286    8.44866    8.20916    7.96452    7.71485    7.46030    7.20101    6.93713    6.66881    6.39620    6.11948    5.83879    5.55432    5.26623    4.97471    4.67993    4.38208    4.08134    3.77791    3.47198    3.16375    2.85342    2.54119    2.22727    1.91186    1.59518    1.27743    0.95882    0.63957    0.31989    0.00000
   0.00000    0.33045    0.66068    0.99047    1.31959    1.64782    1.97494    2.30074    2.62499    2.94749    3.26801    3.58636    3.90232    4.21569    4.52626    4.83384    5.13824    5.43926    5.73671    6.03041    6.32019    6.60587    6.88727    7.16424    7.43661    7.70422    7.96693    8.22457    8.47703    8.72414    8.96579    9.20184    9.43217    9.65666    9.87520   10.08767   10.29398   10.49402   10.68770   10.87493   11.05561   11.22967   11.39703   11.55761   11.71134   11.85816   11.99801   12.13082   12.25655   12.37513   12.48653   12.59069   12.68758   12.77715   12.85939   12.93424   13.00169   13.06170   13.11427   13.15936   13.19696   13.22705   13.24964   13.26469   13.27223   13.27223   13.26469   13.24964   13.22705   13.19696   13.15936   13.11427   13.06170   13.00169   12.93424   12.85939   12.77715   12.68758   12.59069   12.48653   12.37513   12.25655   12.13082   11.99801   11.85816   11.71134   11.55761   11.39703   11.22967   11.05561   10.87493   10.68770   10.49402   10.29398   10.08767    9.87520    9.65666    9.43217    9.20184    8.96579    8.72414    8.47703    8.22457    7.96693    7.70422    7.43661    7.16424    6.88727    6.60587    6.32019    6.03041    5.73671    5.43926    5.13824    4.83384    4.52626    4.21569    3.90232    3.58636    3.26801    2.94749    2.62499    2.30074    1.97494    1.64782    1.31959    0.99047    0.66068    0.33045    0.00000
   0.00000    0.34124    0.68224    1.02278    1.36263    1.70156    2.03934    2.37575    2.71055    3.04353    3.37446    3.70313    4.02933    4.35283    4.67344    4.99095    5.30515    5.61584    5.92285    6.22596    6.52501    6.81981    7.11018    7.39596    7.67697    7.95305    8.22406    8.48983    8.75022    9.00510    9.25431    9.49774    9.73525    9.96672   10.19204   10.41110   10.62378   10.82998   11.02962   11.22259   11.40880   11.58818   11.76064   11.92611   12.08451   12.23579   12.37986   12.51669   12.64620   12.76835   12.88310   12.99039   13.09018   13.18244   13.26713   13.34422   13.41368   13.47548   13.52961   13.57604   13.61476   13.64575   13.66900   13.68451   13.69227   13.69227   13.68451   13.66900   13.64575   13.61476   13.57604   13.52961   13.47548   13.41368   13.34422   13.26713   13.18244   13.09018   12.99039   12.88310   12.76835   12.64620   12.51669   12.37986   12.23579   12.08451   11.92611   11.76064   11.58818   11.40880   11.22259   11.02962   10.82998   10.62378   10.41110   10.19204    9.96672    9.73525    9.49774    9.25431    9.00510    8.75022    8.48983    8.22406    7.95305    7.67697    7.39596    7.11018    6.81981    6.52501    6.22596    5.92285    5.61584    5.30515    4.99095    4.67344    4.35283    4.02933    3.70313    3.37446    3.04353    2.71055    2.37575    2.03934    1.70156    1.36263    1.02278    0.68224    0.34124    0.00000
   0.00000    0.35225    0.70426    1.05579    1.40660    1.75646    2.10512    2.45236    2.79793    3.14161    3.48317    3.82238    4.15902    4.49288    4.82372    5.15135    5.47556    5.79613    6.11287    6.42558    6.73408    7.03818    7.33769    7.63243    7.92225    8.20697    8.48643    8.76047    9.02895    9.29171    9.54862    9.79955   10.04437   10.28294   10.51515   10.74089   10.96005   11.17252   11.37820   11.57701   11.76884   11.95361   12.13125   12.30168   12.46482   12.62061   12.76897   12.90986   13.04322   13.16899   13.28713   13.39758   13.50032   13.59529   13.68247   13.76183   13.83332   13.89694   13.95265   14.00044   14.04029   14.07219   14.09612   14.11208   14.12006   14.12006   14.11208   14.09612   14.07219   14.04029   14.00044   13.95265   13.89694   13.83332   13.76183   13.68247   13.59529   13.50032   13.39758   13.28713   13.16899   13.04322   12.90986   12.76897   12.62061   12.46482   12.30168   12.13125   11.95361   11.76884   11.57701   11.37820   11.17252   10.96005   10.74089   10.51515   10.28294   10.04437    9.79955    9.54862    9.29171    9.02895    8.76047    8.48643    8.20697    7.92225    7.63243    7.33769    7.03818    6.73408    6.42558    6.11287    5.79613    5.47556    5.15135    4.82372    4.49288    4.15902    3.82238    3.48317    3.14161    2.79793    2.45236    2.10512    1.75646    1.40660    1.05579    0.70426    0.35225    0.00000
   0.00000    0.36350    0.72676    1.08952    1.45153    1.81255    2.17233    2.53063    2.88720    3.24181    3.59422    3.94420    4.29151    4.63593    4.97723    5.31519    5.64960    5.98024    6.30692    6.62942    6.94756    7.26113    7.56995    7.87385    8.17264    8.46615    8.75421    9.03667    9.31338    9.58418    9.84893   10.10749   10.35973   10.60552   10.84474   11.07727   11.30301   11.52184   11.73367   11.93840   12.13593   12.32619   12.50908   12.68454   12.85248   13.01285   13.16556   13.31058   13.44783   13.57727   13.69884   13.81251   13.91822   14.01595   14.10565   14.18729   14.26085   14.32630   14.38362   14.43279   14.47378   14.50660   14.53122   14.54764   14.55585   14.55585   14.54764   14.53122   14.50660   14.47378   14.43279   14.38362   14.32630   14.26085   14.18729   14.10565   14.01595   13.91822   13.81251   13.69884   13.57727   13.44783   13.31058   13.16556   13.01285   12.85248   12.68454   12.50908   12.32619   12.13593   11.93840   11.73367   11.52184   11.30301   11.07727   10.84474   10.60552   10.35973   10.10749    9.84893    9.58418    9.31338    9.03667    8.75421    8.46615    8.17264    7.87385    7.56995    7.26113    6.94756    6.62942    6.30692    5.98024    5.64960    5.31519    4.97723    4.63593    4.29151    3.94420    3.59422    3.24181    2.88720    2.53063    2.17233    1.81255    1.45153    1.08952    0.72676    0.36350    0.00000
   0.00000    0.37501    0.74976    1.12399    1.49745    1.86988    2.24102    2.61063    2.97844    3.34422    3.70772    4.06869    4.42689    4.78209    5.13406    5.48258    5.82741    6.16833    6.50515    6.83763    7.16560    7.48883    7.80716    8.12037    8.42830    8.73077    9.02760    9.31864    9.60372    9.88270   10.15542   10.42174   10.68154   10.93467   11.18101   11.42045   11.65288   11.87817   12.09624   12.30698   12.51031   12.70612   12.89435   13.07491   13.24773   13.41273   13.56986   13.71906   13.86026   13.99341   14.11847   14.23538   14.34412   14.44463   14.53688   14.62085   14.69650   14.76381   14.82275   14.87330   14.91546   14.94920   14.97452   14.99140   14.99984   14.99984   14.99140   14.97452   14.94920   14.91546   14.87330   14.82275   14.76381   14.69650   14.62085   14.53688   14.44463   14.34412   14.23538   14.11847   13.99341   13.86026   13.71906   13.56986   13.41273   13.24773   13.07491   12.89435   12.70612   12.51031   12.30698   12.09624   11.87817   11.65288   11.42045   11.18101   10.93467   10.68154   10.42174   10.15542    9.88270    9.60372    9.31864    9.02760    8.73077    8.42830    8.12037    7.80716    7.48883    7.16560    6.83763    6.50515    6.16833    5.82741    5.48258    5.13406    4.78209    4.42689    4.06869    3.70772    3.34422    2.97844    2.61063    2.24102    1.86988    1.49745    1.12399    0.74976    0.37501    0.00000
   0.00000    0.38677    0.77327    1.15924    1.54440    1.92849    2.31125    2.69241    3.07172    3.44891    3.82374    4.19594    4.56527    4.93150    5.29437    5.65365    6.00911    6.36054    6.70770    7.05037    7.38836    7.72146    8.04946    8.37218    8.68943    9.00102    9.30679    9.60656    9.90018   10.18748   10.46831   10.74254   11.01001   11.27061   11.52420   11.77066   12.00987   12.24174   12.46614   12.68299   12.89219   13.09365   13.28729   13.47303   13.65079   13.82050   13.98210   14.13553   14.28073   14.41765   14.54624   14.66645   14.77824   14.88157   14.97641   15.06273   15.14049   15.20967   15.27026   15.32223   15.36556   15.40024   15.42626   15.44361   15.45228   15.45228   15.44361   15.42626   15.40024   15.36556   15.32223   15.27026   15.20967   15.14049   15.06273   14.97641   14.88157   14.77824   14.66645   14.54624   14.41765   14.28073   14.13553   13.98210   13.82050   13.65079   13.47303   13.28729   13.09365   12.89219   12.68299   12.46614   12.24174   12.00987   11.77066   11.52420   11.27061   11.01001   10.74254   10.46831   10.18748    9.90018    9.60656    9.30679    9.00102    8.68943    8.37218    8.04946    7.72146    7.38836    7.05037    6.70770    6.36054    6.00911    5.65365    5.29437    4.93150    4.56527    4.19594    3.82374    3.44891    3.07172    2.69241    2.31125    1.92849    1.54440    1.15924    0.77327    0.38677    0.00000
   0.00000    0.39880    0.79732    1.19529    1.59242    1.98844    2.38308    2.77606    3.16711    3.55597    3.94238    4.32606    4.70677    5.08425    5.45826    5.82854    6.19487    6.55701    6.91473    7.26780    7.61602    7.95918    8.29706    8.62947    8.95621    9.27711    9.59198    9.90065   10.20295   10.49872   10.78781   11.07008   11.34537   11.61356   11.87451   12.12811   12.37423   12.61276   12.84360   13.06666   13.28182   13.48901   13.68814   13.87912   14.06189   14.23638   14.40252   14.56024   14.70950   14.85023   14.98239   15.10593   15.22082   15.32701   15.42446   15.51316   15.59306   15.66415   15.72640   15.77979   15.82431   15.85994   15.88667   15.90449   15.91341   15.91341   15.90449   15.88667   15.85994   15.82431   15.77979   15.72640   15.66415   15.59306   15.51316   15.42446   15.32701   15.22082   15.10593   14.98239   14.85023   14.70950   14.56024   14.40252   14.23638   14.06189   13.87912   13.68814   13.48901   13.28182   13.06666   12.84360   12.61276   12.37423   12.12811   11.87451   11.61356   11.34537   11.07008   10.78781   10.49872   10.20295    9.90065    9.59198    9.27711    8.95621    8.62947    8.29706    7.95918    7.61602    7.26780    6.91473    6.55701    6.19487    5.82854    5.45826    5.08425    4.70677    4.32606    3.94238    3.55597    3.16711    2.77606    2.38308    1.98844    1.59242    1.19529    0.79732    0.39880    0.00000
   0.00000    0.41111    0.82193    1.23217    1.64155    2.04977    2.45656    2.86163    3.26470    3.66549    4.06373    4.45916    4.85149    5.24048    5.62586    6.00739    6.38482    6.75790    7.12640    7.49009    7.84875    8.20217    8.55012    8.89241    9.22884    9.55922    9.88337   10.20110   10.51225   10.81665   11.11415   11.40459   11.68784   11.96374   12.23218   12.49303   12.74617   12.99148   13.22886   13.45821   13.67943   13.89243   14.09712   14.29344   14.48129   14.66062   14.83135   14.99342   15.14678   15.29138   15.42716   15.55408   15.67210   15.78118   15.88128   15.97238   16.05445   16.12746   16.19139   16.24623   16.29195   16.32854   16.35599   16.37429   16.38345   16.38345   16.37429   16.35599   16.32854   16.29195   16.24623   16.19139   16.12746   16.05445   15.97238   15.88128   15.78118   15.67210   15.55408   15.42716   15.29138   15.14678   14.99342   14.83135   14.66062   14.48129   14.29344   14.09712   13.89243   13.67943   13.45821   13.22886   12.99148   12.74617   12.49303   12.23218   11.96374   11.68784   11.40459   11.11415   10.81665   10.51225   10.20110    9.88337    9.55922    9.22884    8.89241    8.55012    8.20217    7.84875    7.49009    7.12640    6.75790    6.38482    6.00739    5.62586    5.24048    4.85149    4.45916    4.06373    3.66549    3.26470    2.86163    2.45656    2.04977    1.64155    1.23217    0.82193    0.41111    0.00000
   0.00000    0.42371    0.84712    1.26992    1.69183    2.11254    2.53177    2.94920    3.36456    3.77756    4.18791    4.59534    4.99957    5.40032    5.79733    6.19035    6.57911    6.96337    7.34288    7.71742    8.08674    8.45062    8.80885    9.16122    9.50753    9.84758   10.18117   10.50814   10.82830   11.14149   11.44754   11.74631   12.03764   12.32140   12.59745   12.86567   13.12594   13.37813   13.62215   13.85789   14.08526   14.30415   14.51450   14.71621   14.90922   15.09345   15.26884   15.43532   15.59284   15.74135   15.88079   16.01113   16.13232   16.24433   16.34711   16.44065   16.52491   16.59986   16.66549   16.72179   16.76872   16.80628   16.83446   16.85325   16.86265   16.86265   16.85325   16.83446   16.80628   16.76872   16.72179   16.66549   16.59986   16.52491   16.44065   16.34711   16.24433   16.13232   16.01113   15.88079   15.74135   15.59284   15.43532   15.26884   15.09345   14.90922   14.71621   14.51450   14.30415   14.08526   13.85789   13.62215   13.37813   13.12594   12.86567   12.59745   12.32140   12.03764   11.74631   11.44754   11.14149   10.82830   10.50814   10.18117    9.84758    9.50753    9.16122    8.80885    8.45062    8.08674    7.71742    7.34288    6.96337    6.57911    6.19035    5.79733    5.40032    4.99957    4.59534    4.18791    3.77756    3.36456    2.94920    2.53177    2.11254    1.69183    1.26992    0.84712    0.42371    0.00000
   0.00000    0.43661    0.87290    1.30857    1.74331    2.17681    2.60876    3.03885    3.46679    3.89228    4.31502    4.73473    5.15111    5.56389    5.97280    6.37756    6.77791    7.17359    7.56435    7.94995    8.33015    8.70473    9.07345    9.43610    9.79248   10.14238   10.48561   10.82199   11.15133   11.47346   11.78822   12.09546   12.39502   12.68677   12.97056   13.24627   13.51378   13.77296   14.02372   14.26595   14.49955   14.72443   14.94051   15.14770   15.34593   15.53513   15.71523   15.88618   16.04791   16.20038   16.34354   16.47734   16.60173   16.71670   16.82220   16.91819   17.00467   17.08159   17.14894   17.20670   17.25486   17.29341   17.32232   17.34160   17.35125   17.35125   17.34160   17.32232   17.29341   17.25486   17.20670   17.14894   17.08159   17.00467   16.91819   16.82220   16.71670   16.60173   16.47734   16.34354   16.20038   16.04791   15.88618   15.71523   15.53513   15.34593   15.14770   14.94051   14.72443   14.49955   14.26595   14.02372   13.77296   13.51378   13.24627   12.97056   12.68677   12.39502   12.09546   11.78822   11.47346   11.15133   10.82199   10.48561   10.14238    9.79248    9.43610    9.07345    8.70473    8.33015    7.94995    7.56435    7.17359    6.77791    6.37756    5.97280    5.56389    5.15111    4.73473    4.31502    3.89228    3.46679    3.03885    2.60876    2.17681    1.74331    1.30857    0.87290    0.43661    0.00000
   0.00000    0.44982    0.89931    1.34816    1.79603    2.24262    2.68760    3.13065    3.57147    4.00974    4.44517    4.87744    5.30626    5.73135    6.15241    6.56918    6.98137    7.38872    7.79098    8.18789    8.57920    8.96469    9.34411    9.71726   10.08391   10.44386   10.79691   11.14287   11.48156   11.81280   12.13643   12.45229   12.76023   13.06009   13.35175   13.63507   13.90994   14.17623   14.43383   14.68265   14.92257   15.15352   15.37541   15.58815   15.79168   15.98591   16.17079   16.34626   16.51226   16.66874   16.81564   16.95294   17.08059   17.19854   17.30678   17.40527   17.49398   17.57289   17.64198   17.70123   17.75063   17.79016   17.81982   17.83960   17.84949   17.84949   17.83960   17.81982   17.79016   17.75063   17.70123   17.64198   17.57289   17.49398   17.40527   17.30678   17.19854   17.08059   16.95294   16.81564   16.66874   16.51226   16.34626   16.17079   15.98591   15.79168   15.58815   15.37541   15.15352   14.92257   14.68265   14.43383   14.17623   13.90994   13.63507   13.35175   13.06009   12.76023   12.45229   12.13643   11.81280   11.48156   11.14287   10.79691   10.44386   10.08391    9.71726    9.34411    8.96469    8.57920    8.18789    7.79098    7.38872    6.98137    6.56918    6.15241    5.73135    5.30626    4.87744    4.44517    4.00974    3.57147    3.13065    2.68760    2.24262    1.79603    1.34816    0.89931    0.44982    0.00000
   0.00000    0.46335    0.92637    1.38871    1.85004    2.31004    2.76837    3.22469    3.67870    4.13006    4.57846    5.02360    5.46515    5.90283    6.33633    6.76537    7.18967    7.60896    8.02296    8.43142    8.83408    9.23071    9.62106   10.00491   10.38204   10.75224   11.11530   11.47103   11.81924   12.15976   12.49242   12.81705   13.13350   13.44162   13.74128   14.03234   14.31468   14.58818   14.85273   15.10823   15.35457   15.59168   15.81946   16.03782   16.24671   16.44605   16.63577   16.81581   16.98613   17.14666   17.29737   17.43820   17.56913   17.69011   17.80112   17.90212   17.99309   18.07401   18.14486   18.20561   18.25627   18.29680   18.32721   18.34749   18.35763   18.35763   18.34749   18.32721   18.29680   18.25627   18.20561   18.14486   18.07401   17.99309   17.90212   17.80112   17.69011   17.56913   17.43820   17.29737   17.14666   16.98613   16.81581   16.63577   16.44605   16.24671   16.03782   15.81946   15.59168   15.35457   15.10823   14.85273   14.58818   14.31468   14.03234   13.74128   13.44162   13.13350   12.81705   12.49242   12.15976   11.81924   11.47103   11.11530   10.75224   10.38204   10.00491    9.62106    9.23071    8.83408    8.43142    8.02296    7.60896    7.18967    6.76537    6.33633    5.90283    5.46515    5.02360    4.57846    4.13006    3.67870    3.22469    2.76837    2.31004    1.85004    1.38871    0.92637    0.46335    0.00000
   0.00000    0.47722    0.95409    1.43027    1.90539    2.37913    2.85113    3.32106    3.78857    4.25334    4.71503    5.17333    5.62792    6.07848    6.52471    6.96631    7.40300    7.83448    8.26049    8.68075    9.09501    9.50301    9.90451   10.29929   10.68710   11.06775   11.44102   11.80670   12.16462   12.51459   12.85643   13.18999   13.51510   13.83162   14.13941   14.43833   14.72826   15.00908   15.28069   15.54296   15.79582   16.03917   16.27291   16.49698   16.71130   16.91580   17.11042   17.29510   17.46978   17.63441   17.78896   17.93337   18.06762   18.19166   18.30547   18.40901   18.50227   18.58521   18.65783   18.72011   18.77202   18.81357   18.84474   18.86552   18.87591   18.87591   18.86552   18.84474   18.81357   18.77202   18.72011   18.65783   18.58521   18.50227   18.40901   18.30547   18.19166   18.06762   17.93337   17.78896   17.63441   17.46978   17.29510   17.11042   16.91580   16.71130   16.49698   16.27291   16.03917   15.79582   15.54296   15.28069   15.00908   14.72826   14.43833   14.13941   13.83162   13.51510   13.18999   12.85643   12.51459   12.16462   11.80670   11.44102   11.06775   10.68710   10.29929    9.90451    9.50301    9.09501    8.68075    8.26049    7.83448    7.40300    6.96631    6.52471    6.07848    5.62792    5.17333    4.71503    4.25334    3.78857    3.32106    2.85113    2.37913    1.90539    1.43027    0.95409    0.47722    0.00000
   0.00000    0.49144    0.98252    1.47287    1.96214    2.44996    2.93597    3.41983    3.90119    4.37969    4.85500    5.32678    5.79471    6.25846    6.71772    7.17217    7.62152    8.06548    8.50376    8.93608    9.36218    9.78180   10.19470   10.60062   10.99934   11.39065   11.77432   12.15015   12.51795   12.87754   13.22874   13.57138   13.90530   14.23036   14.54641   14.85331   15.15096   15.43921   15.71797   15.98712   16.24658   16.49625   16.73605   16.96590   17.18572   17.39544   17.59502   17.78438   17.96348   18.13226   18.29069   18.43872   18.57632   18.70345   18.82008   18.92619   19.02175   19.10674   19.18115   19.24496   19.29815   19.34072   19.37265   19.39394   19.40459   19.40459   19.39394   19.37265   19.34072   19.29815   19.24496   19.18115   19.10674   19.02175   18.92619   18.82008   18.70345   18.57632   18.43872   18.29069   18.13226   17.96348   17.78438   17.59502   17.39544   17.18572   16.96590   16.73605   16.49625   16.24658   15.98712   15.71797   15.43921   15.15096   14.85331   14.54641   14.23036   13.90530   13.57138   13.22874   12.87754   12.51795   12.15015   11.77432   11.39065   10.99934   10.60062   10.19470    9.78180    9.36218    8.93608    8.50376    8.06548    7.62152    7.17217    6.71772    6.25846    5.79471    5.32678    4.85500    4.37969    3.90119    3.41983    2.93597    2.44996    1.96214    1.47287    0.98252    0.49144    0.00000
   0.00000    0.50603    1.01167    1.51657    2.02033    2.52259    3.02297    3.52112    4.01666    4.50923    4.99849    5.48409    5.96568    6.44294    6.91553    7.38313    7.84544    8.30216    8.75299    9.19764    9.63584   10.06733   10.49185   10.90916   11.31901   11.72118   12.11546   12.50163   12.87950   13.24889   13.60960   13.96148   14.30437   14.63810   14.96255   15.27757   15.58304   15.87884   16.16485   16.44099   16.70714   16.96322   17.20914   17.44484   17.67023   17.88524   18.08983   18.28393   18.46750   18.64047   18.80282   18.95451   19.09549   19.22573   19.34522   19.45392   19.55181   19.63887   19.71508   19.78043   19.83491   19.87851   19.91121   19.93301   19.94392   19.94392   19.93301   19.91121   19.87851   19.83491   19.78043   19.71508   19.63887   19.55181   19.45392   19.34522   19.22573   19.09549   18.95451   18.80282   18.64047   18.46750   18.28393   18.08983   17.88524   17.67023   17.44484   17.20914   16.96322   16.70714   16.44099   16.16485   15.87884   15.58304   15.27757   14.96255   14.63810   14.30437   13.96148   13.60960   13.24889   12.87950   12.50163   12.11546   11.72118   11.31901   10.90916   10.49185   10.06733    9.63584    9.19764    8.75299    8.30216    7.84544    7.38313    6.91553    6.44294    5.96568    5.48409    4.99849    4.50923    4.01666    3.52112    3.02297    2.52259    2.02033    1.51657    1.01167    0.50603    0.00000
   0.00000    0.52099    1.04158    1.56139    2.08002    2.59709    3.11221    3.62500    4.13509    4.64209    5.14565    5.64540    6.14099    6.63208    7.11832    7.59939    8.07496    8.54473    9.00839    9.46565    9.91622   10.35983   10.79623   11.22515   11.64635   12.05961   12.46470   12.86141   13.24954   13.62890   13.99931   14.36059   14.71259   15.05514   15.38812   15.71138   16.02479   16.32825   16.62163   16.90483   17.17777   17.44034   17.69247   17.93408   18.16511   18.38548   18.59514   18.79403   18.98210   19.15931   19.32562   19.48099   19.62539   19.75879   19.88115   19.99246   20.09270   20.18184   20.25987   20.32678   20.38256   20.42719   20.46067   20.48299   20.49415   20.49415   20.48299   20.46067   20.42719   20.38256   20.32678   20.25987   20.18184   20.09270   19.99246   19.88115   19.75879   19.62539   19.48099   19.32562   19.15931   18.98210   18.79403   18.59514   18.38548   18.16511   17.93408   17.69247   17.44034   17.17777   16.90483   16.62163   16.32825   16.02479   15.71138   15.38812   15.05514   14.71259   14.36059   13.99931   13.62890   13.24954   12.86141   12.46470   12.05961   11.64635   11.22515   10.79623   10.35983    9.91622    9.46565    9.00839    8.54473    8.07496    7.59939    7.11832    6.63208    6.14099    5.64540    5.14565    4.64209    4.13509    3.62500    3.11221    2.59709    2.08002    1.56139    1.04158    0.52099    0.00000
   0.00000    0.53634    1.07227    1.60739    2.14128    2.67355    3.20379    3.73160    4.25660    4.77840    5.29661    5.81087    6.32081    6.82607    7.32629    7.82114    8.31029    8.79341    9.27020    9.74034   10.20355   10.65956   11.10808   11.54885   11.98165   12.40621   12.82233   13.22978   13.62835   14.01787   14.39814   14.76898   15.13024   15.48177   15.82341   16.15503   16.47651   16.78773   17.08858   17.37895   17.65876   17.92791   18.18632   18.43392   18.67065   18.89643   19.11121   19.31494   19.50757   19.68906   19.85937   20.01846   20.16631   20.30287   20.42814   20.54208   20.64468   20.73593   20.81579   20.88427   20.94135   20.98703   21.02129   21.04413   21.05556   21.05556   21.04413   21.02129   20.98703   20.94135   20.88427   20.81579   20.73593   20.64468   20.54208   20.42814   20.30287   20.16631   20.01846   19.85937   19.68906   19.50757   19.31494   19.11121   18.89643   18.67065   18.43392   18.18632   17.92791   17.65876   17.37895   17.08858   16.78773   16.47651   16.15503   15.82341   15.48177   15.13024   14.76898   14.39814   14.01787   13.62835   13.22978   12.82233   12.40621   11.98165   11.54885   11.10808   10.65956   10.20355    9.74034    9.27020    8.79341    8.31029    7.82114    7.32629    6.82607    6.32081    5.81087    5.29661    4.77840    4.25660    3.73160    3.20379    2.67355    2.14128    1.60739    1.07227    0.53634    0.00000
   0.00000    0.55210    1.10378    1.65461    2.20417    2.75203    3.29778    3.84101    4.38132    4.91829    5.45154    5.98067    6.50531    7.02509    7.53963    8.04860    8.55165    9.04843    9.53865   10.02197   10.49810   10.96676   11.42767   11.88055   12.32517   12.76127   13.18862   13.60701   14.01624   14.41609   14.80639   15.18696   15.55764   15.91828   16.26872   16.60884   16.93850   17.25759   17.56601   17.86365   18.15041   18.42622   18.69099   18.94465   19.18713   19.41838   19.63834   19.84696   20.04419   20.22999   20.40433   20.56718   20.71850   20.85826   20.98646   21.10305   21.20804   21.30139   21.38310   21.45316   21.51156   21.55828   21.59333   21.61670   21.62839   21.62839   21.61670   21.59333   21.55828   21.51156   21.45316   21.38310   21.30139   21.20804   21.10305   20.98646   20.85826   20.71850   20.56718   20.40433   20.22999   20.04419   19.84696   19.63834   19.41838   19.18713   18.94465   18.69099   18.42622   18.15041   17.86365   17.56601   17.25759   16.93850   16.60884   16.26872   15.91828   15.55764   15.18696   14.80639   14.41609   14.01624   13.60701   13.18862   12.76127   12.32517   11.88055   11.42767   10.96676   10.49810   10.02197    9.53865    9.04843    8.55165    8.04860    7.53963    7.02509    6.50531    5.98067    5.45154    4.91829    4.38132    3.84101    3.29778    2.75203    2.20417    1.65461    1.10378    0.55210    0.00000
   0.00000    0.56829    1.13614    1.70310    2.26874    2.83262    3.39430    3.95336    4.50937    5.06191    5.61057    6.15496    6.69468    7.22933    7.75856    8.28198    8.79926    9.31004    9.81399   10.31079   10.80013   11.28172   11.75528   12.22052   12.67720   13.12507   13.56388   13.99343   14.41349   14.82386   15.22437   15.61484   15.99509   16.36498   16.72436   17.07309   17.41106   17.73814   18.05422   18.35921   18.65302   18.93557   19.20676   19.46655   19.71486   19.95163   20.17681   20.39036   20.59224   20.78239   20.96080   21.12743   21.28225   21.42523   21.55637   21.67564   21.78302   21.87850   21.96207   22.03372   22.09344   22.14122   22.17706   22.20096   22.21290   22.21290   22.20096   22.17706   22.14122   22.09344   22.03372   21.96207   21.87850   21.78302   21.67564   21.55637   21.42523   21.28225   21.12743   20.96080   20.78239   20.59224   20.39036   20.17681   19.95163   19.71486   19.46655   19.20676   18.93557   18.65302   18.35921   18.05422   17.73814   17.41106   17.07309   16.72436   16.36498   15.99509   15.61484   15.22437   14.82386   14.41349   13.99343   13.56388   13.12507   12.67720   12.22052   11.75528   11.28172   10.80013   10.31079    9.81399    9.31004    8.79926    8.28198    7.75856    7.22933    6.69468    6.15496    5.61057    5.06191    4.50937    3.95336    3.39430    2.83262    2.26874    1.70310    1.13614    0.56829    0.00000
   0.00000    0.58492    1.16938    1.75292    2.33508    2.91541    3.49344    4.06875    4.64088    5.20940    5.77389    6.33393    6.88910    7.43902    7.98328    8.52152    9.05337    9.57847   10.09647   10.60706   11.10991   11.60472   12.09120   12.56907   13.03806   13.49792   13.94842   14.38932   14.82042   15.24151   15.65241   16.05293   16.44291   16.82220   17.19065   17.54812   17.89450   18.22967   18.55353   18.86597   19.16691   19.45626   19.73396   19.99993   20.25412   20.49647   20.72693   20.94545   21.15200   21.34655   21.52905   21.69949   21.85783   22.00406   22.13816   22.26011   22.36991   22.46752   22.55296   22.62621   22.68725   22.73610   22.77274   22.79716   22.80938   22.80938   22.79716   22.77274   22.73610   22.68725   22.62621   22.55296   22.46752   22.36991   22.26011   22.13816   22.00406   21.85783   21.69949   21.52905   21.34655   21.15200   20.94545   20.72693   20.49647   20.25412   19.99993   19.73396   19.45626   19.16691   18.86597   18.55353   18.22967   17.89450   17.54812   17.19065   16.82220   16.44291   16.05293   15.65241   15.24151   14.82042   14.38932   13.94842   13.49792   13.03806   12.56907   12.09120   11.60472   11.10991   10.60706   10.09647    9.57847    9.05337    8.52152    7.98328    7.43902    6.88910    6.33393    5.77389    5.20940    4.64088    4.06875    3.49344    2.91541    2.33508    1.75292    1.16938    0.58492    0.00000
   0.00000    0.60202    1.20355    1.80412    2.40326    3.00048    3.59532    4.18732    4.77600    5.36093    5.94166    6.51775    7.08879    7.65435    8.21403    8.76745    9.31423    9.85399   10.38639   10.91108   11.42774   11.93606   12.43573   12.92649   13.40804   13.88014   14.34255   14.79503   15.23736   15.66936   16.09082   16.50156   16.90142   17.29026   17.66791   18.03425   18.38917   18.73253   19.06425   19.38423   19.69238   19.98862   20.27288   20.54510   20.80523   21.05320   21.28898   21.51252   21.72378   21.92274   22.10937   22.28364   22.44553   22.59502   22.73210   22.85675   22.96897   23.06874   23.15605   23.23090   23.29328   23.34319   23.38063   23.40558   23.41806   23.41806   23.40558   23.38063   23.34319   23.29328   23.23090   23.15605   23.06874   22.96897   22.85675   22.73210   22.59502   22.44553   22.28364   22.10937   21.92274   21.72378   21.51252   21.28898   21.05320   20.80523   20.54510   20.27288   19.98862   19.69238   19.38423   19.06425   18.73253   18.38917   18.03425   17.66791   17.29026   16.90142   16.50156   16.09082   15.66936   15.23736   14.79503   14.34255   13.88014   13.40804   12.92649   12.43573   11.93606   11.42774   10.91108   10.38639    9.85399    9.31423    8.76745    8.21403    7.65435    7.08879    6.51775    5.94166    5.36093    4.77600    4.18732    3.59532    3.00048    2.40326    1.80412    1.20355    0.60202    0.00000
   0.00000    0.61959    1.23868    1.85676    2.47335    3.08794    3.70005    4.30919    4.91488    5.51666    6.11406    6.70664    7.29395    7.87556    8.45105    9.02003    9.58210   10.13688   10.68400   11.22312   11.75391   12.27603   12.78920   13.29310   13.78748   14.27206   14.74660   15.21088   15.66466   16.10774   16.53994   16.96107   17.37098   17.76949   18.15649   18.53182   18.89537   19.24704   19.58672   19.91432   20.22976   20.53295   20.82385   21.10238   21.36849   21.62213   21.86327   22.09186   22.30787   22.51128   22.70205   22.88018   23.04563   23.19840   23.33847   23.46584   23.58048   23.68241   23.77160   23.84806   23.91178   23.96276   24.00100   24.02649   24.03924   24.03924   24.02649   24.00100   23.96276   23.91178   23.84806   23.77160   23.68241   23.58048   23.46584   23.33847   23.19840   23.04563   22.88018   22.70205   22.51128   22.30787   22.09186   21.86327   21.62213   21.36849   21.10238   20.82385   20.53295   20.22976   19.91432   19.58672   19.24704   18.89537   18.53182   18.15649   17.76949   17.37098   16.96107   16.53994   16.10774   15.66466   15.21088   14.74660   14.27206   13.78748   13.29310   12.78920   12.27603   11.75391   11.22312   10.68400   10.13688    9.58210    9.02003    8.45105    7.87556    7.29395    6.70664    6.11406    5.51666    4.91488    4.30919    3.70005    3.08794    2.47335    1.85676    1.23868    0.61959    0.00000
   0.00000    0.63766    1.27481    1.91090    2.54543    3.17788    3.80774    4.43451    5.05768    5.67677    6.29130    6.90079    7.50481    8.10288    8.69460    9.27952    9.85726   10.42742   10.98962   11.54351   12.08874   12.62498   13.15192   13.66925   14.17671   14.67402   15.16094   15.63722   16.10265   16.55701   17.00013   17.43182   17.85192   18.26026   18.65672   19.04116   19.41347   19.77354   20.12127   20.45658   20.77938   21.08960   21.38718   21.67207   21.94422   22.20358   22.45011   22.68378   22.90457   23.11244   23.30739   23.48939   23.65842   23.81448   23.95756   24.08764   24.20473   24.30881   24.39989   24.47797   24.54303   24.59508   24.63412   24.66015   24.67316   24.67316   24.66015   24.63412   24.59508   24.54303   24.47797   24.39989   24.30881   24.20473   24.08764   23.95756   23.81448   23.65842   23.48939   23.30739   23.11244   22.90457   22.68378   22.45011   22.20358   21.94422   21.67207   21.38718   21.08960   20.77938   20.45658   20.12127   19.77354   19.41347   19.04116   18.65672   18.26026   17.85192   17.43182   17.00013   16.55701   16.10265   15.63722   15.16094   14.67402   14.17671   13.66925   13.15192   12.62498   12.08874   11.54351   10.98962   10.42742    9.85726    9.27952    8.69460    8.10288    7.50481    6.90079    6.29130    5.67677    5.05768    4.43451    3.80774    3.17788    2.54543    1.91090    1.27481    0.63766    0.00000
   0.00000    0.65626    1.31198    1.96661    2.61960    3.27042    3.91854    4.56342    5.20456    5.84144    6.47356    7.10044    7.72160    8.33658    8.94492    9.54621   10.14001   10.72592   11.30356   11.87256   12.43256   12.98323   13.52424   14.05529   14.57609   15.08638   15.58590   16.07442   16.55170   17.01754   17.47176   17.91417   18.34460   18.76292   19.16898   19.56265   19.94382   20.31238   20.66825   21.01134   21.34158   21.65889   21.96322   22.25452   22.53274   22.79785   23.04981   23.28860   23.51418   23.72655   23.92568   24.11156   24.28419   24.44355   24.58963   24.72244   24.84198   24.94823   25.04120   25.12089   25.18729   25.24041   25.28026   25.30682   25.32010   25.32010   25.30682   25.28026   25.24041   25.18729   25.12089   25.04120   24.94823   24.84198   24.72244   24.58963   24.44355   24.28419   24.11156   23.92568   23.72655   23.51418   23.28860   23.04981   22.79785   22.53274   22.25452   21.96322   21.65889   21.34158   21.01134   20.66825   20.31238   19.94382   19.56265   19.16898   18.76292   18.34460   17.91417   17.47176   17.01754   16.55170   16.07442   15.58590   15.08638   14.57609   14.05529   13.52424   12.98323   12.43256   11.87256   11.30356   10.72592   10.14001    9.54621    8.94492    8.33658    7.72160    7.10044    6.47356    5.84144    5.20456    4.56342    3.91854    3.27042    2.61960    1.96661    1.31198    0.65626    0.00000
   0.00000    0.67541    1.35025    2.02394    2.69594    3.36566    4.03256    4.69608    5.35569    6.01086    6.66107    7.30580    7.94457    8.57690    9.20231    9.82037   10.43064   11.03270   11.62615   12.21061   12.78572   13.35113   13.90652   14.45157   14.98599   15.50952   16.02188   16.52285   17.01219   17.48970   17.95519   18.40848   18.84942   19.27784   19.69362   20.09663   20.48677   20.86393   21.22802   21.57897   21.91670   22.24116   22.55229   22.85004   23.13438   23.40527   23.66269   23.90661   24.13702   24.35389   24.55722   24.74700   24.92322   25.08589   25.23499   25.37053   25.49251   25.60093   25.69579   25.77709   25.84484   25.89903   25.93968   25.96678   25.98032   25.98032   25.96678   25.93968   25.89903   25.84484   25.77709   25.69579   25.60093   25.49251   25.37053   25.23499   25.08589   24.92322   24.74700   24.55722   24.35389   24.13702   23.90661   23.66269   23.40527   23.13438   22.85004   22.55229   22.24116   21.91670   21.57897   21.22802   20.86393   20.48677   20.09663   19.69362   19.27784   18.84942   18.40848   17.95519   17.48970   17.01219   16.52285   16.02188   15.50952   14.98599   14.45157   13.90652   13.35113   12.78572   12.21061   11.62615   11.03270   10.43064    9.82037    9.20231    8.57690    7.94457    7.30580    6.66107    6.01086    5.35569    4.69608    4.03256    3.36566    2.69594    2.02394    1.35025    0.67541    0.00000
   0.00000    0.69513    1.38965    2.08299    2.77454    3.46372    4.14995    4.83266    5.51128    6.18525    6.85405    7.51713    8.17399    8.82413    9.46707   10.10233   10.72948   11.34808   11.95772   12.55801   13.14858   13.72906   14.29914   14.85848   15.40680   15.94381   16.46926   16.98290   17.48451   17.97388   18.45083   18.91517   19.36674   19.80541   20.23103   20.64350   21.04270   21.42854   21.80093   22.15981   22.50510   22.83676   23.15473   23.45898   23.74947   24.02618   24.28908   24.53815   24.77339   24.99478   25.20231   25.39600   25.57582   25.74180   25.89392   26.03218   26.15661   26.26719   26.36394   26.44685   26.51594   26.57121   26.61266   26.64028   26.65410   26.65410   26.64028   26.61266   26.57121   26.51594   26.44685   26.36394   26.26719   26.15661   26.03218   25.89392   25.74180   25.57582   25.39600   25.20231   24.99478   24.77339   24.53815   24.28908   24.02618   23.74947   23.45898   23.15473   22.83676   22.50510   22.15981   21.80093   21.42854   21.04270   20.64350   20.23103   19.80541   19.36674   18.91517   18.45083   17.97388   17.48451   16.98290   16.46926   15.94381   15.40680   14.85848   14.29914   13.72906   13.14858   12.55801   11.95772   11.34808   10.72948   10.10233    9.46707    8.82413    8.17399    7.51713    6.85405    6.18525    5.51128    4.83266    4.14995    3.46372    2.77454    2.08299    1.38965    0.69513    0.00000
   0.00000    0.71544    1.43025    2.14382    2.85552    3.56474    4.27087    4.97332    5.67150    6.36483    7.05274    7.73469    8.41014    9.07857    9.73949   10.39241   11.03687   11.67242   12.29865   12.91514   13.52152   14.11741   14.70249   15.27642   15.83891   16.38967   16.92845   17.45499   17.96907   18.47050   18.95907   19.43462   19.89698   20.34602   20.78161   21.20363   21.61199   22.00659   22.38737   22.75423   23.10715   23.44605   23.77091   24.08168   24.37835   24.66089   24.92929   25.18353   25.42361   25.64952   25.86127   26.05886   26.24228   26.41156   26.56669   26.70769   26.83455   26.94729   27.04592   27.13045   27.20087   27.25721   27.29945   27.32761   27.34169   27.34169   27.32761   27.29945   27.25721   27.20087   27.13045   27.04592   26.94729   26.83455   26.70769   26.56669   26.41156   26.24228   26.05886   25.86127   25.64952   25.42361   25.18353   24.92929   24.66089   24.37835   24.08168   23.77091   23.44605   23.10715   22.75423   22.38737   22.00659   21.61199   21.20363   20.78161   20.34602   19.89698   19.43462   18.95907   18.47050   17.96907   17.45499   16.92845   16.38967   15.83891   15.27642   14.70249   14.11741   13.52152   12.91514   12.29865   11.67242   11.03687   10.39241    9.73949    9.07857    8.41014    7.73469    7.05274    6.36483    5.67150    4.97332    4.27087    3.56474    2.85552    2.14382    1.43025    0.71544    0.00000
   0.00000    0.73638    1.47210    2.20651    2.93898    3.66884    4.39548    5.11826    5.83657    6.54981    7.25739    7.95874    8.65330    9.34053   10.01991   10.69095   11.35317   12.00610   12.64931   13.28239   13.90494   14.51658   15.11698   15.70581   16.28275   16.84752   17.39987   17.93953   18.46630   18.97997   19.48034   19.96725   20.44054   20.90009   21.34575   21.77744   22.19504   22.59849   22.98770   23.36262   23.72320   24.06939   24.40117   24.71850   25.02136   25.30975   25.58366   25.84307   26.08799   26.31843   26.53439   26.73588   26.92290   27.09548   27.25361   27.39732   27.52662   27.64151   27.74202   27.82815   27.89990   27.95730   28.00034   28.02903   28.04337   28.04337   28.02903   28.00034   27.95730   27.89990   27.82815   27.74202   27.64151   27.52662   27.39732   27.25361   27.09548   26.92290   26.73588   26.53439   26.31843   26.08799   25.84307   25.58366   25.30975   25.02136   24.71850   24.40117   24.06939   23.72320   23.36262   22.98770   22.59849   22.19504   21.77744   21.34575   20.90009   20.44054   19.96725   19.48034   18.97997   18.46630   17.93953   17.39987   16.84752   16.28275   15.70581   15.11698   14.51658   13.90494   13.28239   12.64931   12.00610   11.35317   10.69095   10.01991    9.34053    8.65330    7.95874    7.25739    6.54981    5.83657    5.11826    4.39548    3.66884    2.93898    2.20651    1.47210    0.73638    0.00000
   0.00000    0.75797    1.51525    2.27116    3.02503    3.77618    4.52395    5.26767    6.00672    6.74046    7.46828    8.18958    8.90379    9.61033   10.30868   10.99832   11.67875   12.34950   13.01011   13.66016   14.29926   14.92701   15.54306   16.14708   16.73876   17.31781   17.88396   18.43698   18.97664   19.50273   20.01507   20.51350   20.99786   21.46803   21.92388   22.36532   22.79226   23.20462   23.60234   23.98536   24.35364   24.70716   25.04587   25.36978   25.67886   25.97310   26.25252   26.51710   26.76687   27.00183   27.22198   27.42736   27.61797   27.79383   27.95496   28.10138   28.23309   28.35013   28.45250   28.54022   28.61330   28.67175   28.71558   28.74479   28.75940   28.75940   28.74479   28.71558   28.67175   28.61330   28.54022   28.45250   28.35013   28.23309   28.10138   27.95496   27.79383   27.61797   27.42736   27.22198   27.00183   26.76687   26.51710   26.25252   25.97310   25.67886   25.36978   25.04587   24.70716   24.35364   23.98536   23.60234   23.20462   22.79226   22.36532   21.92388   21.46803   20.99786   20.51350   20.01507   19.50273   18.97664   18.43698   17.88396   17.31781   16.73876   16.14708   15.54306   14.92701   14.29926   13.66016   13.01011   12.34950   11.67875   10.99832   10.30868    9.61033    8.90379    8.18958    7.46828    6.74046    6.00672    5.26767    4.52395    3.77618    3.02503    2.27116    1.51525    0.75797    0.00000
   0.00000    0.78024    1.55977    2.33786    3.11380    3.88690    4.65645    5.42176    6.18218    6.93703    7.68569    8.42752    9.16193    9.88833   10.60617   11.31490   12.01402   12.70303   13.38147   14.04890   14.70492   15.34913   15.98116   16.60069   17.20740   17.80099   18.38120   18.94780   19.50054   20.03925   20.56373   21.07382   21.56938   22.05029   22.51643   22.96771   23.40406   23.82539   24.23167   24.62283   24.99886   25.35972   25.70540   26.03589   26.35118   26.65129   26.93621   27.20596   27.46056   27.70002   27.92437   28.13362   28.32779   28.50692   28.67103   28.82013   28.95425   29.07341   29.17763   29.26693   29.34132   29.40082   29.44543   29.47517   29.49004   29.49004   29.47517   29.44543   29.40082   29.34132   29.26693   29.17763   29.07341   28.95425   28.82013   28.67103   28.50692   28.32779   28.13362   27.92437   27.70002   27.46056   27.20596   26.93621   26.65129   26.35118   26.03589   25.70540   25.35972   24.99886   24.62283   24.23167   23.82539   23.40406   22.96771   22.51643   22.05029   21.56938   21.07382   20.56373   20.03925   19.50054   18.94780   18.38120   17.80099   17.20740   16.60069   15.98116   15.34913   14.70492   14.04890   13.38147   12.70303   12.01402   11.31490   10.60617    9.88833    9.16193    8.42752    7.68569    6.93703    6.18218    5.42176    4.65645    3.88690    3.11380    2.33786    1.55977    0.78024    0.00000
   0.00000    0.80324    1.60572    2.40670    3.20543    4.00116    4.79318    5.58076    6.36320    7.13981    7.90992    8.67289    9.42808   10.17490   10.91276   11.64110   12.35939   13.06713   13.76384   14.44907   15.12240   15.78342   16.43178   17.06713   17.68915   18.29755   18.89207   19.47245   20.03849   20.58999   21.12677   21.64867   22.15556   22.64732   23.12384   23.58505   24.03087   24.46123   24.87611   25.27545   25.65924   26.02747   26.38012   26.71720   27.03871   27.34466   27.63508   27.90998   28.16939   28.41334   28.64185   28.85495   29.05267   29.23504   29.40210   29.55387   29.69037   29.81164   29.91769   30.00856   30.08425   30.14478   30.19017   30.22042   30.23554   30.23554   30.22042   30.19017   30.14478   30.08425   30.00856   29.91769   29.81164   29.69037   29.55387   29.40210   29.23504   29.05267   28.85495   28.64185   28.41334   28.16939   27.90998   27.63508   27.34466   27.03871   26.71720   26.38012   26.02747   25.65924   25.27545   24.87611   24.46123   24.03087   23.58505   23.12384   22.64732   22.15556   21.64867   21.12677   20.58999   20.03849   19.47245   18.89207   18.29755   17.68915   17.06713   16.43178   15.78342   15.12240   14.44907   13.76384   13.06713   12.35939   11.64110   10.91276   10.17490    9.42808    8.67289    7.90992    7.13981    6.36320    5.58076    4.79318    4.00116    3.20543    2.40670    1.60572    0.80324    0.00000
   0.00000    0.82699    1.65318    2.47779    3.30004    4.11915    4.93435    5.74489    6.55004    7.34908    8.14130    8.92603    9.70262   10.47043   11.22886   11.97734   12.71531   13.44226   14.15769   14.86114   15.55217   16.23039   16.89541   17.54690   18.18452   18.80800   19.41706   20.01146   20.59099   21.15546   21.70469   22.23853   22.75687   23.25958   23.74657   24.21778   24.67312   25.11257   25.53608   25.94363   26.33520   26.71079   27.07041   27.41407   27.74178   28.05357   28.34947   28.62950   28.89369   29.14210   29.37474   29.59166   29.79290   29.97849   30.14847   30.30287   30.44173   30.56509   30.67295   30.76536   30.84233   30.90389   30.95004   30.98080   30.99618   30.99618   30.98080   30.95004   30.90389   30.84233   30.76536   30.67295   30.56509   30.44173   30.30287   30.14847   29.97849   29.79290   29.59166   29.37474   29.14210   28.89369   28.62950   28.34947   28.05357   27.74178   27.41407   27.07041   26.71079   26.33520   25.94363   25.53608   25.11257   24.67312   24.21778   23.74657   23.25958   22.75687   22.23853   21.70469   21.15546   20.59099   20.01146   19.41706   18.80800   18.18452   17.54690   16.89541   16.23039   15.55217   14.86114   14.15769   13.44226   12.71531   11.97734   11.22886   10.47043    9.70262    8.92603    8.14130    7.34908    6.55004    5.74489    4.93435    4.11915    3.30004    2.47779    1.65318    0.82699    0.00000
   0.00000    0.85153    1.70222    2.55125    3.39780    4.24104    5.08018    5.91442    6.74300    7.56516    8.38017    9.18732    9.98593   10.77534   11.55493   12.32409   13.08226   13.82891   14.56352   15.28562   15.99477   16.69055   17.37259   18.04053   18.69405   19.33287   19.95671   20.56534   21.15856   21.73616   22.29799   22.84391   23.37380   23.88756   24.38510   24.86636   25.33129   25.77985   26.21201   26.62778   27.02714   27.41010   27.77668   28.12690   28.46079   28.77839   29.07972   29.36485   29.63379   29.88661   30.12335   30.34406   30.54877   30.73754   30.91041   31.06742   31.20861   31.33402   31.44367   31.53760   31.61584   31.67840   31.72531   31.75657   31.77220   31.77220   31.75657   31.72531   31.67840   31.61584   31.53760   31.44367   31.33402   31.20861   31.06742   30.91041   30.73754   30.54877   30.34406   30.12335   29.88661   29.63379   29.36485   29.07972   28.77839   28.46079   28.12690   27.77668   27.41010   27.02714   26.62778   26.21201   25.77985   25.33129   24.86636   24.38510   23.88756   23.37380   22.84391   22.29799   21.73616   21.15856   20.56534   19.95671   19.33287   18.69405   18.04053   17.37259   16.69055   15.99477   15.28562   14.56352   13.82891   13.08226   12.32409   11.55493   10.77534    9.98593    9.18732    8.38017    7.56516    6.74300    5.91442    5.08018    4.24104    3.39780    2.55125    1.70222    0.85153    0.00000
   0.00000    0.87690    1.75292    2.62720    3.49885    4.36704    5.23090    6.08962    6.94238    7.78839    8.62690    9.45715   10.27844   11.09008   11.89142   12.68184   13.46075   14.22760   14.98186   15.72306   16.45073   17.16446   17.86386   18.54858   19.21829   19.87271   20.51158   21.13465   21.74173   22.33264   22.90721   23.46533   24.00688   24.53176   25.03991   25.53128   26.00582   26.46352   26.90436   27.32834   27.73547   28.12579   28.49930   28.85606   29.19609   29.51946   29.82620   30.11637   30.39003   30.64722   30.88801   31.11245   31.32060   31.51251   31.68822   31.84780   31.99128   32.11871   32.23012   32.32555   32.40502   32.46858   32.51622   32.54798   32.56385   32.56385   32.54798   32.51622   32.46858   32.40502   32.32555   32.23012   32.11871   31.99128   31.84780   31.68822   31.51251   31.32060   31.11245   30.88801   30.64722   30.39003   30.11637   29.82620   29.51946   29.19609   28.85606   28.49930   28.12579   27.73547   27.32834   26.90436   26.46352   26.00582   25.53128   25.03991   24.53176   24.00688   23.46533   22.90721   22.33264   21.74173   21.13465   20.51158   19.87271   19.21829   18.54858   17.86386   17.16446   16.45073   15.72306   14.98186   14.22760   13.46075   12.68184   11.89142   11.09008   10.27844    9.45715    8.62690    7.78839    6.94238    6.08962    5.23090    4.36704    3.49885    2.62720    1.75292    0.87690    0.00000
   0.00000    0.90315    1.80538    2.70576    3.60339    4.49735    5.38677    6.27077    7.14851    8.01914    8.88188    9.73594   10.58059   11.41511   12.23883   13.05109   13.85129   14.63887   15.41328   16.17402   16.92063   17.65270   18.36981   19.07163   19.75783   20.42811   21.08223   21.71995   22.34108   22.94544   23.53290   24.10332   24.65661   25.19270   25.71151   26.21303   26.69721   27.16405   27.61356   28.04575   28.46064   28.85827   29.23869   29.60194   29.94807   30.27716   30.58925   30.88442   31.16272   31.42423   31.66902   31.89714   32.10867   32.30366   32.48218   32.64427   32.79000   32.91941   33.03255   33.12944   33.21014   33.27466   33.32303   33.35527   33.37139   33.37139   33.35527   33.32303   33.27466   33.21014   33.12944   33.03255   32.91941   32.79000   32.64427   32.48218   32.30366   32.10867   31.89714   31.66902   31.42423   31.16272   30.88442   30.58925   30.27716   29.94807   29.60194   29.23869   28.85827   28.46064   28.04575   27.61356   27.16405   26.69721   26.21303   25.71151   25.19270   24.65661   24.10332   23.53290   22.94544   22.34108   21.71995   21.08223   20.42811   19.75783   19.07163   18.36981   17.65270   16.92063   16.17402   15.41328   14.63887   13.85129   13.05109   12.23883   11.41511   10.58059    9.73594    8.88188    8.01914    7.14851    6.27077    5.38677    4.49735    3.60339    2.70576    1.80538    0.90315    0.00000
   0.00000    0.93032    1.85967    2.78708    3.71158    4.63222    5.54806    6.45820    7.36173    8.25779    9.14553   10.02416   10.89288   11.75096   12.59769   13.43240   14.25447   15.06331   15.85836   16.63911   17.40510   18.15588   18.89107   19.61031   20.31328   20.99968   21.66928   22.32185   22.95720   23.57517   24.17562   24.75844   25.32356   25.87090   26.40042   26.91211   27.40594   27.88193   28.34009   28.78045   29.20307   29.60798   29.99525   30.36494   30.71711   31.05185   31.36923   31.66932   31.95221   32.21798   32.46669   32.69843   32.91328   33.11129   33.29255   33.45712   33.60505   33.73640   33.85122   33.94955   34.03143   34.09690   34.14598   34.17869   34.19504   34.19504   34.17869   34.14598   34.09690   34.03143   33.94955   33.85122   33.73640   33.60505   33.45712   33.29255   33.11129   32.91328   32.69843   32.46669   32.21798   31.95221   31.66932   31.36923   31.05185   30.71711   30.36494   29.99525   29.60798   29.20307   28.78045   28.34009   27.88193   27.40594   26.91211   26.40042   25.87090   25.32356   24.75844   24.17562   23.57517   22.95720   22.32185   21.66928   20.99968   20.31328   19.61031   18.89107   18.15588   17.40510   16.63911   15.85836   15.06331   14.25447   13.43240   12.59769   11.75096   10.89288   10.02416    9.14553    8.25779    7.36173    6.45820    5.54806    4.63222    3.71158    2.78708    1.85967    0.93032    0.00000
   0.00000    0.95847    1.91592    2.87131    3.82363    4.77187    5.71506    6.65223    7.58243    8.50475    9.41831   10.32227   11.21581   12.09815   12.96857   13.82636   14.67089   15.50154   16.31774   17.11897   17.90476   18.67466   19.42828   20.16526   20.88528   21.58807   22.27337   22.94097   23.59070   24.22240   24.83596   25.43128   26.00828   26.56692   27.10718   27.62904   28.13252   28.61763   29.08441   29.53292   29.96320   30.37533   30.76939   31.14545   31.50359   31.84391   32.16650   32.47144   32.75883   33.02877   33.28134   33.51662   33.73472   33.93569   34.11963   34.28660   34.43668   34.56992   34.68638   34.78611   34.86915   34.93553   34.98530   35.01847   35.03504   35.03504   35.01847   34.98530   34.93553   34.86915   34.78611   34.68638   34.56992   34.43668   34.28660   34.11963   33.93569   33.73472   33.51662   33.28134   33.02877   32.75883   32.47144   32.16650   31.84391   31.50359   31.14545   30.76939   30.37533   29.96320   29.53292   29.08441   28.61763   28.13252   27.62904   27.10718   26.56692   26.00828   25.43128   24.83596   24.22240   23.59070   22.94097   22.27337   21.58807   20.88528   20.16526   19.42828   18.67466   17.90476   17.11897   16.31774   15.50154   14.67089   13.82636   12.96857   12.09815   11.21581   10.32227    9.41831    8.50475    7.58243    6.65223    5.71506    4.77187    3.82363    2.87131    1.91592    0.95847    0.00000
   0.00000    0.98765    1.97421    2.95860    3.93975    4.91659    5.88809    6.85322    7.81100    8.76047    9.70070   10.63080   11.54993   12.45727   13.35207   14.23360   15.10119   15.95421   16.79209   17.61428   18.42031   19.20972   19.98213   20.73717   21.47453   22.19394   22.89515   23.57797   24.24223   24.88779   25.51455   26.12242   26.71136   27.28133   27.83233   28.36436   28.87746   29.37166   29.84701   30.30360   30.74149   31.16077   31.56153   31.94387   32.30790   32.65371   32.98141   33.29111   33.58292   33.85694   34.11327   34.35202   34.57327   34.77713   34.96367   35.13299   35.28515   35.42022   35.53827   35.63935   35.72352   35.79079   35.84123   35.87483   35.89163   35.89163   35.87483   35.84123   35.79079   35.72352   35.63935   35.53827   35.42022   35.28515   35.13299   34.96367   34.77713   34.57327   34.35202   34.11327   33.85694   33.58292   33.29111   32.98141   32.65371   32.30790   31.94387   31.56153   31.16077   30.74149   30.30360   29.84701   29.37166   28.87746   28.36436   27.83233   27.28133   26.71136   26.12242   25.51455   24.88779   24.24223   23.57797   22.89515   22.19394   21.47453   20.73717   19.98213   19.20972   18.42031   17.61428   16.79209   15.95421   15.10119   14.23360   13.35207   12.45727   11.54993   10.63080    9.70070    8.76047    7.81100    6.85322    5.88809    4.91659    3.93975    2.95860    1.97421    0.98765    0.00000
   0.00000    1.01792    2.03468    3.04914    4.06018    5.06665    6.06747    7.06157    8.04789    9.02543    9.99322   10.95032   11.89584   12.82894   13.74884   14.65477   15.54605   16.42203   17.28212   18.12576   18.95247   19.76180   20.55335   21.32677   22.08174   22.81801   23.53533   24.23354   24.91246   25.57199   26.21202   26.83251   27.43341   28.01473   28.57645   29.11863   29.64130   30.14453   30.62840   31.09298   31.53839   31.96473   32.37210   32.76062   33.13042   33.48161   33.81433   34.12868   34.42480   34.70279   34.96279   35.20490   35.42923   35.63588   35.82495   35.99653   36.15071   36.28756   36.40714   36.50953   36.59477   36.66291   36.71398   36.74801   36.76502   36.76502   36.74801   36.71398   36.66291   36.59477   36.50953   36.40714   36.28756   36.15071   35.99653   35.82495   35.63588   35.42923   35.20490   34.96279   34.70279   34.42480   34.12868   33.81433   33.48161   33.13042   32.76062   32.37210   31.96473   31.53839   31.09298   30.62840   30.14453   29.64130   29.11863   28.57645   28.01473   27.43341   26.83251   26.21202   25.57199   24.91246   24.23354   23.53533   22.81801   22.08174   21.32677   20.55335   19.76180   18.95247   18.12576   17.28212   16.42203   15.54605   14.65477   13.74884   12.82894   11.89584   10.95032    9.99322    9.02543    8.04789    7.06157    6.06747    5.06665    4.06018    3.04914    2.03468    1.01792    0.00000
   0.00000    1.04933    2.09745    3.14312    4.18516    5.22237    6.25359    7.27769    8.29356    9.30015   10.29642   11.28140   12.25417   13.21383   14.15957   15.09060   16.00622   16.90575   17.78859   18.65418   19.50202   20.33166   21.14270   21.93481   22.70766   23.46101   24.19464   24.90838   25.60209   26.27567   26.92905   27.56218   28.17506   28.76770   29.34013   29.89240   30.42459   30.93677   31.42906   31.90155   32.35437   32.78765   33.20151   33.59610   33.97155   34.32801   34.66560   34.98449   35.28479   35.56666   35.83021   36.07557   36.30287   36.51222   36.70373   36.87749   37.03360   37.17215   37.29321   37.39685   37.48313   37.55209   37.60378   37.63822   37.65543   37.65543   37.63822   37.60378   37.55209   37.48313   37.39685   37.29321   37.17215   37.03360   36.87749   36.70373   36.51222   36.30287   36.07557   35.83021   35.56666   35.28479   34.98449   34.66560   34.32801   33.97155   33.59610   33.20151   32.78765   32.35437   31.90155   31.42906   30.93677   30.42459   29.89240   29.34013   28.76770   28.17506   27.56218   26.92905   26.27567   25.60209   24.90838   24.19464   23.46101   22.70766   21.93481   21.14270   20.33166   19.50202   18.65418   17.78859   16.90575   16.00622   15.09060   14.15957   13.21383   12.25417   11.28140   10.29642    9.30015    8.29356    7.27769    6.25359    5.22237    4.18516    3.14312    2.09745    1.04933    0.00000
   0.00000    1.08197    2.16265    3.24074    4.31497    5.38407    6.44683    7.50203    8.54852    9.58518   10.61091   11.62471   12.62559   13.61264   14.58500   15.54185   16.48247   17.40616   18.31231   19.20034   20.06976   20.92011   21.75101   22.56209   23.35308   24.12373   24.87385   25.60326   26.31186   26.99956   27.66632   28.31211   28.93696   29.54089   30.12396   30.68626   31.22787   31.74892   32.24951   32.72979   33.18990   33.62999   34.05021   34.45072   34.83168   35.19326   35.53560   35.85888   36.16324   36.44883   36.71581   36.96431   37.19446   37.40640   37.60024   37.77610   37.93406   38.07424   38.19671   38.30154   38.38880   38.45855   38.51082   38.54565   38.56306   38.56306   38.54565   38.51082   38.45855   38.38880   38.30154   38.19671   38.07424   37.93406   37.77610   37.60024   37.40640   37.19446   36.96431   36.71581   36.44883   36.16324   35.85888   35.53560   35.19326   34.83168   34.45072   34.05021   33.62999   33.18990   32.72979   32.24951   31.74892   31.22787   30.68626   30.12396   29.54089   28.93696   28.31211   27.66632   26.99956   26.31186   25.60326   24.87385   24.12373   23.35308   22.56209   21.75101   20.92011   20.06976   19.20034   18.31231   17.40616   16.48247   15.54185   14.58500   13.61264   12.62559   11.62471   10.61091    9.58518    8.54852    7.50203    6.44683    5.38407    4.31497    3.24074    2.16265    1.08197    0.00000
   0.00000    1.11591    2.23044    3.34222    4.44989    5.55213    6.64762    7.73510    8.81332    9.88112   10.93735   11.98094   13.01086   14.02615   15.02593   16.00935   16.97564   17.92412   18.85414   19.76513   20.65658   21.52803   22.37911   23.20948   24.01885   24.80700   25.57375   26.31895   27.04252   27.74439   28.42455   29.08300   29.71977   30.33494   30.92858   31.50081   32.05174   32.58151   33.09028   33.57821   34.04545   34.49220   34.91861   35.32489   35.71120   36.07774   36.42467   36.75219   37.06045   37.34963   37.61990   37.87140   38.10428   38.31869   38.51475   38.69259   38.85232   38.99404   39.11784   39.22380   39.31200   39.38249   39.43531   39.47051   39.48810   39.48810   39.47051   39.43531   39.38249   39.31200   39.22380   39.11784   38.99404   38.85232   38.69259   38.51475   38.31869   38.10428   37.87140   37.61990   37.34963   37.06045   36.75219   36.42467   36.07774   35.71120   35.32489   34.91861   34.49220   34.04545   33.57821   33.09028   32.58151   32.05174   31.50081   30.92858   30.33494   29.71977   29.08300   28.42455   27.74439   27.04252   26.31895   25.57375   24.80700   24.01885   23.20948   22.37911   21.52803   20.65658   19.76513   18.85414   17.92412   16.97564   16.00935   15.02593   14.02615   13.01086   11.98094   10.93735    9.88112    8.81332    7.73510    6.64762    5.55213    4.44989    3.34222    2.23044    1.11591    0.00000
   0.00000    1.15122    2.30098    3.44780    4.59026    5.72693    6.85643    7.97741    9.08856   10.18863   11.27643   12.35083   13.41074   14.45518   15.48321   16.49396   17.48664   18.46054   19.41501   20.34946   21.26338   22.15633   23.02793   23.87786   24.70584   25.51167   26.29519   27.05629   27.79488   28.51095   29.20449   29.87555   30.52419   31.15051   31.75461   32.33665   32.89676   33.43512   33.95190   34.44730   34.92151   35.37473   35.80717   36.21902   36.61051   36.98182   37.33317   37.66475   37.97675   38.26935   38.54275   38.79710   39.03257   39.24932   39.44749   39.62720   39.78859   39.93176   40.05682   40.16384   40.25291   40.32409   40.37743   40.41297   40.43073   40.43073   40.41297   40.37743   40.32409   40.25291   40.16384   40.05682   39.93176   39.78859   39.62720   39.44749   39.24932   39.03257   38.79710   38.54275   38.26935   37.97675   37.66475   37.33317   36.98182   36.61051   36.21902   35.80717   35.37473   34.92151   34.44730   33.95190   33.43512   32.89676   32.33665   31.75461   31.15051   30.52419   29.87555   29.20449   28.51095   27.79488   27.05629   26.29519   25.51167   24.70584   23.87786   23.02793   22.15633   21.26338   20.34946   19.41501   18.46054   17.48664   16.49396   15.48321   14.45518   13.41074   12.35083   11.27643   10.18863    9.08856    7.97741    6.85643    5.72693    4.59026    3.44780    2.30098    1.15122    0.00000
   0.00000    1.18800    2.37444    3.55776    4.73642    5.90891    7.07376    8.22954    9.37486   10.50841   11.62892   12.73519   13.82611   14.90063   15.95777   16.99664   18.01643   19.01640   19.99589   20.95431   21.89116   22.80599   23.69843   24.56818   25.41499   26.23866   27.03907   27.81612   28.56977   29.30003   30.00693   30.69053   31.35094   31.98829   32.60273   33.19441   33.76354   34.31030   34.83491   35.33759   35.81856   36.27806   36.71630   37.13353   37.52998   37.90588   38.26144   38.59689   38.91244   39.20829   39.48464   39.74169   39.97960   40.19854   40.39868   40.58014   40.74308   40.88760   41.01382   41.12183   41.21172   41.28354   41.33736   41.37322   41.39114   41.39114   41.37322   41.33736   41.28354   41.21172   41.12183   41.01382   40.88760   40.74308   40.58014   40.39868   40.19854   39.97960   39.74169   39.48464   39.20829   38.91244   38.59689   38.26144   37.90588   37.52998   37.13353   36.71630   36.27806   35.81856   35.33759   34.83491   34.31030   33.76354   33.19441   32.60273   31.98829   31.35094   30.69053   30.00693   29.30003   28.56977   27.81612   27.03907   26.23866   25.41499   24.56818   23.69843   22.80599   21.89116   20.95431   19.99589   19.01640   18.01643   16.99664   15.95777   14.90063   13.82611   12.73519   11.62892   10.50841    9.37486    8.22954    7.07376    5.90891    4.73642    3.55776    2.37444    1.18800    0.00000
   0.00000    1.22635    2.45102    3.67237    4.88874    6.09853    7.30017    8.49213    9.67295   10.84123   11.99564   13.13492   14.25789   15.36345   16.45060   17.51841   18.56604   19.59274   20.59784   21.58074   22.54095   23.47803   24.39163   25.28145   26.14726   26.98892   27.80630   28.59935   29.36806   30.11247   30.83265   31.52870   32.20076   32.84899   33.47359   34.07474   34.65268   35.20764   35.73986   36.24959   36.73710   37.20263   37.64646   38.06883   38.47002   38.85027   39.20982   39.54893   39.86783   40.16673   40.44586   40.70541   40.94559   41.16657   41.36853   41.55162   41.71598   41.86175   41.98904   42.09796   42.18858   42.26100   42.31525   42.35140   42.36947   42.36947   42.35140   42.31525   42.26100   42.18858   42.09796   41.98904   41.86175   41.71598   41.55162   41.36853   41.16657   40.94559   40.70541   40.44586   40.16673   39.86783   39.54893   39.20982   38.85027   38.47002   38.06883   37.64646   37.20263   36.73710   36.24959   35.73986   35.20764   34.65268   34.07474   33.47359   32.84899   32.20076   31.52870   30.83265   30.11247   29.36806   28.59935   27.80630   26.98892   26.14726   25.28145   24.39163   23.47803   22.54095   21.58074   20.59784   19.59274   18.56604   17.51841   16.45060   15.36345   14.25789   13.13492   11.99564   10.84123    9.67295    8.49213    7.30017    6.09853    4.88874    3.67237    2.45102    1.22635    0.00000
   0.00000    1.26636    2.53094    3.79195    5.04765    6.29630    7.53625    8.76586    9.98358   11.18793   12.37749   13.55095   14.70706   15.84469   16.96277   18.06036   19.13658   20.19068   21.22197   22.22987   23.21388   24.17357   25.10860   26.01872   26.90371   27.76345   28.59786   29.40692   30.19066   30.94915   31.68250   32.39086   33.07441   33.73334   34.36789   34.97829   35.56481   36.12772   36.66729   37.18382   37.67760   38.14891   38.59806   39.02532   39.43099   39.81535   40.17866   40.52120   40.84321   41.14495   41.42664   41.68852   41.93078   42.15364   42.35726   42.54183   42.70749   42.85438   42.98264   43.09237   43.18367   43.25661   43.31126   43.34767   43.36586   43.36586   43.34767   43.31126   43.25661   43.18367   43.09237   42.98264   42.85438   42.70749   42.54183   42.35726   42.15364   41.93078   41.68852   41.42664   41.14495   40.84321   40.52120   40.17866   39.81535   39.43099   39.02532   38.59806   38.14891   37.67760   37.18382   36.66729   36.12772   35.56481   34.97829   34.36789   33.73334   33.07441   32.39086   31.68250   30.94915   30.19066   29.40692   28.59786   27.76345   26.90371   26.01872   25.10860   24.17357   23.21388   22.22987   21.22197   20.19068   19.13658   18.06036   16.96277   15.84469   14.70706   13.55095   12.37749   11.18793    9.98358    8.76586    7.53625    6.29630    5.04765    3.79195    2.53094    1.26636    0.00000
   0.00000    1.30817    2.61442    3.91686    5.21359    6.50279    7.78266    9.05148   10.30759   11.54941   12.77546   13.98433   15.17473   16.34547   17.49544   18.62367   19.72926   20.81143   21.86951   22.90290   23.91112   24.89375   25.85050   26.78111   27.68541   28.56331   29.41478   30.23982   31.03851   31.81097   32.55735   33.27785   33.97267   34.64208   35.28633   35.90572   36.50055   37.07113   37.61777   38.14081   38.64057   39.11737   39.57155   40.00341   40.41329   40.80148   41.16828   41.51398   41.83887   42.14321   42.42725   42.69123   42.93539   43.15993   43.36505   43.55094   43.71776   43.86566   43.99477   44.10522   44.19711   44.27052   44.32551   44.36215   44.38046   44.38046   44.36215   44.32551   44.27052   44.19711   44.10522   43.99477   43.86566   43.71776   43.55094   43.36505   43.15993   42.93539   42.69123   42.42725   42.14321   41.83887   41.51398   41.16828   40.80148   40.41329   40.00341   39.57155   39.11737   38.64057   38.14081   37.61777   37.07113   36.50055   35.90572   35.28633   34.64208   33.97267   33.27785   32.55735   31.81097   31.03851   30.23982   29.41478   28.56331   27.68541   26.78111   25.85050   24.89375   23.91112   22.90290   21.86951   20.81143   19.72926   18.62367   17.49544   16.34547   15.17473   13.98433   12.77546   11.54941   10.30759    9.05148    7.78266    6.50279    5.21359    3.91686    2.61442    1.30817    0.00000
   0.00000    1.35189    2.70173    4.04746    5.38707    6.71860    8.04013    9.34981   10.64588   11.92667   13.19059   14.43618   15.66207   16.86701   18.04986   19.20961   20.34535   21.45628   22.54172   23.60110   24.63393   25.63984   26.61853   27.56980   28.49351   29.38962   30.25811   31.09907   31.91260   32.69887   33.45809   34.19050   34.89635   35.57597   36.22964   36.85772   37.46055   38.03847   38.59186   39.12108   39.62649   40.10846   40.56735   41.00350   41.41727   41.80899   42.17900   42.52759   42.85509   43.16177   43.44792   43.71378   43.95962   44.18565   44.39209   44.57913   44.74695   44.89572   45.02558   45.13664   45.22904   45.30284   45.35813   45.39496   45.41337   45.41337   45.39496   45.35813   45.30284   45.22904   45.13664   45.02558   44.89572   44.74695   44.57913   44.39209   44.18565   43.95962   43.71378   43.44792   43.16177   42.85509   42.52759   42.17900   41.80899   41.41727   41.00350   40.56735   40.10846   39.62649   39.12108   38.59186   38.03847   37.46055   36.85772   36.22964   35.57597   34.89635   34.19050   33.45809   32.69887   31.91260   31.09907   30.25811   29.38962   28.49351   27.56980   26.61853   25.63984   24.63393   23.60110   22.54172   21.45628   20.34535   19.20961   18.04986   16.86701   15.66207   14.43618   13.19059   11.92667   10.64588    9.34981    8.04013    6.71860    5.38707    4.04746    2.70173    1.35189    0.00000
   0.00000    1.39767    2.79313    4.18417    5.56864    6.94441    8.30944    9.66175   10.99946   12.32079   13.62406   14.90773   16.17035   17.41064   18.62739   19.81957   20.98625   22.12662   23.24001   24.32585   25.38368   26.41315   27.41399   28.38605   29.32923   30.24353   31.12899   31.98574   32.81395   33.61383   34.38565   35.12969   35.84629   36.53579   37.19856   37.83498   38.44544   39.03036   39.59013   40.12516   40.63587   41.12264   41.58588   42.02597   42.44330   42.83823   43.21112   43.56231   43.89212   44.20088   44.48887   44.75637   45.00365   45.23096   45.43852   45.62653   45.79520   45.94470   46.07516   46.18675   46.27955   46.35368   46.40921   46.44620   46.46468   46.46468   46.44620   46.40921   46.35368   46.27955   46.18675   46.07516   45.94470   45.79520   45.62653   45.43852   45.23096   45.00365   44.75637   44.48887   44.20088   43.89212   43.56231   43.21112   42.83823   42.44330   42.02597   41.58588   41.12264   40.63587   40.12516   39.59013   39.03036   38.44544   37.83498   37.19856   36.53579   35.84629   35.12969   34.38565   33.61383   32.81395   31.98574   31.12899   30.24353   29.32923   28.38605   27.41399   26.41315   25.38368   24.32585   23.24001   22.12662   20.98625   19.81957   18.62739   17.41064   16.17035   14.90773   13.62406   12.32079   10.99946    9.66175    8.30944    6.94441    5.56864    4.18417    2.79313    1.39767    0.00000
   0.00000    1.44567    2.88895    4.32747    5.75890    7.18097    8.59147    9.98829   11.36942   12.73296   14.07714   15.40032   16.70099   17.97779   19.22950   20.45503   21.65345   22.82395   23.96585   25.07861   26.16179   27.21507   28.23824   29.23118   30.19384   31.12627   32.02859   32.90096   33.74362   34.55685   35.34098   36.09634   36.82333   37.52235   38.19382   38.83819   39.45589   40.04739   40.61314   41.15358   41.66917   42.16035   42.62756   43.07121   43.49173   43.88952   44.26495   44.61840   44.95022   45.26075   45.55030   45.81918   46.06767   46.29602   46.50449   46.69329   46.86264   47.01270   47.14365   47.25562   47.34875   47.42313   47.47884   47.51594   47.53449   47.53449   47.51594   47.47884   47.42313   47.34875   47.25562   47.14365   47.01270   46.86264   46.69329   46.50449   46.29602   46.06767   45.81918   45.55030   45.26075   44.95022   44.61840   44.26495   43.88952   43.49173   43.07121   42.62756   42.16035   41.66917   41.15358   40.61314   40.04739   39.45589   38.83819   38.19382   37.52235   36.82333   36.09634   35.34098   34.55685   33.74362   32.90096   32.02859   31.12627   30.19384   29.23118   28.23824   27.21507   26.16179   25.07861   23.96585   22.82395   21.65345   20.45503   19.22950   17.97779   16.70099   15.40032   14.07714   12.73296   11.36942    9.98829    8.59147    7.18097    5.75890    4.32747    2.88895    1.44567    0.00000
   0.00000    1.49605    2.98953    4.47786    5.95853    7.42910    8.88718   10.33052   11.75697   13.16450   14.55122   15.91542   17.25549   18.57004   19.85778   21.11761   22.34857   23.54987   24.72083   25.86094   26.96980   28.04712   29.09273   30.10658   31.08868   32.03913   32.95812   33.84589   34.70273   35.52899   36.32506   37.09136   37.82833   38.53645   39.21619   39.86806   40.49256   41.09018   41.66145   42.20685   42.72688   43.22204   43.69279   44.13959   44.56291   44.96316   45.34076   45.69612   46.02961   46.34160   46.63241   46.90239   47.15181   47.38098   47.59013   47.77952   47.94935   48.09982   48.23110   48.34335   48.43670   48.51124   48.56707   48.60426   48.62284   48.62284   48.60426   48.56707   48.51124   48.43670   48.34335   48.23110   48.09982   47.94935   47.77952   47.59013   47.38098   47.15181   46.90239   46.63241   46.34160   46.02961   45.69612   45.34076   44.96316   44.56291   44.13959   43.69279   43.22204   42.72688   42.20685   41.66145   41.09018   40.49256   39.86806   39.21619   38.53645   37.82833   37.09136   36.32506   35.52899   34.70273   33.84589   32.95812   32.03913   31.08868   30.10658   29.09273   28.04712   26.96980   25.86094   24.72083   23.54987   22.34857   21.11761   19.85778   18.57004   17.25549   15.91542   14.55122   13.16450   11.75697   10.33052    8.88718    7.42910    5.95853    4.47786    2.98953    1.49605    0.00000
   0.00000    1.54902    3.09525    4.63590    6.16827    7.68970    9.19764   10.68966   12.16344   13.61683   15.04784   16.45463   17.83554   19.18909   20.51397   21.80905   23.07336   24.30612   25.50668   26.67454   27.80934   28.91087   29.97900   31.01373   32.01516   32.98346   33.91888   34.82175   35.69242   36.53133   37.33893   38.11571   38.86220   39.57893   40.26645   40.92531   41.55609   42.15934   42.73562   43.28549   43.80948   44.30814   44.78196   45.23147   45.65714   46.05945   46.43883   46.79571   47.13051   47.44361   47.73537   48.00614   48.25623   48.48594   48.69555   48.88530   49.05542   49.20613   49.33760   49.44999   49.54344   49.61807   49.67396   49.71118   49.72978   49.72978   49.71118   49.67396   49.61807   49.54344   49.44999   49.33760   49.20613   49.05542   48.88530   48.69555   48.48594   48.25623   48.00614   47.73537   47.44361   47.13051   46.79571   46.43883   46.05945   45.65714   45.23147   44.78196   44.30814   43.80948   43.28549   42.73562   42.15934   41.55609   40.92531   40.26645   39.57893   38.86220   38.11571   37.33893   36.53133   35.69242   34.82175   33.91888   32.98346   32.01516   31.01373   29.97900   28.91087   27.80934   26.67454   25.50668   24.30612   23.07336   21.80905   20.51397   19.18909   17.83554   16.45463   15.04784   13.61683   12.16344   10.68966    9.19764    7.68970    6.16827    4.63590    3.09525    1.54902    0.00000
   0.00000    1.60478    3.20653    4.80223    6.38894    7.96379    9.52402   11.06702   12.59030   14.09156   15.56868   17.01972   18.44294   19.83680   21.19996   22.53125   23.82972   25.09458   26.32522   27.52118   28.68217   29.80801   30.89866   31.95419   32.97478   33.96067   34.91221   35.82979   36.71388   37.56497   38.38361   39.17036   39.92583   40.65062   41.34535   42.01065   42.64715   43.25546   43.83621   44.39000   44.91742   45.41906   45.89547   46.34719   46.77475   47.17866   47.55939   47.91740   48.25312   48.56697   48.85933   49.13057   49.38103   49.61101   49.82082   50.01071   50.18092   50.33168   50.46318   50.57558   50.66902   50.74363   50.79951   50.83672   50.85531   50.85531   50.83672   50.79951   50.74363   50.66902   50.57558   50.46318   50.33168   50.18092   50.01071   49.82082   49.61101   49.38103   49.13057   48.85933   48.56697   48.25312   47.91740   47.55939   47.17866   46.77475   46.34719   45.89547   45.41906   44.91742   44.39000   43.83621   43.25546   42.64715   42.01065   41.34535   40.65062   39.92583   39.17036   38.38361   37.56497   36.71388   35.82979   34.91221   33.96067   32.97478   31.95419   30.89866   29.80801   28.68217   27.52118   26.32522   25.09458   23.82972   22.53125   21.19996   19.83680   18.44294   17.01972   15.56868   14.09156   12.59030   11.06702    9.52402    7.96379    6.38894    4.80223    3.20653    1.60478    0.00000
   0.00000    1.66358    3.32386    4.97756    6.62148    8.25250    9.86765   11.46409   13.03917   14.59043   16.11560   17.61263   19.07971   20.51523   21.91781   23.28628   24.61968   25.91726   27.17844   28.40281   29.59014   30.74034   31.85344   32.92960   33.96908   34.97224   35.93949   36.87134   37.76833   38.63107   39.46017   40.25630   41.02014   41.75237   42.45369   43.12480   43.76639   44.37916   44.96377   45.52088   46.05116   46.55521   47.03365   47.48707   47.91602   48.32105   48.70267   49.06137   49.39760   49.71182   50.00442   50.27579   50.52630   50.75627   50.96601   51.15579   51.32588   51.47650   51.60785   51.72012   51.81344   51.88794   51.94373   51.98089   51.99945   51.99945   51.98089   51.94373   51.88794   51.81344   51.72012   51.60785   51.47650   51.32588   51.15579   50.96601   50.75627   50.52630   50.27579   50.00442   49.71182   49.39760   49.06137   48.70267   48.32105   47.91602   47.48707   47.03365   46.55521   46.05116   45.52088   44.96377   44.37916   43.76639   43.12480   42.45369   41.75237   41.02014   40.25630   39.46017   38.63107   37.76833   36.87134   35.93949   34.97224   33.96908   32.92960   31.85344   30.74034   29.59014   28.40281   27.17844   25.91726   24.61968   23.28628   21.91781   20.51523   19.07971   17.61263   16.11560   14.59043   13.03917   11.46409    9.86765    8.25250    6.62148    4.97756    3.32386    1.66358    0.00000
   0.00000    1.72569    3.44777    5.16268    6.86691    8.55709   10.22998   11.88253   13.51188   15.11539   16.69065   18.23550   19.74804   21.22660   22.66977   24.07638   25.44548   26.77634   28.06846   29.32148   30.53525   31.70977   32.84516   33.94169   34.99972   36.01970   37.00218   37.94774   38.85705   39.73079   40.56971   41.37454   42.14605   42.88503   43.59224   44.26847   44.91447   45.53101   46.11881   46.67862   47.21111   47.71698   48.19687   48.65142   49.08122   49.48686   49.86888   50.22780   50.56411   50.87828   51.17073   51.44189   51.69211   51.92176   52.13115   52.32058   52.49032   52.64059   52.77163   52.88360   52.97667   53.05097   53.10660   53.14364   53.16215   53.16215   53.14364   53.10660   53.05097   52.97667   52.88360   52.77163   52.64059   52.49032   52.32058   52.13115   51.92176   51.69211   51.44189   51.17073   50.87828   50.56411   50.22780   49.86888   49.48686   49.08122   48.65142   48.19687   47.71698   47.21111   46.67862   46.11881   45.53101   44.91447   44.26847   43.59224   42.88503   42.14605   41.37454   40.56971   39.73079   38.85705   37.94774   37.00218   36.01970   34.99972   33.94169   32.84516   31.70977   30.53525   29.32148   28.06846   26.77634   25.44548   24.07638   22.66977   21.22660   19.74804   18.23550   16.69065   15.11539   13.51188   11.88253   10.22998    8.55709    6.86691    5.16268    3.44777    1.72569    0.00000
   0.00000    1.79141    3.57886    5.35846    7.12639    8.87895   10.61265   12.32417   14.01042   15.66859   17.29610   18.89069   20.45034   21.97336   23.45830   24.90398   26.30951   27.67418   28.99756   30.27940   31.51962   32.71832   33.87575   34.99229   36.06840   37.10468   38.10178   39.06040   39.98133   40.86536   41.71333   42.52609   43.30451   44.04946   44.76179   45.44236   46.09202   46.71159   47.30187   47.86365   48.39769   48.90472   49.38543   49.84051   50.27059   50.67629   51.05819   51.41684   51.75277   52.06645   52.35836   52.62891   52.87850   53.10751   53.31626   53.50507   53.67421   53.82393   53.95446   54.06599   54.15867   54.23266   54.28805   54.32494   54.34337   54.34337   54.32494   54.28805   54.23266   54.15867   54.06599   53.95446   53.82393   53.67421   53.50507   53.31626   53.10751   52.87850   52.62891   52.35836   52.06645   51.75277   51.41684   51.05819   50.67629   50.27059   49.84051   49.38543   48.90472   48.39769   47.86365   47.30187   46.71159   46.09202   45.44236   44.76179   44.04946   43.30451   42.52609   41.71333   40.86536   39.98133   39.06040   38.10178   37.10468   36.06840   34.99229   33.87575   32.71832   31.51962   30.27940   28.99756   27.67418   26.30951   24.90398   23.45830   21.97336   20.45034   18.89069   17.29610   15.66859   14.01042   12.32417   10.61265    8.87895    7.12639    5.35846    3.57886    1.79141    0.00000
   0.00000    1.86107    3.71781    5.56592    7.40122    9.21970   11.01751   12.79107   14.53706   16.25244   17.93449   19.58080   21.18929   22.75820   24.28608   25.77176   27.21438   28.61332   29.96822   31.27893   32.54550   33.76814   34.94724   36.08330   37.17693   38.22885   39.23985   40.21077   41.14250   42.03598   42.89216   43.71199   44.49645   45.24650   45.96309   46.64717   47.29966   47.92145   48.51343   49.07644   49.61129   50.11877   50.59963   51.05459   51.48434   51.88952   52.27075   52.62861   52.96366   53.27641   53.56733   53.83689   54.08548   54.31351   54.52131   54.70922   54.87752   55.02647   55.15630   55.26721   55.35938   55.43295   55.48802   55.52469   55.54301   55.54301   55.52469   55.48802   55.43295   55.35938   55.26721   55.15630   55.02647   54.87752   54.70922   54.52131   54.31351   54.08548   53.83689   53.56733   53.27641   52.96366   52.62861   52.27075   51.88952   51.48434   51.05459   50.59963   50.11877   49.61129   49.07644   48.51343   47.92145   47.29966   46.64717   45.96309   45.24650   44.49645   43.71199   42.89216   42.03598   41.14250   40.21077   39.23985   38.22885   37.17693   36.08330   34.94724   33.76814   32.54550   31.27893   29.96822   28.61332   27.21438   25.77176   24.28608   22.75820   21.18929   19.58080   17.93449   16.25244   14.53706   12.79107   11.01751    9.21970    7.40122    5.56592    3.71781    1.86107    0.00000
   0.00000    1.93508    3.86538    5.78618    7.69289    9.58110   11.44662   13.28555   15.09431   16.86963   18.60861   20.30873   21.96782   23.58408   25.15604   26.68260   28.16292   29.59650   30.98308   32.32261   33.61531   34.86152   36.06177   37.21673   38.32717   39.39394   40.41800   41.40032   42.34194   43.24392   44.10733   44.93327   45.72280   46.47699   47.19691   47.88357   48.53799   49.16114   49.75397   50.31739   50.85227   51.35945   51.83974   52.29390   52.72266   53.12670   53.50668   53.86321   54.19687   54.50819   54.79769   55.06583   55.31304   55.53973   55.74627   55.93298   56.10018   56.24812   56.37706   56.48719   56.57870   56.65173   56.70640   56.74279   56.76098   56.76098   56.74279   56.70640   56.65173   56.57870   56.48719   56.37706   56.24812   56.10018   55.93298   55.74627   55.53973   55.31304   55.06583   54.79769   54.50819   54.19687   53.86321   53.50668   53.12670   52.72266   52.29390   51.83974   51.35945   50.85227   50.31739   49.75397   49.16114   48.53799   47.88357   47.19691   46.47699   45.72280   44.93327   44.10733   43.24392   42.34194   41.40032   40.41800   39.39394   38.32717   37.21673   36.06177   34.86152   33.61531   32.32261   30.98308   29.59650   28.16292   26.68260   25.15604   23.58408   21.96782   20.30873   18.60861   16.86963   15.09431   13.28555   11.44662    9.58110    7.69289    5.78618    3.86538    1.93508    0.00000
   0.00000    2.01387    4.02245    6.02053    8.00306    9.96518   11.90231   13.81021   15.68499   17.52315   19.32160   21.07770   22.78919   24.45425   26.07143   27.63966   29.15822   30.62670   32.04496   33.41315   34.73159   36.00084   37.22160   38.39469   39.52107   40.60176   41.63788   42.63057   43.58101   44.49042   45.35999   46.19095   46.98448   47.74177   48.46398   49.15222   49.80759   50.43115   51.02392   51.58687   52.12094   52.62702   53.10598   53.55861   53.98569   54.38795   54.76606   55.12068   55.45240   55.76180   56.04940   56.31569   56.56113   56.78612   56.99105   57.17627   57.34209   57.48879   57.61662   57.72580   57.81649   57.88887   57.94305   57.97912   57.99713   57.99713   57.97912   57.94305   57.88887   57.81649   57.72580   57.61662   57.48879   57.34209   57.17627   56.99105   56.78612   56.56113   56.31569   56.04940   55.76180   55.45240   55.12068   54.76606   54.38795   53.98569   53.55861   53.10598   52.62702   52.12094   51.58687   51.02392   50.43115   49.80759   49.15222   48.46398   47.74177   46.98448   46.19095   45.35999   44.49042   43.58101   42.63057   41.63788   40.60176   39.52107   38.39469   37.22160   36.00084   34.73159   33.41315   32.04496   30.62670   29.15822   27.63966   26.07143   24.45425   22.78919   21.07770   19.32160   17.52315   15.68499   13.81021   11.90231    9.96518    8.00306    6.02053    4.02245    2.01387    0.00000
   0.00000    2.09794    4.19001    6.27045    8.33364   10.37425   12.38725   14.36800   16.31229   18.21636   20.07696   21.89127   23.65700   25.37230   27.03576   28.64640   30.20360   31.70710   33.15693   34.55341   35.89708   37.18867   38.42909   39.61936   40.76065   41.85416   42.90119   43.90306   44.86113   45.77675   46.65127   47.48605   48.28241   49.04164   49.76501   50.45374   51.10901   51.73196   52.32369   52.88523   53.41760   53.92173   54.39854   54.84888   55.27355   55.67334   56.04894   56.40104   56.73027   57.03721   57.32243   57.58642   57.82965   58.05256   58.25555   58.43896   58.60313   58.74834   58.87485   58.98288   59.07261   59.14422   59.19781   59.23349   59.25131   59.25131   59.23349   59.19781   59.14422   59.07261   58.98288   58.87485   58.74834   58.60313   58.43896   58.25555   58.05256   57.82965   57.58642   57.32243   57.03721   56.73027   56.40104   56.04894   55.67334   55.27355   54.84888   54.39854   53.92173   53.41760   52.88523   52.32369   51.73196   51.10901   50.45374   49.76501   49.04164   48.28241   47.48605   46.65127   45.77675   44.86113   43.90306   42.90119   41.85416   40.76065   39.61936   38.42909   37.18867   35.89708   34.55341   33.15693   31.70710   30.20360   28.64640   27.03576   25.37230   23.65700   21.89127   20.07696   18.21636   16.31229   14.36800   12.38725   10.37425    8.33364    6.27045    4.19001    2.09794    0.00000
   0.00000    2.18788    4.36922    6.53760    8.68681   10.81092   12.90443   14.96224   16.97980   18.95307   20.87858   22.75343   24.57524   26.34218   28.05291   29.70657   31.30268   32.84116   34.32226   35.74650   37.11465   38.42767   39.68671   40.89303   42.04800   43.15305   44.20966   45.21937   46.18369   47.10417   47.98230   48.81958   49.61747   50.37738   51.10069   51.78872   52.44275   53.06400   53.65364   54.21278   54.74249   55.24377   55.71757   56.16480   56.58632   56.98290   57.35532   57.70427   58.03042   58.33436   58.61668   58.87790   59.11850   59.33894   59.53961   59.72090   59.88312   60.02659   60.15156   60.25825   60.34687   60.41758   60.47049   60.50572   60.52331   60.52331   60.50572   60.47049   60.41758   60.34687   60.25825   60.15156   60.02659   59.88312   59.72090   59.53961   59.33894   59.11850   58.87790   58.61668   58.33436   58.03042   57.70427   57.35532   56.98290   56.58632   56.16480   55.71757   55.24377   54.74249   54.21278   53.65364   53.06400   52.44275   51.78872   51.10069   50.37738   49.61747   48.81958   47.98230   47.10417   46.18369   45.21937   44.20966   43.15305   42.04800   40.89303   39.68671   38.42767   37.11465   35.74650   34.32226   32.84116   31.30268   29.70657   28.05291   26.34218   24.57524   22.75343   20.87858   18.95307   16.97980   14.96224   12.90443   10.81092    8.68681    6.53760    4.36922    2.18788    0.00000
   0.00000    2.28435    4.56138    6.82393    9.06506   11.27822   13.45730   15.59674   17.69160   19.73754   21.73088   23.66862   25.54834   27.36827   29.12715   30.82428   32.45939   34.03262   35.54445   36.99567   38.38733   39.72066   40.99707   42.21806   43.38527   44.50036   45.56505   46.58106   47.55011   48.47393   49.35418   50.19251   50.99051   51.74972   52.47165   53.15771   53.80927   54.42765   55.01408   55.56976   56.09581   56.59328   57.06318   57.50646   57.92400   58.31665   58.68518   59.03032   59.35277   59.65314   59.93204   60.19000   60.42753   60.64508   60.84308   61.02190   61.18188   61.32334   61.44654   61.55171   61.63905   61.70872   61.76087   61.79557   61.81291   61.81291   61.79557   61.76087   61.70872   61.63905   61.55171   61.44654   61.32334   61.18188   61.02190   60.84308   60.64508   60.42753   60.19000   59.93204   59.65314   59.35277   59.03032   58.68518   58.31665   57.92400   57.50646   57.06318   56.59328   56.09581   55.56976   55.01408   54.42765   53.80927   53.15771   52.47165   51.74972   50.99051   50.19251   49.35418   48.47393   47.55011   46.58106   45.56505   44.50036   43.38527   42.21806   40.99707   39.72066   38.38733   36.99567   35.54445   34.03262   32.45939   30.82428   29.12715   27.36827   25.54834   23.66862   21.73088   19.73754   17.69160   15.59674   13.45730   11.27822    9.06506    6.82393    4.56138    2.28435    0.00000
   0.00000    2.38813    4.76804    7.13167    9.47129   11.77958   14.04980   16.27584   18.45232   20.57459   22.63880   24.64182   26.58125   28.45539   30.26315   32.00402   33.67799   35.28546   36.82724   38.30442   39.71835   41.07058   42.36282   43.59688   44.77466   45.89808   46.96911   47.98970   48.96178   49.88726   50.76798   51.60576   52.40233   53.15936   53.87847   54.56119   55.20898   55.82324   56.40529   56.95638   57.47770   57.97036   58.43541   58.87385   59.28659   59.67451   60.03842   60.37907   60.69718   60.99340   61.26833   61.52253   61.75653   61.97078   62.16571   62.34173   62.49917   62.63836   62.75955   62.86299   62.94889   63.01741   63.06868   63.10281   63.11985   63.11985   63.10281   63.06868   63.01741   62.94889   62.86299   62.75955   62.63836   62.49917   62.34173   62.16571   61.97078   61.75653   61.52253   61.26833   60.99340   60.69718   60.37907   60.03842   59.67451   59.28659   58.87385   58.43541   57.97036   57.47770   56.95638   56.40529   55.82324   55.20898   54.56119   53.87847   53.15936   52.40233   51.60576   50.76798   49.88726   48.96178   47.98970   46.96911   45.89808   44.77466   43.59688   42.36282   41.07058   39.71835   38.30442   36.82724   35.28546   33.67799   32.00402   30.26315   28.45539   26.58125   24.64182   22.63880   20.57459   18.45232   16.27584   14.04980   11.77958    9.47129    7.13167    4.76804    2.38813    0.00000
   0.00000    2.50012    4.99096    7.46344    9.90885   12.31903   14.68648   17.00450   19.26723   21.46972   23.60791   25.67860   27.67945   29.60889   31.46605   33.25067   34.96307   36.60401   38.17463   39.67641   41.11106   42.48050   43.78676   45.03199   46.21840   47.34820   48.42361   49.44685   50.42005   51.34534   52.22474   53.06022   53.85368   54.60693   55.32168   55.99959   56.64222   57.25104   57.82746   58.37278   58.88825   59.37505   59.83427   60.26693   60.67400   61.05638   61.41491   61.75038   62.06350   62.35495   62.62535   62.87528   63.10527   63.31579   63.50728   63.68014   63.83473   63.97136   64.09031   64.19183   64.27611   64.34334   64.39364   64.42712   64.44384   64.44384   64.42712   64.39364   64.34334   64.27611   64.19183   64.09031   63.97136   63.83473   63.68014   63.50728   63.31579   63.10527   62.87528   62.62535   62.35495   62.06350   61.75038   61.41491   61.05638   60.67400   60.26693   59.83427   59.37505   58.88825   58.37278   57.82746   57.25104   56.64222   55.99959   55.32168   54.60693   53.85368   53.06022   52.22474   51.34534   50.42005   49.44685   48.42361   47.34820   46.21840   45.03199   43.78676   42.48050   41.11106   39.67641   38.17463   36.60401   34.96307   33.25067   31.46605   29.60889   27.67945   25.67860   23.60791   21.46972   19.26723   17.00450   14.68648   12.31903    9.90885    7.46344    4.99096    2.50012    0.00000
   0.00000    2.62139    5.23225    7.82228   10.38165   12.90120   15.37259   17.78844   20.14239   22.42916   24.64450   26.78522   28.84907   30.83468   32.74147   34.56955   36.31962   37.99287   39.59087   41.11553   42.56900   43.95358   45.27172   46.52593   47.71874   48.85270   49.93031   50.95402   51.92625   52.84930   53.72541   54.55671   55.34525   56.09298   56.80174   57.47329   58.10927   58.71126   59.28071   59.81903   60.32749   60.80733   61.25967   61.68560   62.08610   62.46211   62.81448   63.14402   63.45148   63.73755   64.00285   64.24798   64.47348   64.67983   64.86748   65.03683   65.18824   65.32204   65.43851   65.53790   65.62040   65.68620   65.73543   65.76819   65.78455   65.78455   65.76819   65.73543   65.68620   65.62040   65.53790   65.43851   65.32204   65.18824   65.03683   64.86748   64.67983   64.47348   64.24798   64.00285   63.73755   63.45148   63.14402   62.81448   62.46211   62.08610   61.68560   61.25967   60.80733   60.32749   59.81903   59.28071   58.71126   58.10927   57.47329   56.80174   56.09298   55.34525   54.55671   53.72541   52.84930   51.92625   50.95402   49.93031   48.85270   47.71874   46.52593   45.27172   43.95358   42.56900   41.11553   39.59087   37.99287   36.31962   34.56955   32.74147   30.83468   28.84907   26.78522   24.64450   22.42916   20.14239   17.78844   15.37259   12.90120   10.38165    7.82228    5.23225    2.62139    0.00000
   0.00000    2.75320    5.49436    8.21177   10.89426   13.53152   16.11424   18.63428   21.08474   23.46001   25.75573   27.96872   30.09692   32.13928   34.09560   35.96644   37.75300   39.45697   41.08045   42.62585   44.09581   45.49311   46.82062   48.08127   49.27795   50.41355   51.49089   52.51270   53.48162   54.40021   55.27089   56.09596   56.87764   57.61801   58.31902   58.98254   59.61032   60.20400   60.76512   61.29512   61.79535   62.26709   62.71151   63.12970   63.52270   63.89147   64.23688   64.55975   64.86086   65.14090   65.40052   65.64032   65.86084   66.06257   66.24597   66.41145   66.55937   66.69006   66.80380   66.90084   66.98139   67.04563   67.09368   67.12566   67.14164   67.14164   67.12566   67.09368   67.04563   66.98139   66.90084   66.80380   66.69006   66.55937   66.41145   66.24597   66.06257   65.86084   65.64032   65.40052   65.14090   64.86086   64.55975   64.23688   63.89147   63.52270   63.12970   62.71151   62.26709   61.79535   61.29512   60.76512   60.20400   59.61032   58.98254   58.31902   57.61801   56.87764   56.09596   55.27089   54.40021   53.48162   52.51270   51.49089   50.41355   49.27795   48.08127   46.82062   45.49311   44.09581   42.62585   41.08045   39.45697   37.75300   35.96644   34.09560   32.13928   30.09692   27.96872   25.75573   23.46001   21.08474   18.63428   16.11424   13.53152   10.89426    8.21177    5.49436    2.75320    0.00000
   0.00000    2.89703    5.78024    8.63617   11.45212   14.21639   16.91858   19.54970   22.10229   24.57043   26.94967   29.23700   31.43062   33.52992   35.53521   37.44762   39.26897   41.00156   42.64811   44.21162   45.69529   47.10243   48.43640   49.70056   50.89824   52.03266   53.10699   54.12425   55.08734   55.99903   56.86196   57.67861   58.45135   59.18238   59.87379   60.52755   61.14548   61.72931   62.28064   62.80098   63.29172   63.75418   64.18956   64.59900   64.98355   65.34418   65.68181   65.99726   66.29131   66.56468   66.81802   67.05194   67.26698   67.46364   67.64239   67.80363   67.94774   68.07503   68.18579   68.28028   68.35871   68.42124   68.46802   68.49914   68.51469   68.51469   68.49914   68.46802   68.42124   68.35871   68.28028   68.18579   68.07503   67.94774   67.80363   67.64239   67.46364   67.26698   67.05194   66.81802   66.56468   66.29131   65.99726   65.68181   65.34418   64.98355   64.59900   64.18956   63.75418   63.29172   62.80098   62.28064   61.72931   61.14548   60.52755   59.87379   59.18238   58.45135   57.67861   56.86196   55.99903   55.08734   54.12425   53.10699   52.03266   50.89824   49.70056   48.43640   47.10243   45.69529   44.21162   42.64811   41.00156   39.26897   37.44762   35.53521   33.52992   31.43062   29.23700   26.94967   24.57043   22.10229   19.54970   16.91858   14.21639   11.45212    8.63617    5.78024    2.89703    0.00000
   0.00000    3.05469    6.09339    9.10057   12.06164   14.96334   17.79398   20.54364   23.20429   25.76973   28.23555   30.59897   32.85866   35.01457   37.06769   39.01988   40.87369   42.63219   44.29880   45.87722   47.37129   48.78491   50.12198   51.38635   52.58177   53.71188   54.78017   55.78997   56.74446   57.64662   58.49931   59.30519   60.06676   60.78637   61.46622   62.10837   62.71474   63.28712   63.82716   64.33644   64.81638   65.26834   65.69355   66.09318   66.46831   66.81991   67.14891   67.45616   67.74245   68.00849   68.25495   68.48243   68.69149   68.88264   69.05632   69.21296   69.35292   69.47652   69.58407   69.67579   69.75191   69.81260   69.85800   69.88821   69.90329   69.90329   69.88821   69.85800   69.81260   69.75191   69.67579   69.58407   69.47652   69.35292   69.21296   69.05632   68.88264   68.69149   68.48243   68.25495   68.00849   67.74245   67.45616   67.14891   66.81991   66.46831   66.09318   65.69355   65.26834   64.81638   64.33644   63.82716   63.28712   62.71474   62.10837   61.46622   60.78637   60.06676   59.30519   58.49931   57.64662   56.74446   55.78997   54.78017   53.71188   52.58177   51.38635   50.12198   48.78491   47.37129   45.87722   44.29880   42.63219   40.87369   39.01988   37.06769   35.01457   32.85866   30.59897   28.23555   25.76973   23.20429   20.54364   17.79398   14.96334   12.06164    9.10057    6.09339    3.05469    0.00000
   0.00000    3.22835    6.43805    9.61106   12.73055   15.78136   18.75035   21.62660   24.40149   27.06865   29.62383   32.06467   34.39049   36.60201   38.70109   40.69051   42.57373   44.35470   46.03769   47.62719   49.12775   50.54395   51.88027   53.14108   54.33062   55.45292   56.51184   57.51101   58.45389   59.34370   60.18348   60.97607   61.72412   62.43012   63.09636   63.72498   64.31800   64.87725   65.40446   65.90122   66.36903   66.80924   67.22313   67.61189   67.97658   68.31823   68.63777   68.93604   69.21384   69.47189   69.71086   69.93135   70.13393   70.31909   70.48730   70.63896   70.77445   70.89408   70.99816   71.08691   71.16055   71.21926   71.26318   71.29239   71.30699   71.30699   71.29239   71.26318   71.21926   71.16055   71.08691   70.99816   70.89408   70.77445   70.63896   70.48730   70.31909   70.13393   69.93135   69.71086   69.47189   69.21384   68.93604   68.63777   68.31823   67.97658   67.61189   67.22313   66.80924   66.36903   65.90122   65.40446   64.87725   64.31800   63.72498   63.09636   62.43012   61.72412   60.97607   60.18348   59.34370   58.45389   57.51101   56.51184   55.45292   54.33062   53.14108   51.88027   50.54395   49.12775   47.62719   46.03769   44.35470   42.57373   40.69051   38.70109   36.60201   34.39049   32.06467   29.62383   27.06865   24.40149   21.62660   18.75035   15.78136   12.73055    9.61106    6.43805    3.22835    0.00000
   0.00000    3.42067    6.81940   10.17507   13.46814   16.68120   19.79947   22.81092   25.70642   28.47956   31.12644   33.64539   36.03661   38.30188   40.44416   42.46735   44.37603   46.17518   47.87007   49.46608   50.96858   52.38286   53.71405   54.96710   56.14671   57.25735   58.30325   59.28835   60.21638   61.09080   61.91483   62.69149   63.42355   64.11362   64.76410   65.37721   65.95502   66.49942   67.01220   67.49498   67.94927   68.37646   68.77786   69.15464   69.50791   69.83868   70.14789   70.43639   70.70497   70.95437   71.18524   71.39819   71.59378   71.77251   71.93483   72.08115   72.21183   72.32721   72.42756   72.51313   72.58413   72.64072   72.68305   72.71121   72.72527   72.72527   72.71121   72.68305   72.64072   72.58413   72.51313   72.42756   72.32721   72.21183   72.08115   71.93483   71.77251   71.59378   71.39819   71.18524   70.95437   70.70497   70.43639   70.14789   69.83868   69.50791   69.15464   68.77786   68.37646   67.94927   67.49498   67.01220   66.49942   65.95502   65.37721   64.76410   64.11362   63.42355   62.69149   61.91483   61.09080   60.21638   59.28835   58.30325   57.25735   56.14671   54.96710   53.71405   52.38286   50.96858   49.46608   47.87007   46.17518   44.37603   42.46735   40.44416   38.30188   36.03661   33.64539   31.12644   28.47956   25.70642   22.81092   19.79947   16.68120   13.46814   10.17507    6.81940    3.42067    0.00000
   0.00000    3.63492    7.24380   10.80169   14.28572   17.67585   20.95538   24.11120   27.13372   30.01673   32.75698   35.35382   37.80870   40.12474   42.30631   44.35872   46.28784   48.09992   49.80134   51.39848   52.89763   54.30486   55.62599   56.86655   58.03176   59.12653   60.15544   61.12277   62.03249   62.88829   63.69357   64.45149   65.16498   65.83673   66.46922   67.06475   67.62544   68.15323   68.64994   69.11722   69.55660   69.96949   70.35720   70.72091   71.06174   71.38069   71.67871   71.95665   72.21530   72.45537   72.67754   72.88240   73.07049   73.24233   73.39835   73.53897   73.66453   73.77537   73.87176   73.95393   74.02211   74.07645   74.11709   74.14412   74.15763   74.15763   74.14412   74.11709   74.07645   74.02211   73.95393   73.87176   73.77537   73.66453   73.53897   73.39835   73.24233   73.07049   72.88240   72.67754   72.45537   72.21530   71.95665   71.67871   71.38069   71.06174   70.72091   70.35720   69.96949   69.55660   69.11722   68.64994   68.15323   67.62544   67.06475   66.46922   65.83673   65.16498   64.45149   63.69357   62.88829   62.03249   61.12277   60.15544   59.12653   58.03176   56.86655   55.62599   54.30486   52.89763   51.39848   49.80134   48.09992   46.28784   44.35872   42.30631   40.12474   37.80870   35.35382   32.75698   30.01673   27.13372   24.11120   20.95538   17.67585   14.28572   10.80169    7.24380    3.63492    0.00000
   0.00000    3.87522    7.71919   11.50218   15.19721   18.78110   22.23502   25.54476   28.70053   31.69664   34.53094   37.20423   39.71963   42.08205   44.29764   46.37337   48.31671   50.13532   51.83687   53.42889   54.91861   56.31296   57.61849   58.84134   59.98726   61.06157   62.06923   63.01481   63.90253   64.73629   65.51966   66.25594   66.94815   67.59908   68.21129   68.78713   69.32875   69.83813   70.31711   70.76736   71.19042   71.58771   71.96052   72.31007   72.63744   72.94365   73.22962   73.49621   73.74420   73.97429   74.18715   74.38336   74.56347   74.72796   74.87729   75.01183   75.13196   75.23798   75.33016   75.40874   75.47393   75.52588   75.56473   75.59057   75.60348   75.60348   75.59057   75.56473   75.52588   75.47393   75.40874   75.33016   75.23798   75.13196   75.01183   74.87729   74.72796   74.56347   74.38336   74.18715   73.97429   73.74420   73.49621   73.22962   72.94365   72.63744   72.31007   71.96052   71.58771   71.19042   70.76736   70.31711   69.83813   69.32875   68.78713   68.21129   67.59908   66.94815   66.25594   65.51966   64.73629   63.90253   63.01481   62.06923   61.06157   59.98726   58.84134   57.61849   56.31296   54.91861   53.42889   51.83687   50.13532   48.31671   46.37337   44.29764   42.08205   39.71963   37.20423   34.53094   31.69664   28.70053   25.54476   22.23502   18.78110   15.19721   11.50218    7.71919    3.87522    0.00000
   0.00000    4.14675    8.25558   12.29062   16.21984   20.01630   23.65885   27.13229   30.42701   33.53837   36.46591   39.21251   41.78355   44.18621   46.42882   48.52041   50.47030   52.28778   53.98195   55.56158   57.03495   58.40989   59.69368   60.89308   62.01435   63.06326   64.04509   64.96470   65.82653   66.63467   67.39284   68.10445   68.77260   69.40017   69.98974   70.54372   71.06429   71.55344   72.01302   72.44469   72.85002   73.23040   73.58713   73.92140   74.23430   74.52684   74.79991   75.05437   75.29099   75.51045   75.71340   75.90043   76.07206   76.22877   76.37100   76.49913   76.61350   76.71442   76.80216   76.87695   76.93898   76.98841   77.02537   77.04997   77.06224   77.06224   77.04997   77.02537   76.98841   76.93898   76.87695   76.80216   76.71442   76.61350   76.49913   76.37100   76.22877   76.07206   75.90043   75.71340   75.51045   75.29099   75.05437   74.79991   74.52684   74.23430   73.92140   73.58713   73.23040   72.85002   72.44469   72.01302   71.55344   71.06429   70.54372   69.98974   69.40017   68.77260   68.10445   67.39284   66.63467   65.82653   64.96470   64.04509   63.06326   62.01435   60.89308   59.69368   58.40989   57.03495   55.56158   53.98195   52.28778   50.47030   48.52041   46.42882   44.18621   41.78355   39.21251   36.46591   33.53837   30.42701   27.13229   23.65885   20.01630   16.21984   12.29062    8.25558    4.14675    0.00000
   0.00000    4.45620    8.86574   13.18488   17.37523   21.40540   25.25180   28.89855   32.33684   35.56391   38.58183   41.39636   44.01586   46.45040   48.71102   50.80917   52.75629   54.56354   56.24159   57.80052   59.24974   60.59797   61.85324   63.02295   64.11382   65.13203   66.08317   66.97236   67.80424   68.58303   69.31259   69.99640   70.63765   71.23924   71.80380   72.33373   72.83124   73.29833   73.73682   74.14838   74.53456   74.89673   75.23619   75.55410   75.85154   76.12948   76.38882   76.63039   76.85492   77.06312   77.25559   77.43290   77.59557   77.74407   77.87881   78.00017   78.10849   78.20405   78.28712   78.35791   78.41663   78.46341   78.49840   78.52167   78.53329   78.53329   78.52167   78.49840   78.46341   78.41663   78.35791   78.28712   78.20405   78.10849   78.00017   77.87881   77.74407   77.59557   77.43290   77.25559   77.06312   76.85492   76.63039   76.38882   76.12948   75.85154   75.55410   75.23619   74.89673   74.53456   74.14838   73.73682   73.29833   72.83124   72.33373   71.80380   71.23924   70.63765   69.99640   69.31259   68.58303   67.80424   66.97236   66.08317   65.13203   64.11382   63.02295   61.85324   60.59797   59.24974   57.80052   56.24159   54.56354   52.75629   50.80917   48.71102   46.45040   44.01586   41.39636   38.58183   35.56391   32.33684   28.89855   25.25180   21.40540   17.37523   13.18488    8.86574    4.45620    0.00000
   0.00000    4.81231    9.56632   14.20794   18.69079   22.97828   27.04440   30.87327   34.45791   37.79860   40.90113   43.77522   46.43313   48.88852   51.15570   53.24895   55.18215   56.96849   58.62034   60.14917   61.56551   62.87900   64.09839   65.23164   66.28596   67.26785   68.18320   69.03733   69.83502   70.58063   71.27809   71.93093   72.54237   73.11534   73.65247   74.15617   74.62862   75.07181   75.48754   75.87747   76.24310   76.58579   76.90680   77.20728   77.48827   77.75072   77.99551   78.22343   78.43521   78.63151   78.81292   78.98001   79.13326   79.27313   79.40001   79.51427   79.61623   79.70617   79.78434   79.85096   79.90620   79.95022   79.98313   80.00503   80.01596   80.01596   80.00503   79.98313   79.95022   79.90620   79.85096   79.78434   79.70617   79.61623   79.51427   79.40001   79.27313   79.13326   78.98001   78.81292   78.63151   78.43521   78.22343   77.99551   77.75072   77.48827   77.20728   76.90680   76.58579   76.24310   75.87747   75.48754   75.07181   74.62862   74.15617   73.65247   73.11534   72.54237   71.93093   71.27809   70.58063   69.83502   69.03733   68.18320   67.26785   66.28596   65.23164   64.09839   62.87900   61.56551   60.14917   58.62034   56.96849   55.18215   53.24895   51.15570   48.88852   46.43313   43.77522   40.90113   37.79860   34.45791   30.87327   27.04440   22.97828   18.69079   14.20794    9.56632    4.81231    0.00000
   0.00000    5.22672   10.37927   15.38978   20.20172   24.77253   29.07425   33.09221   36.82292   40.27144   43.44888   46.37029   49.05290   51.51486   53.77431   55.84879   57.75487   59.50794   61.12213   62.61031   63.98414   65.25412   66.42967   67.51928   68.53053   69.47023   70.34447   71.15872   71.91790   72.62640   73.28819   73.90684   74.48557   75.02727   75.53458   76.00986   76.45526   76.87275   77.26408   77.63086   77.97457   78.29652   78.59795   78.87995   79.14354   79.38963   79.61907   79.83262   80.03098   80.21478   80.38460   80.54096   80.68434   80.81517   80.93383   81.04067   81.13599   81.22006   81.29313   81.35538   81.40701   81.44814   81.47889   81.49934   81.50956   81.50956   81.49934   81.47889   81.44814   81.40701   81.35538   81.29313   81.22006   81.13599   81.04067   80.93383   80.81517   80.68434   80.54096   80.38460   80.21478   80.03098   79.83262   79.61907   79.38963   79.14354   78.87995   78.59795   78.29652   77.97457   77.63086   77.26408   76.87275   76.45526   76.00986   75.53458   75.02727   74.48557   73.90684   73.28819   72.62640   71.91790   71.15872   70.34447   69.47023   68.53053   67.51928   66.42967   65.25412   63.98414   62.61031   61.12213   59.50794   57.75487   55.84879   53.77431   51.51486   49.05290   46.37029   43.44888   40.27144   36.82292   33.09221   29.07425   24.77253   20.20172   15.38978   10.37927    5.22672    0.00000
   0.00000    5.71532   11.33424   16.77020   21.95376   26.83589   31.38784   35.59841   39.47014   43.01535   46.25265   49.20414   51.89332   54.34371   56.57789   58.61703   60.48060   62.18626   63.74992   65.18581   66.50663   67.72365   68.84690   69.88527   70.84665   71.73805   72.56572   73.33520   74.05144   74.71887   75.34144   75.92268   76.46579   76.97361   77.44871   77.89342   78.30983   78.69984   79.06515   79.40733   79.72778   80.02779   80.30853   80.57104   80.81631   81.04520   81.25852   81.45700   81.64130   81.81203   81.96972   82.11489   82.24797   82.36938   82.47948   82.57858   82.66700   82.74497   82.81272   82.87044   82.91831   82.95644   82.98494   83.00390   83.01337   83.01337   83.00390   82.98494   82.95644   82.91831   82.87044   82.81272   82.74497   82.66700   82.57858   82.47948   82.36938   82.24797   82.11489   81.96972   81.81203   81.64130   81.45700   81.25852   81.04520   80.81631   80.57104   80.30853   80.02779   79.72778   79.40733   79.06515   78.69984   78.30983   77.89342   77.44871   76.97361   76.46579   75.92268   75.34144   74.71887   74.05144   73.33520   72.56572   71.73805   70.84665   69.88527   68.84690   67.72365   66.50663   65.18581   63.74992   62.18626   60.48060   58.61703   56.57789   54.34371   51.89332   49.20414   46.25265   43.01535   39.47014   35.59841   31.38784   26.83589   21.95376   16.77020   11.33424    5.71532    0.00000
   0.00000    6.30032   12.47216   18.40304   24.00721   29.22943   34.04282   38.44345   42.44386   46.06717   49.34225   52.30031   54.97255   57.38875   59.57650   61.56085   63.36423   65.00658   66.50547   67.87639   69.13291   70.28697   71.34902   72.32825   73.23274   74.06962   74.84516   75.56491   76.23381   76.85621   77.43601   77.97667   78.48129   78.95265   79.39324   79.80529   80.19081   80.55162   80.88937   81.20553   81.50144   81.77834   82.03732   82.27938   82.50544   82.71634   82.91281   83.09556   83.26520   83.42231   83.56738   83.70090   83.82328   83.93490   84.03611   84.12720   84.20845   84.28009   84.34234   84.39537   84.43933   84.47436   84.50054   84.51796   84.52665   84.52665   84.51796   84.50054   84.47436   84.43933   84.39537   84.34234   84.28009   84.20845   84.12720   84.03611   83.93490   83.82328   83.70090   83.56738   83.42231   83.26520   83.09556   82.91281   82.71634   82.50544   82.27938   82.03732   81.77834   81.50144   81.20553   80.88937   80.55162   80.19081   79.80529   79.39324   78.95265   78.48129   77.97667   77.43601   76.85621   76.23381   75.56491   74.84516   74.06962   73.23274   72.32825   71.34902   70.28697   69.13291   67.87639   66.50547   65.00658   63.36423   61.56085   59.57650   57.38875   54.97255   52.30031   49.34225   46.06717   42.44386   38.44345   34.04282   29.22943   24.00721   18.40304   12.47216    6.30032    0.00000
   0.00000    7.01378   13.85106   20.36259   26.44262   32.03179   37.11057   41.68870   45.79470   49.46721   52.74886   55.68229   58.30781   60.66225   62.77852   64.68564   66.40891   67.97035   69.38900   70.68135   71.86166   72.94229   73.93395   74.84597   75.68646   76.46252   77.18038   77.84549   78.46266   79.03615   79.56971   80.06669   80.53006   80.96248   81.36631   81.74368   82.09649   82.42648   82.73517   83.02396   83.29413   83.54680   83.78302   84.00372   84.20975   84.40189   84.58084   84.74723   84.90165   85.04461   85.17660   85.29805   85.40935   85.51085   85.60286   85.68566   85.75950   85.82461   85.88118   85.92936   85.96931   86.00113   86.02491   86.04073   86.04863   86.04863   86.04073   86.02491   86.00113   85.96931   85.92936   85.88118   85.82461   85.75950   85.68566   85.60286   85.51085   85.40935   85.29805   85.17660   85.04461   84.90165   84.74723   84.58084   84.40189   84.20975   84.00372   83.78302   83.54680   83.29413   83.02396   82.73517   82.42648   82.09649   81.74368   81.36631   80.96248   80.53006   80.06669   79.56971   79.03615   78.46266   77.84549   77.18038   76.46252   75.68646   74.84597   73.93395   72.94229   71.86166   70.68135   69.38900   67.97035   66.40891   64.68564   62.77852   60.66225   58.30781   55.68229   52.74886   49.46721   45.79470   41.68870   37.11057   32.03179   26.44262   20.36259   13.85106    7.01378    0.00000
   0.00000    7.90373   15.55571   22.75364   29.36889   35.34455   40.67895   45.40609   49.57902   53.25811   56.50371   59.37219   61.91415   64.17391   66.18971   67.99426   69.61543   71.07691   72.39884   73.59836   74.69010   75.68658   76.59853   77.43521   78.20460   78.91364   79.56835   80.17400   80.73520   81.25601   81.74000   82.19032   82.60979   83.00089   83.36584   83.70662   84.02502   84.32262   84.60086   84.86104   85.10431   85.33173   85.54425   85.74273   85.92796   86.10064   86.26142   86.41087   86.54954   86.67789   86.79637   86.90536   87.00522   87.09628   87.17881   87.25307   87.31929   87.37768   87.42839   87.47159   87.50740   87.53593   87.55725   87.57143   87.57851   87.57851   87.57143   87.55725   87.53593   87.50740   87.47159   87.42839   87.37768   87.31929   87.25307   87.17881   87.09628   87.00522   86.90536   86.79637   86.67789   86.54954   86.41087   86.26142   86.10064   85.92796   85.74273   85.54425   85.33173   85.10431   84.86104   84.60086   84.32262   84.02502   83.70662   83.36584   83.00089   82.60979   82.19032   81.74000   81.25601   80.73520   80.17400   79.56835   78.91364   78.20460   77.43521   76.59853   75.68658   74.69010   73.59836   72.39884   71.07691   69.61543   67.99426   66.18971   64.17391   61.91415   59.37219   56.50371   53.25811   49.57902   45.40609   40.67895   35.34455   29.36889   22.75364   15.55571    7.90373    0.00000
   0.00000    9.04544   17.71442   25.72735   32.93475   39.29857   44.85460   49.67769   53.85720   57.48250   60.63566   63.38861   65.80270   67.92954   69.81213   71.48626   72.98163   74.32301   75.53108   76.62314   77.61380   78.51539   79.33839   80.09174   80.78310   81.41908   82.00538   82.54696   83.04814   83.51270   83.94395   84.34482   84.71789   85.06544   85.38953   85.69195   85.97433   86.23812   86.48463   86.71501   86.93034   87.13155   87.31951   87.49500   87.65871   87.81129   87.95332   88.08531   88.20774   88.32105   88.42562   88.52180   88.60991   88.69023   88.76303   88.82853   88.88693   88.93841   88.98313   89.02121   89.05278   89.07793   89.09673   89.10923   89.11547   89.11547   89.10923   89.09673   89.07793   89.05278   89.02121   88.98313   88.93841   88.88693   88.82853   88.76303   88.69023   88.60991   88.52180   88.42562   88.32105   88.20774   88.08531   87.95332   87.81129   87.65871   87.49500   87.31951   87.13155   86.93034   86.71501   86.48463   86.23812   85.97433   85.69195   85.38953   85.06544   84.71789   84.34482   83.94395   83.51270   83.04814   82.54696   82.00538   81.41908   80.78310   80.09174   79.33839   78.51539   77.61380   76.62314   75.53108   74.32301   72.98163   71.48626   69.81213   67.92954   65.80270   63.38861   60.63566   57.48250   53.85720   49.67769   44.85460   39.29857   32.93475   25.72735   17.71442    9.04544    0.00000
   0.00000   10.56359   20.52919   29.50660   37.34419   44.06038   49.76320   54.59286   58.68957   62.17902   65.16783   67.74387   69.97852   71.92941   73.64304   75.15700   76.50183   77.70244   78.77931   79.74933   80.62658   81.42280   82.14790   82.81025   83.41698   83.97419   84.48713   84.96032   85.39770   85.80269   86.17828   86.52711   86.85149   87.15348   87.43488   87.69732   87.94224   88.17091   88.38451   88.58405   88.77048   88.94462   89.10725   89.25903   89.40060   89.53250   89.65525   89.76930   89.87508   89.97295   90.06325   90.14630   90.22237   90.29172   90.35455   90.41108   90.46148   90.50591   90.54449   90.57735   90.60459   90.62629   90.64250   90.65329   90.65867   90.65867   90.65329   90.64250   90.62629   90.60459   90.57735   90.54449   90.50591   90.46148   90.41108   90.35455   90.29172   90.22237   90.14630   90.06325   89.97295   89.87508   89.76930   89.65525   89.53250   89.40060   89.25903   89.10725   88.94462   88.77048   88.58405   88.38451   88.17091   87.94224   87.69732   87.43488   87.15348   86.85149   86.52711   86.17828   85.80269   85.39770   84.96032   84.48713   83.97419   83.41698   82.81025   82.14790   81.42280   80.62658   79.74933   78.77931   77.70244   76.50183   75.15700   73.64304   71.92941   69.97852   67.74387   65.16783   62.17902   58.68957   54.59286   49.76320   44.06038   37.34419   29.50660   20.52919   10.56359    0.00000
   0.00000   12.67975   24.33216   34.42565   42.87504   49.83555   55.54495   60.24098   64.12922   67.37619   70.11277   72.44052   74.43809   76.16654   77.67360   78.99688   80.16624   81.20562   82.13438   82.96831   83.72037   84.40133   85.02015   85.58438   86.10038   86.57359   87.00863   87.40950   87.77965   88.12207   88.43938   88.73385   89.00750   89.26209   89.49920   89.72022   89.92638   90.11879   90.29844   90.46621   90.62290   90.76922   90.90582   91.03329   91.15214   91.26286   91.36588   91.46158   91.55031   91.63241   91.70814   91.77779   91.84157   91.89971   91.95238   91.99977   92.04201   92.07924   92.11158   92.13912   92.16194   92.18012   92.19371   92.20275   92.20726   92.20726   92.20275   92.19371   92.18012   92.16194   92.13912   92.11158   92.07924   92.04201   91.99977   91.95238   91.89971   91.84157   91.77779   91.70814   91.63241   91.55031   91.46158   91.36588   91.26286   91.15214   91.03329   90.90582   90.76922   90.62290   90.46621   90.29844   90.11879   89.92638   89.72022   89.49920   89.26209   89.00750   88.73385   88.43938   88.12207   87.77965   87.40950   87.00863   86.57359   86.10038   85.58438   85.02015   84.40133   83.72037   82.96831   82.13438   81.20562   80.16624   78.99688   77.67360   76.16654   74.43809   72.44052   70.11277   67.37619   64.12922   60.24098   55.54495   49.83555   42.87504   34.42565   24.33216   12.67975    0.00000
   0.00000   15.82324   29.69403   40.98881   49.89475   56.86185   62.34007   66.69689   70.21012   73.08376   75.46654   77.46737   79.16677   80.62505   81.88796   82.99068   83.96064   84.81943   85.58430   86.26914   86.88528   87.44200   87.94701   88.40673   88.82658   89.21114   89.56430   89.88940   90.18933   90.46658   90.72331   90.96141   91.18256   91.38819   91.57962   91.75798   91.92428   92.07943   92.22425   92.35945   92.48568   92.60354   92.71354   92.81616   92.91183   93.00093   93.08382   93.16081   93.23219   93.29822   93.35913   93.41513   93.46642   93.51316   93.55550   93.59359   93.62755   93.65748   93.68346   93.70560   93.72394   93.73855   93.74947   93.75673   93.76036   93.76036   93.75673   93.74947   93.73855   93.72394   93.70560   93.68346   93.65748   93.62755   93.59359   93.55550   93.51316   93.46642   93.41513   93.35913   93.29822   93.23219   93.16081   93.08382   93.00093   92.91183   92.81616   92.71354   92.60354   92.48568   92.35945   92.22425   92.07943   91.92428   91.75798   91.57962   91.38819   91.18256   90.96141   90.72331   90.46658   90.18933   89.88940   89.56430   89.21114   88.82658   88.40673   87.94701   87.44200   86.88528   86.26914   85.58430   84.81943   83.96064   82.99068   81.88796   80.62505   79.16677   77.46737   75.46654   73.08376   70.21012   66.69689   62.34007   56.86185   49.89475   40.98881   29.69403   15.82324    0.00000
   0.00000   20.91919   37.63193   49.94080   58.85332   65.37701   70.25660   73.99637   76.93062   79.28220   81.20227   82.79563   84.13658   85.27893   86.26250   87.11726   87.86619   88.52715   89.11423   89.63868   90.10959   90.53438   90.91914   91.26896   91.58808   91.88009   92.14802   92.39448   92.62170   92.83160   93.02586   93.20594   93.37312   93.52851   93.67310   93.80778   93.93332   94.05041   94.15967   94.26165   94.35685   94.44571   94.52863   94.60598   94.67808   94.74522   94.80767   94.86566   94.91943   94.96916   95.01503   95.05720   95.09581   95.13100   95.16288   95.19156   95.21712   95.23964   95.25921   95.27587   95.28967   95.30067   95.30889   95.31435   95.31708   95.31708   95.31435   95.30889   95.30067   95.28967   95.27587   95.25921   95.23964   95.21712   95.19156   95.16288   95.13100   95.09581   95.05720   95.01503   94.96916   94.91943   94.86566   94.80767   94.74522   94.67808   94.60598   94.52863   94.44571   94.35685   94.26165   94.15967   94.05041   93.93332   93.80778   93.67310   93.52851   93.37312   93.20594   93.02586   92.83160   92.62170   92.39448   92.14802   91.88009   91.58808   91.26896   90.91914   90.53438   90.10959   89.63868   89.11423   88.52715   87.86619   87.11726   86.26250   85.27893   84.13658   82.79563   81.20227   79.28220   76.93062   73.99637   70.25660   65.37701   58.85332   49.94080   37.63193   20.91919    0.00000
   0.00000   30.22157   49.97369   62.28914   70.20072   75.53629   79.31294   82.10139   84.23379   85.91213   87.26471   88.37632   89.30497   90.09160   90.76584   91.34967   91.85971   92.30875   92.70679   93.06177   93.38004   93.66678   93.92623   94.16189   94.37670   94.57311   94.75322   94.91880   95.07138   95.21226   95.34260   95.46338   95.57546   95.67961   95.77651   95.86673   95.95081   96.02922   96.10237   96.17064   96.23436   96.29382   96.34931   96.40105   96.44928   96.49419   96.53596   96.57475   96.61070   96.64395   96.67462   96.70282   96.72863   96.75216   96.77347   96.79264   96.80972   96.82478   96.83785   96.84899   96.85822   96.86556   96.87106   96.87471   96.87653   96.87653   96.87471   96.87106   96.86556   96.85822   96.84899   96.83785   96.82478   96.80972   96.79264   96.77347   96.75216   96.72863   96.70282   96.67462   96.64395   96.61070   96.57475   96.53596   96.49419   96.44928   96.40105   96.34931   96.29382   96.23436   96.17064   96.10237   96.02922   95.95081   95.86673   95.77651   95.67961   95.57546   95.46338   95.34260   95.21226   95.07138   94.91880   94.75322   94.57311   94.37670   94.16189   93.92623   93.66678   93.38004   93.06177   92.70679   92.30875   91.85971   91.34967   90.76584   90.09160   89.30497   88.37632   87.26471   85.91213   84.23379   82.10139   79.31294   75.53629   70.20072   62.28914   49.97369   30.22157    0.00000
   0.00000   49.99342   69.75211   79.04135   84.12413   87.25447   89.35747   90.86247   91.99102   92.86782   93.56812   94.13996   94.61539   95.01664   95.35959   95.65587   95.91423   96.14135   96.34242   96.52155   96.68202   96.82647   96.95709   97.07567   97.18370   97.28244   97.37294   97.45612   97.53274   97.60347   97.66889   97.72950   97.78574   97.83798   97.88658   97.93182   97.97398   98.01329   98.04996   98.08418   98.11611   98.14591   98.17372   98.19964   98.22381   98.24631   98.26723   98.28666   98.30467   98.32133   98.33669   98.35081   98.36374   98.37552   98.38620   98.39580   98.40435   98.41189   98.41844   98.42402   98.42864   98.43232   98.43507   98.43690   98.43781   98.43781   98.43690   98.43507   98.43232   98.42864   98.42402   98.41844   98.41189   98.40435   98.39580   98.38620   98.37552   98.36374   98.35081   98.33669   98.32133   98.30467   98.28666   98.26723   98.24631   98.22381   98.19964   98.17372   98.14591   98.11611   98.08418   98.04996   98.01329   97.97398   97.93182   97.88658   97.83798   97.78574   97.72950   97.66889   97.60347   97.53274   97.45612   97.37294   97.28244   97.18370   97.07567   96.95709   96.82647   96.68202   96.52155   96.34242   96.14135   95.91423   95.65587   95.35959   95.01664   94.61539   94.13996   93.56812   92.86782   91.99102   90.86247   89.35747   87.25447   84.12413   79.04135   69.75211   49.99342    0.00000
 100.00000  100.00000  100.00000  100.00000  100.00000  100.00000  100.00000  100.00000  100.00000  100.00000  100.00000  100.00000  100.00000  100.00000  100.00000  100.00000  100.00000  100.00000  100.00000  100.00000  100.00000  100.00000  100.00000  100.00000  100.00000  100.00000  100.00000  100.00000  100.00000  100.00000  100.00000  100.00000  100.00000  100.00000  100.00000  100.00000  100.00000  100.00000  100.00000  100.00000  100.00000  100.00000  100.00000  100.00000  100.00000  100.00000  100.00000  100.00000  100.00000  100.00000  100.00000  100.00000  100.00000  100.00000  100.00000  100.00000  100.00000  100.00000  100.00000  100.00000  100.00000  100.00000  100.00000  100.00000  100.00000  100.00000  100.00000  100.00000  100.00000  100.00000  100.00000  100.00000  100.00000  100.00000  100.00000  100.00000  100.00000  100.00000  100.00000  100.00000  100.00000  100.00000  100.00000  100.00000  100.00000  100.00000  100.00000  100.00000  100.00000  100.00000  100.00000  100.00000  100.00000  100.00000  100.00000  100.00000  100.00000  100.00000  100.00000  100.00000  100.00000  100.00000  100.00000  100.00000  100.00000  100.00000  100.00000  100.00000  100.00000  100.00000  100.00000  100.00000  100.00000  100.00000  100.00000  100.00000  100.00000  100.00000  100.00000  100.00000  100.00000  100.00000  100.00000  100.00000  100.00000  100.00000  100.00000  100.00000  100.00000  100.00000
