   0.00000    0.00000    0.00000    0.00000    0.00000    0.00000    0.00000    0.00000    0.00000    0.00000    0.00000    0.00000    0.00000    0.00000    0.00000    0.00000    0.00000    0.00000    0.00000    0.00000    0.00000    0.00000    0.00000    0.00000    0.00000    0.00000    0.00000    0.00000    0.00000    0.00000    0.00000    0.00000    0.00000    0.00000    0.00000    0.00000    0.00000    0.00000    0.00000    0.00000    0.00000    0.00000    0.00000    0.00000    0.00000    0.00000    0.00000    0.00000    0.00000    0.00000    0.00000    0.00000    0.00000    0.00000    0.00000    0.00000    0.00000    0.00000    0.00000    0.00000    0.00000    0.00000    0.00000    0.00000    0.00000    0.00000    0.00000    0.00000    0.00000    0.00000    0.00000    0.00000    0.00000    0.00000    0.00000    0.00000    0.00000    0.00000    0.00000    0.00000    0.00000    0.00000    0.00000    0.00000    0.00000    0.00000    0.00000    0.00000    0.00000    0.00000    0.00000    0.00000    0.00000    0.00000    0.00000    0.00000    0.00000    0.00000    0.00000    0.00000    0.00000    0.00000    0.00000    0.00000    0.00000    0.00000    0.00000    0.00000    0.00000    0.00000    0.00000    0.00000    0.00000    0.00000    0.00000    0.00000    0.00000    0.00000    0.00000    0.00000    0.00000    0.00000    0.00000    0.00000    0.00000    0.00000    0.00000    0.00000    0.00000    0.00000    0.00000    0.00000    0.00000    0.00000    0.00000    0.00000    0.00000    0.00000    0.00000    0.00000    0.00000    0.00000    0.00000    0.00000    0.00000    0.00000    0.00000    0.00000    0.00000    0.00000    0.00000    0.00000    0.00000    0.00000    0.00000    0.00000    0.00000    0.00000    0.00000    0.00000    0.00000    0.00000    0.00000    0.00000    0.00000    0.00000    0.00000    0.00000    0.00000    0.00000    0.00000    0.00000    0.00000    0.00000    0.00000    0.00000    0.00000    0.00000    0.00000    0.00000    0.00000    0.00000    0.00000    0.00000    0.00000    0.00000    0.00000    0.00000    0.00000    0.00000    0.00000    0.00000    0.00000    0.00000    0.00000    0.00000    0.00000    0.00000    0.00000    0.00000    0.00000    0.00000    0.00000    0.00000    0.00000    0.00000    0.00000    0.00000    0.00000    0.00000    0.00000    0.00000    0.00000    0.00000    0.00000    0.00000    0.00000    0.00000    0.00000    0.00000    0.00000    0.00000    0.00000    0.00000    0.00000    0.00000    0.00000    0.00000    0.00000    0.00000    0.00000    0.00000    0.00000    0.00000    0.00000    0.00000    0.00000    0.00000    0.00000    0.00000    0.00000    0.00000    0.00000    0.00000    0.00000    0.00000    0.00000    0.00000    0.00000    0.00000    0.00000    0.00000    0.00000    0.00000    0.00000    0.00000    0.00000    0.00000
   0.00000    0.00165    0.00331    0.00496    0.00662    0.00827    0.00992    0.01157    0.01322    0.01486    0.01650    0.01815    0.01978    0.02142    0.02305    0.02468    0.02630    0.02792    0.02954    0.03115    0.03275    0.03435    0.03595    0.03754    0.03912    0.04070    0.04227    0.04384    0.04540    0.04695    0.04849    0.05003    0.05156    0.05308    0.05459    0.05609    0.05759    0.05908    0.06055    0.06202    0.06348    0.06493    0.06637    0.06779    0.06921    0.07062    0.07202    0.07340    0.07478    0.07614    0.07749    0.07883    0.08016    0.08147    0.08277    0.08406    0.08534    0.08660    0.08786    0.08909    0.09032    0.09153    0.09272    0.09390    0.09507    0.09623    0.09736    0.09849    0.09960    0.10069    0.10177    0.10283    0.10388    0.10491    0.10593    0.10693    0.10792    0.10888    0.10984    0.11077    0.11169    0.11259    0.11348    0.11435    0.11520    0.11603    0.11685    0.11765    0.11843    0.11919    0.11994    0.12066    0.12138    0.12207    0.12274    0.12340    0.12403    0.12465    0.12525    0.12584    0.12640    0.12694    0.12747    0.12798    0.12846    0.12893    0.12938    0.12981    0.13022    0.13062    0.13099    0.13134    0.13168    0.13199    0.13229    0.13256    0.13282    0.13305    0.13327    0.13347    0.13365    0.13380    0.13394    0.13406    0.13416    0.13424    0.13430    0.13434    0.13436    0.13436    0.13434    0.13430    0.13424    0.13416    0.13406    0.13394    0.13380    0.13365    0.13347    0.13327    0.13305    0.13282    0.13256    0.13229    0.13199    0.13168    0.13134    0.13099    0.13062    0.13022    0.12981    0.12938    0.12893    0.12846    0.12798    0.12747    0.12694    0.12640    0.12584    0.12525    0.12465    0.12403    0.12340    0.12274    0.12207    0.12138    0.12066    0.11994    0.11919    0.11843    0.11765    0.11685    0.11603    0.11520    0.11435    0.11348    0.11259    0.11169    0.11077    0.10984    0.10888    0.10792    0.10693    0.10593    0.10491    0.10388    0.10283    0.10177    0.10069    0.09960    0.09849    0.09736    0.09623    0.09507    0.09390    0.09272    0.09153    0.09032    0.08909    0.08786    0.08660    0.08534    0.08406    0.08277    0.08147    0.08016    0.07883    0.07749    0.07614    0.07478    0.07340    0.07202    0.07062    0.06921    0.06779    0.06637    0.06493    0.06348    0.06202    0.06055    0.05908    0.05759    0.05609    0.05459    0.05308    0.05156    0.05003    0.04849    0.04695    0.04540    0.04384    0.04227    0.04070    0.03912    0.03754    0.03595    0.03435    0.03275    0.03115    0.02954    0.02792    0.02630    0.02468    0.02305    0.02142    0.01978    0.01815    0.01650    0.01486    0.01322    0.01157    0.00992    0.00827    0.00662    0.00496    0.00331    0.00165    0.00000
   0.00000    0.00331    0.00662    0.00993    0.01323    0.01654    0.01984    0.02314    0.02643    0.02973    0.03301    0.03629    0.03957    0.04284    0.04610    0.04936    0.05260    0.05584    0.05908    0.06230    0.06551    0.06871    0.07190    0.07508    0.07825    0.08141    0.08455    0.08768    0.09080    0.09390    0.09699    0.10006    0.10312    0.10616    0.10919    0.11219    0.11519    0.11816    0.12111    0.12405    0.12697    0.12987    0.13274    0.13560    0.13844    0.14125    0.14404    0.14682    0.14956    0.15229    0.15499    0.15767    0.16033    0.16296    0.16556    0.16814    0.17069    0.17322    0.17572    0.17820    0.18065    0.18307    0.18546    0.18782    0.19016    0.19247    0.19474    0.19699    0.19921    0.20140    0.20356    0.20568    0.20778    0.20984    0.21188    0.21388    0.21585    0.21778    0.21969    0.22156    0.22340    0.22520    0.22697    0.22871    0.23041    0.23208    0.23371    0.23531    0.23687    0.23840    0.23989    0.24135    0.24277    0.24415    0.24550    0.24681    0.24809    0.24932    0.25053    0.25169    0.25282    0.25390    0.25496    0.25597    0.25694    0.25788    0.25878    0.25964    0.26047    0.26125    0.26200    0.26270    0.26337    0.26400    0.26459    0.26514    0.26566    0.26613    0.26656    0.26696    0.26731    0.26763    0.26791    0.26814    0.26834    0.26850    0.26862    0.26870    0.26874    0.26874    0.26870    0.26862    0.26850    0.26834    0.26814    0.26791    0.26763    0.26731    0.26696    0.26656    0.26613    0.26566    0.26514    0.26459    0.26400    0.26337    0.26270    0.26200    0.26125    0.26047    0.25964    0.25878    0.25788    0.25694    0.25597    0.25496    0.25390    0.25282    0.25169    0.25053    0.24932    0.24809    0.24681    0.24550    0.24415    0.24277    0.24135    0.23989    0.23840    0.23687    0.23531    0.23371    0.23208    0.23041    0.22871    0.22697    0.22520    0.22340    0.22156    0.21969    0.21778    0.21585    0.21388    0.21188    0.20984    0.20778    0.20568    0.20356    0.20140    0.19921    0.19699    0.19474    0.19247    0.19016    0.18782    0.18546    0.18307    0.18065    0.17820    0.17572    0.17322    0.17069    0.16814    0.16556    0.16296    0.16033    0.15767    0.15499    0.15229    0.14956    0.14682    0.14404    0.14125    0.13844    0.13560    0.13274    0.12987    0.12697    0.12405    0.12111    0.11816    0.11519    0.11219    0.10919    0.10616    0.10312    0.10006    0.09699    0.09390    0.09080    0.08768    0.08455    0.08141    0.07825    0.07508    0.07190    0.06871    0.06551    0.06230    0.05908    0.05584    0.05260    0.04936    0.04610    0.04284    0.03957    0.03629    0.03301    0.02973    0.02643    0.02314    0.01984    0.01654    0.01323    0.00993    0.00662    0.00331    0.00000
   0.00000    0.00497    0.00993    0.01489    0.01985    0.02481    0.02976    0.03471    0.03966    0.04459    0.04952    0.05445    0.05936    0.06427    0.06916    0.07404    0.07892    0.08378    0.08862    0.09346    0.09828    0.10308    0.10787    0.11264    0.11739    0.12213    0.12684    0.13154    0.13621    0.14087    0.14550    0.15011    0.15470    0.15926    0.16380    0.16831    0.17280    0.17726    0.18169    0.18610    0.19048    0.19482    0.19914    0.20343    0.20768    0.21190    0.21609    0.22025    0.22438    0.22846    0.23252    0.23654    0.24052    0.24446    0.24837    0.25224    0.25607    0.25987    0.26362    0.26733    0.27100    0.27464    0.27822    0.28177    0.28528    0.28874    0.29215    0.29553    0.29885    0.30214    0.30537    0.30856    0.31171    0.31481    0.31786    0.32086    0.32381    0.32672    0.32957    0.33238    0.33514    0.33784    0.34050    0.34311    0.34566    0.34816    0.35061    0.35301    0.35535    0.35764    0.35988    0.36207    0.36420    0.36627    0.36830    0.37026    0.37218    0.37403    0.37583    0.37758    0.37927    0.38090    0.38248    0.38400    0.38546    0.38687    0.38822    0.38951    0.39075    0.39192    0.39304    0.39410    0.39511    0.39605    0.39694    0.39776    0.39853    0.39924    0.39989    0.40049    0.40102    0.40149    0.40191    0.40226    0.40256    0.40280    0.40298    0.40309    0.40315    0.40315    0.40309    0.40298    0.40280    0.40256    0.40226    0.40191    0.40149    0.40102    0.40049    0.39989    0.39924    0.39853    0.39776    0.39694    0.39605    0.39511    0.39410    0.39304    0.39192    0.39075    0.38951    0.38822    0.38687    0.38546    0.38400    0.38248    0.38090    0.37927    0.37758    0.37583    0.37403    0.37218    0.37026    0.36830    0.36627    0.36420    0.36207    0.35988    0.35764    0.35535    0.35301    0.35061    0.34816    0.34566    0.34311    0.34050    0.33784    0.33514    0.33238    0.32957    0.32672    0.32381    0.32086    0.31786    0.31481    0.31171    0.30856    0.30537    0.30214    0.29885    0.29553    0.29215    0.28874    0.28528    0.28177    0.27822    0.27464    0.27100    0.26733    0.26362    0.25987    0.25607    0.25224    0.24837    0.24446    0.24052    0.23654    0.23252    0.22846    0.22438    0.22025    0.21609    0.21190    0.20768    0.20343    0.19914    0.19482    0.19048    0.18610    0.18169    0.17726    0.17280    0.16831    0.16380    0.15926    0.15470    0.15011    0.14550    0.14087    0.13621    0.13154    0.12684    0.12213    0.11739    0.11264    0.10787    0.10308    0.09828    0.09346    0.08862    0.08378    0.07892    0.07404    0.06916    0.06427    0.05936    0.05445    0.04952    0.04459    0.03966    0.03471    0.02976    0.02481    0.01985    0.01489    0.00993    0.00497    0.00000
   0.00000    0.00662    0.01324    0.01986    0.02648    0.03309    0.03969    0.04629    0.05288    0.05947    0.06604    0.07261    0.07916    0.08570    0.09223    0.09874    0.10524    0.11172    0.11819    0.12463    0.13106    0.13746    0.14385    0.15021    0.15655    0.16286    0.16915    0.17542    0.18165    0.18786    0.19404    0.20019    0.20630    0.21239    0.21844    0.22446    0.23044    0.23639    0.24230    0.24818    0.25401    0.25981    0.26557    0.27128    0.27696    0.28259    0.28818    0.29372    0.29922    0.30467    0.31008    0.31544    0.32075    0.32601    0.33122    0.33638    0.34149    0.34655    0.35156    0.35651    0.36140    0.36625    0.37103    0.37576    0.38043    0.38505    0.38961    0.39410    0.39854    0.40292    0.40724    0.41149    0.41569    0.41982    0.42388    0.42789    0.43183    0.43570    0.43951    0.44325    0.44693    0.45054    0.45408    0.45755    0.46096    0.46429    0.46756    0.47076    0.47389    0.47694    0.47993    0.48284    0.48568    0.48845    0.49115    0.49377    0.49632    0.49880    0.50120    0.50353    0.50578    0.50796    0.51006    0.51209    0.51404    0.51592    0.51772    0.51944    0.52109    0.52266    0.52415    0.52556    0.52690    0.52816    0.52934    0.53044    0.53147    0.53241    0.53328    0.53407    0.53478    0.53542    0.53597    0.53644    0.53684    0.53716    0.53739    0.53755    0.53763    0.53763    0.53755    0.53739    0.53716    0.53684    0.53644    0.53597    0.53542    0.53478    0.53407    0.53328    0.53241    0.53147    0.53044    0.52934    0.52816    0.52690    0.52556    0.52415    0.52266    0.52109    0.51944    0.51772    0.51592    0.51404    0.51209    0.51006    0.50796    0.50578    0.50353    0.50120    0.49880    0.49632    0.49377    0.49115    0.48845    0.48568    0.48284    0.47993    0.47694    0.47389    0.47076    0.46756    0.46429    0.46096    0.45755    0.45408    0.45054    0.44693    0.44325    0.43951    0.43570    0.43183    0.42789    0.42388    0.41982    0.41569    0.41149    0.40724    0.40292    0.39854    0.39410    0.38961    0.38505    0.38043    0.37576    0.37103    0.36625    0.36140    0.35651    0.35156    0.34655    0.34149    0.33638    0.33122    0.32601    0.32075    0.31544    0.31008    0.30467    0.29922    0.29372    0.28818    0.28259    0.27696    0.27128    0.26557    0.25981    0.25401    0.24818    0.24230    0.23639    0.23044    0.22446    0.21844    0.21239    0.20630    0.20019    0.19404    0.18786    0.18165    0.17542    0.16915    0.16286    0.15655    0.15021    0.14385    0.13746    0.13106    0.12463    0.11819    0.11172    0.10524    0.09874    0.09223    0.08570    0.07916    0.07261    0.06604    0.05947    0.05288    0.04629    0.03969    0.03309    0.02648    0.01986    0.01324    0.00662    0.00000
   0.00000    0.00828    0.01656    0.02483    0.03310    0.04137    0.04963    0.05788    0.06612    0.07435    0.08257    0.09078    0.09898    0.10715    0.11532    0.12346    0.13158    0.13969    0.14777    0.15583    0.16386    0.17187    0.17985    0.18781    0.19573    0.20363    0.21149    0.21932    0.22712    0.23488    0.24260    0.25029    0.25794    0.26555    0.27311    0.28064    0.28812    0.29556    0.30295    0.31029    0.31759    0.32484    0.33204    0.33918    0.34628    0.35332    0.36031    0.36724    0.37411    0.38093    0.38769    0.39439    0.40103    0.40761    0.41412    0.42058    0.42696    0.43329    0.43954    0.44573    0.45186    0.45791    0.46390    0.46981    0.47565    0.48142    0.48712    0.49274    0.49829    0.50376    0.50916    0.51448    0.51973    0.52489    0.52997    0.53498    0.53991    0.54475    0.54951    0.55419    0.55879    0.56330    0.56773    0.57207    0.57633    0.58050    0.58458    0.58858    0.59249    0.59631    0.60004    0.60369    0.60724    0.61070    0.61407    0.61735    0.62054    0.62364    0.62664    0.62955    0.63237    0.63509    0.63772    0.64026    0.64270    0.64504    0.64729    0.64944    0.65150    0.65346    0.65533    0.65710    0.65877    0.66034    0.66182    0.66320    0.66448    0.66567    0.66675    0.66774    0.66863    0.66942    0.67011    0.67070    0.67120    0.67159    0.67189    0.67209    0.67219    0.67219    0.67209    0.67189    0.67159    0.67120    0.67070    0.67011    0.66942    0.66863    0.66774    0.66675    0.66567    0.66448    0.66320    0.66182    0.66034    0.65877    0.65710    0.65533    0.65346    0.65150    0.64944    0.64729    0.64504    0.64270    0.64026    0.63772    0.63509    0.63237    0.62955    0.62664    0.62364    0.62054    0.61735    0.61407    0.61070    0.60724    0.60369    0.60004    0.59631    0.59249    0.58858    0.58458    0.58050    0.57633    0.57207    0.56773    0.56330    0.55879    0.55419    0.54951    0.54475    0.53991    0.53498    0.52997    0.52489    0.51973    0.51448    0.50916    0.50376    0.49829    0.49274    0.48712    0.48142    0.47565    0.46981    0.46390    0.45791    0.45186    0.44573    0.43954    0.43329    0.42696    0.42058    0.41412    0.40761    0.40103    0.39439    0.38769    0.38093    0.37411    0.36724    0.36031    0.35332    0.34628    0.33918    0.33204    0.32484    0.31759    0.31029    0.30295    0.29556    0.28812    0.28064    0.27311    0.26555    0.25794    0.25029    0.24260    0.23488    0.22712    0.21932    0.21149    0.20363    0.19573    0.18781    0.17985    0.17187    0.16386    0.15583    0.14777    0.13969    0.13158    0.12346    0.11532    0.10715    0.09898    0.09078    0.08257    0.07435    0.06612    0.05788    0.04963    0.04137    0.03310    0.02483    0.01656    0.00828    0.00000
   0.00000    0.00994    0.01987    0.02981    0.03973    0.04966    0.05957    0.06947    0.07937    0.08925    0.09912    0.10897    0.11880    0.12862    0.13842    0.14819    0.15794    0.16767    0.17737    0.18705    0.19669    0.20630    0.21589    0.22543    0.23495    0.24442    0.25386    0.26326    0.27262    0.28194    0.29121    0.30043    0.30961    0.31875    0.32783    0.33686    0.34584    0.35477    0.36364    0.37246    0.38122    0.38992    0.39856    0.40713    0.41565    0.42410    0.43249    0.44081    0.44906    0.45724    0.46536    0.47340    0.48137    0.48927    0.49709    0.50483    0.51250    0.52009    0.52760    0.53503    0.54238    0.54965    0.55683    0.56393    0.57094    0.57787    0.58470    0.59145    0.59812    0.60469    0.61116    0.61755    0.62384    0.63004    0.63615    0.64215    0.64807    0.65388    0.65960    0.66521    0.67073    0.67615    0.68146    0.68667    0.69178    0.69679    0.70169    0.70649    0.71118    0.71577    0.72025    0.72462    0.72888    0.73304    0.73709    0.74102    0.74485    0.74857    0.75217    0.75567    0.75905    0.76232    0.76547    0.76852    0.77144    0.77426    0.77696    0.77954    0.78202    0.78437    0.78661    0.78873    0.79074    0.79263    0.79440    0.79606    0.79759    0.79901    0.80032    0.80150    0.80257    0.80352    0.80435    0.80506    0.80565    0.80613    0.80649    0.80672    0.80684    0.80684    0.80672    0.80649    0.80613    0.80565    0.80506    0.80435    0.80352    0.80257    0.80150    0.80032    0.79901    0.79759    0.79606    0.79440    0.79263    0.79074    0.78873    0.78661    0.78437    0.78202    0.77954    0.77696    0.77426    0.77144    0.76852    0.76547    0.76232    0.75905    0.75567    0.75217    0.74857    0.74485    0.74102    0.73709    0.73304    0.72888    0.72462    0.72025    0.71577    0.71118    0.70649    0.70169    0.69679    0.69178    0.68667    0.68146    0.67615    0.67073    0.66521    0.65960    0.65388    0.64807    0.64215    0.63615    0.63004    0.62384    0.61755    0.61116    0.60469    0.59812    0.59145    0.58470    0.57787    0.57094    0.56393    0.55683    0.54965    0.54238    0.53503    0.52760    0.52009    0.51250    0.50483    0.49709    0.48927    0.48137    0.47340    0.46536    0.45724    0.44906    0.44081    0.43249    0.42410    0.41565    0.40713    0.39856    0.38992    0.38122    0.37246    0.36364    0.35477    0.34584    0.33686    0.32783    0.31875    0.30961    0.30043    0.29121    0.28194    0.27262    0.26326    0.25386    0.24442    0.23495    0.22543    0.21589    0.20630    0.19669    0.18705    0.17737    0.16767    0.15794    0.14819    0.13842    0.12862    0.11880    0.10897    0.09912    0.08925    0.07937    0.06947    0.05957    0.04966    0.03973    0.02981    0.01987    0.00994    0.00000
   0.00000    0.01160    0.02319    0.03479    0.04637    0.05795    0.06952    0.08108    0.09263    0.10416    0.11568    0.12717    0.13865    0.15011    0.16154    0.17295    0.18433    0.19568    0.20701    0.21829    0.22955    0.24077    0.25195    0.26310    0.27420    0.28526    0.29627    0.30724    0.31816    0.32904    0.33986    0.35062    0.36134    0.37200    0.38260    0.39314    0.40362    0.41404    0.42439    0.43468    0.44490    0.45506    0.46514    0.47515    0.48509    0.49495    0.50474    0.51445    0.52408    0.53363    0.54310    0.55248    0.56178    0.57100    0.58013    0.58917    0.59812    0.60697    0.61574    0.62441    0.63299    0.64147    0.64985    0.65813    0.66632    0.67440    0.68238    0.69026    0.69803    0.70570    0.71326    0.72071    0.72805    0.73529    0.74241    0.74942    0.75632    0.76311    0.76978    0.77633    0.78277    0.78909    0.79530    0.80138    0.80734    0.81319    0.81891    0.82451    0.82998    0.83533    0.84056    0.84566    0.85064    0.85549    0.86021    0.86481    0.86927    0.87361    0.87782    0.88189    0.88584    0.88966    0.89334    0.89689    0.90031    0.90359    0.90674    0.90976    0.91264    0.91539    0.91800    0.92048    0.92282    0.92503    0.92710    0.92903    0.93082    0.93248    0.93400    0.93539    0.93663    0.93774    0.93871    0.93954    0.94023    0.94078    0.94120    0.94148    0.94162    0.94162    0.94148    0.94120    0.94078    0.94023    0.93954    0.93871    0.93774    0.93663    0.93539    0.93400    0.93248    0.93082    0.92903    0.92710    0.92503    0.92282    0.92048    0.91800    0.91539    0.91264    0.90976    0.90674    0.90359    0.90031    0.89689    0.89334    0.88966    0.88584    0.88189    0.87782    0.87361    0.86927    0.86481    0.86021    0.85549    0.85064    0.84566    0.84056    0.83533    0.82998    0.82451    0.81891    0.81319    0.80734    0.80138    0.79530    0.78909    0.78277    0.77633    0.76978    0.76311    0.75632    0.74942    0.74241    0.73529    0.72805    0.72071    0.71326    0.70570    0.69803    0.69026    0.68238    0.67440    0.66632    0.65813    0.64985    0.64147    0.63299    0.62441    0.61574    0.60697    0.59812    0.58917    0.58013    0.57100    0.56178    0.55248    0.54310    0.53363    0.52408    0.51445    0.50474    0.49495    0.48509    0.47515    0.46514    0.45506    0.44490    0.43468    0.42439    0.41404    0.40362    0.39314    0.38260    0.37200    0.36134    0.35062    0.33986    0.32904    0.31816    0.30724    0.29627    0.28526    0.27420    0.26310    0.25195    0.24077    0.22955    0.21829    0.20701    0.19568    0.18433    0.17295    0.16154    0.15011    0.13865    0.12717    0.11568    0.10416    0.09263    0.08108    0.06952    0.05795    0.04637    0.03479    0.02319    0.01160    0.00000
   0.00000    0.01326    0.02652    0.03977    0.05302    0.06626    0.07948    0.09270    0.10590    0.11909    0.13225    0.14540    0.15852    0.17162    0.18469    0.19773    0.21075    0.22373    0.23667    0.24958    0.26245    0.27527    0.28806    0.30080    0.31349    0.32613    0.33873    0.35127    0.36376    0.37619    0.38856    0.40087    0.41312    0.42530    0.43742    0.44948    0.46146    0.47337    0.48521    0.49697    0.50866    0.52026    0.53179    0.54324    0.55460    0.56588    0.57707    0.58817    0.59918    0.61010    0.62092    0.63165    0.64229    0.65282    0.66326    0.67359    0.68382    0.69395    0.70397    0.71388    0.72369    0.73338    0.74297    0.75244    0.76179    0.77103    0.78016    0.78916    0.79805    0.80682    0.81546    0.82398    0.83238    0.84065    0.84879    0.85681    0.86470    0.87245    0.88008    0.88757    0.89493    0.90216    0.90925    0.91621    0.92302    0.92970    0.93624    0.94265    0.94891    0.95502    0.96100    0.96683    0.97252    0.97807    0.98347    0.98872    0.99382    0.99878    1.00359    1.00825    1.01276    1.01713    1.02134    1.02540    1.02930    1.03306    1.03666    1.04011    1.04341    1.04655    1.04954    1.05237    1.05504    1.05757    1.05993    1.06214    1.06419    1.06609    1.06783    1.06941    1.07083    1.07210    1.07320    1.07415    1.07495    1.07558    1.07605    1.07637    1.07653    1.07653    1.07637    1.07605    1.07558    1.07495    1.07415    1.07320    1.07210    1.07083    1.06941    1.06783    1.06609    1.06419    1.06214    1.05993    1.05757    1.05504    1.05237    1.04954    1.04655    1.04341    1.04011    1.03666    1.03306    1.02930    1.02540    1.02134    1.01713    1.01276    1.00825    1.00359    0.99878    0.99382    0.98872    0.98347    0.97807    0.97252    0.96683    0.96100    0.95502    0.94891    0.94265    0.93624    0.92970    0.92302    0.91621    0.90925    0.90216    0.89493    0.88757    0.88008    0.87245    0.86470    0.85681    0.84879    0.84065    0.83238    0.82398    0.81546    0.80682    0.79805    0.78916    0.78016    0.77103    0.76179    0.75244    0.74297    0.73338    0.72369    0.71388    0.70397    0.69395    0.68382    0.67359    0.66326    0.65282    0.64229    0.63165    0.62092    0.61010    0.59918    0.58817    0.57707    0.56588    0.55460    0.54324    0.53179    0.52026    0.50866    0.49697    0.48521    0.47337    0.46146    0.44948    0.43742    0.42530    0.41312    0.40087    0.38856    0.37619    0.36376    0.35127    0.33873    0.32613    0.31349    0.30080    0.28806    0.27527    0.26245    0.24958    0.23667    0.22373    0.21075    0.19773    0.18469    0.17162    0.15852    0.14540    0.13225    0.11909    0.10590    0.09270    0.07948    0.06626    0.05302    0.03977    0.02652    0.01326    0.00000
   0.00000    0.01492    0.02984    0.04476    0.05967    0.07457    0.08946    0.10433    0.11919    0.13403    0.14885    0.16365    0.17842    0.19316    0.20787    0.22255    0.23719    0.25180    0.26637    0.28090    0.29538    0.30982    0.32421    0.33855    0.35283    0.36706    0.38124    0.39535    0.40941    0.42340    0.43732    0.45118    0.46496    0.47868    0.49232    0.50588    0.51937    0.53277    0.54610    0.55934    0.57249    0.58555    0.59853    0.61141    0.62420    0.63689    0.64948    0.66198    0.67437    0.68666    0.69884    0.71092    0.72289    0.73474    0.74649    0.75812    0.76963    0.78103    0.79231    0.80347    0.81450    0.82541    0.83620    0.84686    0.85739    0.86779    0.87806    0.88819    0.89819    0.90806    0.91779    0.92738    0.93683    0.94613    0.95530    0.96432    0.97320    0.98193    0.99051    0.99894    1.00723    1.01536    1.02334    1.03117    1.03884    1.04636    1.05372    1.06093    1.06797    1.07486    1.08158    1.08815    1.09455    1.10079    1.10687    1.11278    1.11852    1.12410    1.12952    1.13476    1.13984    1.14475    1.14949    1.15406    1.15845    1.16268    1.16673    1.17062    1.17433    1.17786    1.18122    1.18441    1.18742    1.19026    1.19292    1.19541    1.19772    1.19985    1.20181    1.20359    1.20519    1.20661    1.20786    1.20893    1.20982    1.21053    1.21107    1.21142    1.21160    1.21160    1.21142    1.21107    1.21053    1.20982    1.20893    1.20786    1.20661    1.20519    1.20359    1.20181    1.19985    1.19772    1.19541    1.19292    1.19026    1.18742    1.18441    1.18122    1.17786    1.17433    1.17062    1.16673    1.16268    1.15845    1.15406    1.14949    1.14475    1.13984    1.13476    1.12952    1.12410    1.11852    1.11278    1.10687    1.10079    1.09455    1.08815    1.08158    1.07486    1.06797    1.06093    1.05372    1.04636    1.03884    1.03117    1.02334    1.01536    1.00723    0.99894    0.99051    0.98193    0.97320    0.96432    0.95530    0.94613    0.93683    0.92738    0.91779    0.90806    0.89819    0.88819    0.87806    0.86779    0.85739    0.84686    0.83620    0.82541    0.81450    0.80347    0.79231    0.78103    0.76963    0.75812    0.74649    0.73474    0.72289    0.71092    0.69884    0.68666    0.67437    0.66198    0.64948    0.63689    0.62420    0.61141    0.59853    0.58555    0.57249    0.55934    0.54610    0.53277    0.51937    0.50588    0.49232    0.47868    0.46496    0.45118    0.43732    0.42340    0.40941    0.39535    0.38124    0.36706    0.35283    0.33855    0.32421    0.30982    0.29538    0.28090    0.26637    0.25180    0.23719    0.22255    0.20787    0.19316    0.17842    0.16365    0.14885    0.13403    0.11919    0.10433    0.08946    0.07457    0.05967    0.04476    0.02984    0.01492    0.00000
   0.00000    0.01659    0.03318    0.04976    0.06633    0.08290    0.09945    0.11598    0.13250    0.14900    0.16547    0.18192    0.19834    0.21473    0.23108    0.24740    0.26368    0.27992    0.29611    0.31226    0.32836    0.34441    0.36041    0.37635    0.39223    0.40805    0.42381    0.43950    0.45512    0.47067    0.48615    0.50155    0.51688    0.53212    0.54729    0.56237    0.57736    0.59226    0.60707    0.62179    0.63641    0.65093    0.66535    0.67967    0.69389    0.70800    0.72200    0.73589    0.74966    0.76332    0.77687    0.79029    0.80360    0.81678    0.82983    0.84276    0.85556    0.86823    0.88077    0.89317    0.90544    0.91757    0.92956    0.94141    0.95311    0.96467    0.97609    0.98735    0.99847    1.00944    1.02025    1.03091    1.04141    1.05176    1.06195    1.07198    1.08185    1.09155    1.10109    1.11047    1.11967    1.12872    1.13759    1.14629    1.15482    1.16317    1.17136    1.17936    1.18720    1.19485    1.20233    1.20962    1.21674    1.22368    1.23043    1.23700    1.24339    1.24959    1.25561    1.26144    1.26708    1.27254    1.27781    1.28289    1.28777    1.29247    1.29698    1.30129    1.30542    1.30935    1.31308    1.31663    1.31998    1.32313    1.32609    1.32885    1.33142    1.33379    1.33596    1.33794    1.33972    1.34131    1.34269    1.34388    1.34487    1.34566    1.34626    1.34665    1.34685    1.34685    1.34665    1.34626    1.34566    1.34487    1.34388    1.34269    1.34131    1.33972    1.33794    1.33596    1.33379    1.33142    1.32885    1.32609    1.32313    1.31998    1.31663    1.31308    1.30935    1.30542    1.30129    1.29698    1.29247    1.28777    1.28289    1.27781    1.27254    1.26708    1.26144    1.25561    1.24959    1.24339    1.23700    1.23043    1.22368    1.21674    1.20962    1.20233    1.19485    1.18720    1.17936    1.17136    1.16317    1.15482    1.14629    1.13759    1.12872    1.11967    1.11047    1.10109    1.09155    1.08185    1.07198    1.06195    1.05176    1.04141    1.03091    1.02025    1.00944    0.99847    0.98735    0.97609    0.96467    0.95311    0.94141    0.92956    0.91757    0.90544    0.89317    0.88077    0.86823    0.85556    0.84276    0.82983    0.81678    0.80360    0.79029    0.77687    0.76332    0.74966    0.73589    0.72200    0.70800    0.69389    0.67967    0.66535    0.65093    0.63641    0.62179    0.60707    0.59226    0.57736    0.56237    0.54729    0.53212    0.51688    0.50155    0.48615    0.47067    0.45512    0.43950    0.42381    0.40805    0.39223    0.37635    0.36041    0.34441    0.32836    0.31226    0.29611    0.27992    0.26368    0.24740    0.23108    0.21473    0.19834    0.18192    0.16547    0.14900    0.13250    0.11598    0.09945    0.08290    0.06633    0.04976    0.03318    0.01659    0.00000
   0.00000    0.01826    0.03651    0.05477    0.07301    0.09124    0.10945    0.12765    0.14583    0.16399    0.18212    0.20022    0.21829    0.23633    0.25433    0.27229    0.29021    0.30808    0.32590    0.34368    0.36140    0.37906    0.39667    0.41421    0.43169    0.44910    0.46644    0.48371    0.50090    0.51802    0.53506    0.55201    0.56888    0.58566    0.60234    0.61894    0.63544    0.65184    0.66814    0.68434    0.70043    0.71641    0.73229    0.74805    0.76369    0.77922    0.79463    0.80991    0.82507    0.84011    0.85501    0.86979    0.88443    0.89894    0.91330    0.92753    0.94162    0.95556    0.96936    0.98301    0.99651    1.00986    1.02306    1.03610    1.04898    1.06170    1.07427    1.08667    1.09890    1.11097    1.12287    1.13460    1.14616    1.15755    1.16876    1.17980    1.19066    1.20134    1.21184    1.22216    1.23229    1.24224    1.25200    1.26158    1.27096    1.28016    1.28917    1.29798    1.30660    1.31502    1.32325    1.33128    1.33911    1.34675    1.35418    1.36141    1.36844    1.37527    1.38189    1.38831    1.39452    1.40052    1.40632    1.41191    1.41729    1.42246    1.42742    1.43217    1.43670    1.44103    1.44514    1.44904    1.45272    1.45619    1.45945    1.46249    1.46532    1.46793    1.47032    1.47250    1.47446    1.47620    1.47772    1.47903    1.48012    1.48099    1.48165    1.48208    1.48230    1.48230    1.48208    1.48165    1.48099    1.48012    1.47903    1.47772    1.47620    1.47446    1.47250    1.47032    1.46793    1.46532    1.46249    1.45945    1.45619    1.45272    1.44904    1.44514    1.44103    1.43670    1.43217    1.42742    1.42246    1.41729    1.41191    1.40632    1.40052    1.39452    1.38831    1.38189    1.37527    1.36844    1.36141    1.35418    1.34675    1.33911    1.33128    1.32325    1.31502    1.30660    1.29798    1.28917    1.28016    1.27096    1.26158    1.25200    1.24224    1.23229    1.22216    1.21184    1.20134    1.19066    1.17980    1.16876    1.15755    1.14616    1.13460    1.12287    1.11097    1.09890    1.08667    1.07427    1.06170    1.04898    1.03610    1.02306    1.00986    0.99651    0.98301    0.96936    0.95556    0.94162    0.92753    0.91330    0.89894    0.88443    0.86979    0.85501    0.84011    0.82507    0.80991    0.79463    0.77922    0.76369    0.74805    0.73229    0.71641    0.70043    0.68434    0.66814    0.65184    0.63544    0.61894    0.60234    0.58566    0.56888    0.55201    0.53506    0.51802    0.50090    0.48371    0.46644    0.44910    0.43169    0.41421    0.39667    0.37906    0.36140    0.34368    0.32590    0.30808    0.29021    0.27229    0.25433    0.23633    0.21829    0.20022    0.18212    0.16399    0.14583    0.12765    0.10945    0.09124    0.07301    0.05477    0.03651    0.01826    0.00000
   0.00000    0.01993    0.03986    0.05978    0.07969    0.09959    0.11948    0.13934    0.15918    0.17900    0.19879    0.21855    0.23828    0.25797    0.27761    0.29722    0.31678    0.33629    0.35574    0.37514    0.39449    0.41377    0.43298    0.45213    0.47121    0.49022    0.50915    0.52800    0.54677    0.56545    0.58404    0.60255    0.62096    0.63928    0.65749    0.67561    0.69362    0.71152    0.72931    0.74699    0.76456    0.78200    0.79933    0.81653    0.83361    0.85056    0.86738    0.88406    0.90061    0.91702    0.93329    0.94942    0.96540    0.98123    0.99692    1.01245    1.02782    1.04304    1.05810    1.07300    1.08774    1.10231    1.11671    1.13095    1.14501    1.15890    1.17261    1.18614    1.19950    1.21267    1.22566    1.23846    1.25108    1.26351    1.27575    1.28780    1.29965    1.31131    1.32277    1.33403    1.34509    1.35595    1.36661    1.37706    1.38730    1.39734    1.40717    1.41679    1.42620    1.43539    1.44437    1.45314    1.46169    1.47002    1.47813    1.48602    1.49370    1.50115    1.50837    1.51538    1.52216    1.52871    1.53504    1.54114    1.54701    1.55265    1.55807    1.56325    1.56820    1.57292    1.57741    1.58167    1.58569    1.58948    1.59303    1.59635    1.59943    1.60228    1.60489    1.60727    1.60941    1.61131    1.61297    1.61440    1.61559    1.61654    1.61726    1.61773    1.61797    1.61797    1.61773    1.61726    1.61654    1.61559    1.61440    1.61297    1.61131    1.60941    1.60727    1.60489    1.60228    1.59943    1.59635    1.59303    1.58948    1.58569    1.58167    1.57741    1.57292    1.56820    1.56325    1.55807    1.55265    1.54701    1.54114    1.53504    1.52871    1.52216    1.51538    1.50837    1.50115    1.49370    1.48602    1.47813    1.47002    1.46169    1.45314    1.44437    1.43539    1.42620    1.41679    1.40717    1.39734    1.38730    1.37706    1.36661    1.35595    1.34509    1.33403    1.32277    1.31131    1.29965    1.28780    1.27575    1.26351    1.25108    1.23846    1.22566    1.21267    1.19950    1.18614    1.17261    1.15890    1.14501    1.13095    1.11671    1.10231    1.08774    1.07300    1.05810    1.04304    1.02782    1.01245    0.99692    0.98123    0.96540    0.94942    0.93329    0.91702    0.90061    0.88406    0.86738    0.85056    0.83361    0.81653    0.79933    0.78200    0.76456    0.74699    0.72931    0.71152    0.69362    0.67561    0.65749    0.63928    0.62096    0.60255    0.58404    0.56545    0.54677    0.52800    0.50915    0.49022    0.47121    0.45213    0.43298    0.41377    0.39449    0.37514    0.35574    0.33629    0.31678    0.29722    0.27761    0.25797    0.23828    0.21855    0.19879    0.17900    0.15918    0.13934    0.11948    0.09959    0.07969    0.05978    0.03986    0.01993    0.00000
   0.00000    0.02161    0.04321    0.06480    0.08639    0.10796    0.12952    0.15105    0.17256    0.19405    0.21550    0.23692    0.25830    0.27965    0.30095    0.32220    0.34340    0.36455    0.38564    0.40667    0.42764    0.44854    0.46937    0.49013    0.51081    0.53141    0.55193    0.57237    0.59271    0.61297    0.63312    0.65318    0.67314    0.69300    0.71274    0.73238    0.75190    0.77131    0.79060    0.80976    0.82880    0.84771    0.86650    0.88514    0.90366    0.92203    0.94026    0.95835    0.97628    0.99407    1.01171    1.02919    1.04652    1.06368    1.08068    1.09752    1.11418    1.13068    1.14701    1.16316    1.17913    1.19493    1.21054    1.22597    1.24121    1.25626    1.27113    1.28580    1.30027    1.31455    1.32863    1.34251    1.35619    1.36966    1.38293    1.39599    1.40884    1.42147    1.43390    1.44610    1.45809    1.46986    1.48141    1.49274    1.50385    1.51473    1.52538    1.53581    1.54601    1.55597    1.56571    1.57521    1.58448    1.59351    1.60230    1.61086    1.61917    1.62725    1.63508    1.64267    1.65002    1.65713    1.66398    1.67060    1.67696    1.68308    1.68895    1.69456    1.69993    1.70505    1.70991    1.71453    1.71889    1.72299    1.72684    1.73044    1.73378    1.73687    1.73970    1.74228    1.74460    1.74666    1.74846    1.75001    1.75130    1.75233    1.75310    1.75362    1.75388    1.75388    1.75362    1.75310    1.75233    1.75130    1.75001    1.74846    1.74666    1.74460    1.74228    1.73970    1.73687    1.73378    1.73044    1.72684    1.72299    1.71889    1.71453    1.70991    1.70505    1.69993    1.69456    1.68895    1.68308    1.67696    1.67060    1.66398    1.65713    1.65002    1.64267    1.63508    1.62725    1.61917    1.61086    1.60230    1.59351    1.58448    1.57521    1.56571    1.55597    1.54601    1.53581    1.52538    1.51473    1.50385    1.49274    1.48141    1.46986    1.45809    1.44610    1.43390    1.42147    1.40884    1.39599    1.38293    1.36966    1.35619    1.34251    1.32863    1.31455    1.30027    1.28580    1.27113    1.25626    1.24121    1.22597    1.21054    1.19493    1.17913    1.16316    1.14701    1.13068    1.11418    1.09752    1.08068    1.06368    1.04652    1.02919    1.01171    0.99407    0.97628    0.95835    0.94026    0.92203    0.90366    0.88514    0.86650    0.84771    0.82880    0.80976    0.79060    0.77131    0.75190    0.73238    0.71274    0.69300    0.67314    0.65318    0.63312    0.61297    0.59271    0.57237    0.55193    0.53141    0.51081    0.49013    0.46937    0.44854    0.42764    0.40667    0.38564    0.36455    0.34340    0.32220    0.30095    0.27965    0.25830    0.23692    0.21550    0.19405    0.17256    0.15105    0.12952    0.10796    0.08639    0.06480    0.04321    0.02161    0.00000
   0.00000    0.02328    0.04656    0.06984    0.09310    0.11635    0.13958    0.16278    0.18597    0.20912    0.23224    0.25532    0.27837    0.30137    0.32432    0.34723    0.37007    0.39287    0.41560    0.43826    0.46086    0.48338    0.50583    0.52820    0.55049    0.57269    0.59481    0.61683    0.63875    0.66058    0.68230    0.70392    0.72543    0.74682    0.76810    0.78927    0.81030    0.83122    0.85200    0.87266    0.89318    0.91356    0.93380    0.95389    0.97384    0.99364    1.01329    1.03278    1.05211    1.07128    1.09029    1.10913    1.12779    1.14629    1.16461    1.18275    1.20072    1.21849    1.23609    1.25349    1.27071    1.28773    1.30455    1.32118    1.33760    1.35382    1.36984    1.38565    1.40125    1.41664    1.43181    1.44677    1.46151    1.47602    1.49032    1.50439    1.51824    1.53185    1.54524    1.55839    1.57131    1.58400    1.59645    1.60865    1.62062    1.63235    1.64383    1.65506    1.66605    1.67679    1.68728    1.69752    1.70750    1.71723    1.72671    1.73593    1.74489    1.75359    1.76203    1.77022    1.77813    1.78579    1.79318    1.80030    1.80716    1.81375    1.82008    1.82613    1.83191    1.83743    1.84267    1.84764    1.85234    1.85676    1.86091    1.86479    1.86839    1.87172    1.87477    1.87754    1.88004    1.88226    1.88421    1.88587    1.88726    1.88838    1.88921    1.88977    1.89004    1.89004    1.88977    1.88921    1.88838    1.88726    1.88587    1.88421    1.88226    1.88004    1.87754    1.87477    1.87172    1.86839    1.86479    1.86091    1.85676    1.85234    1.84764    1.84267    1.83743    1.83191    1.82613    1.82008    1.81375    1.80716    1.80030    1.79318    1.78579    1.77813    1.77022    1.76203    1.75359    1.74489    1.73593    1.72671    1.71723    1.70750    1.69752    1.68728    1.67679    1.66605    1.65506    1.64383    1.63235    1.62062    1.60865    1.59645    1.58400    1.57131    1.55839    1.54524    1.53185    1.51824    1.50439    1.49032    1.47602    1.46151    1.44677    1.43181    1.41664    1.40125    1.38565    1.36984    1.35382    1.33760    1.32118    1.30455    1.28773    1.27071    1.25349    1.23609    1.21849    1.20072    1.18275    1.16461    1.14629    1.12779    1.10913    1.09029    1.07128    1.05211    1.03278    1.01329    0.99364    0.97384    0.95389    0.93380    0.91356    0.89318    0.87266    0.85200    0.83122    0.81030    0.78927    0.76810    0.74682    0.72543    0.70392    0.68230    0.66058    0.63875    0.61683    0.59481    0.57269    0.55049    0.52820    0.50583    0.48338    0.46086    0.43826    0.41560    0.39287    0.37007    0.34723    0.32432    0.30137    0.27837    0.25532    0.23224    0.20912    0.18597    0.16278    0.13958    0.11635    0.09310    0.06984    0.04656    0.02328    0.00000
   0.00000    0.02497    0.04993    0.07488    0.09983    0.12475    0.14966    0.17454    0.19940    0.22423    0.24902    0.27377    0.29848    0.32314    0.34775    0.37231    0.39681    0.42124    0.44562    0.46992    0.49415    0.51830    0.54237    0.56636    0.59025    0.61406    0.63777    0.66138    0.68489    0.70829    0.73159    0.75477    0.77783    0.80077    0.82359    0.84627    0.86883    0.89126    0.91354    0.93569    0.95769    0.97954    1.00124    1.02279    1.04418    1.06541    1.08647    1.10737    1.12810    1.14865    1.16903    1.18923    1.20924    1.22908    1.24872    1.26817    1.28743    1.30649    1.32536    1.34402    1.36247    1.38072    1.39876    1.41658    1.43420    1.45159    1.46876    1.48571    1.50244    1.51894    1.53520    1.55124    1.56704    1.58261    1.59794    1.61302    1.62787    1.64246    1.65682    1.67092    1.68477    1.69837    1.71172    1.72481    1.73764    1.75021    1.76252    1.77456    1.78634    1.79786    1.80910    1.82008    1.83078    1.84122    1.85138    1.86126    1.87087    1.88020    1.88925    1.89802    1.90651    1.91472    1.92264    1.93028    1.93763    1.94470    1.95147    1.95797    1.96417    1.97008    1.97570    1.98103    1.98606    1.99081    1.99526    1.99941    2.00327    2.00684    2.01011    2.01309    2.01576    2.01815    2.02023    2.02202    2.02351    2.02470    2.02559    2.02619    2.02649    2.02649    2.02619    2.02559    2.02470    2.02351    2.02202    2.02023    2.01815    2.01576    2.01309    2.01011    2.00684    2.00327    1.99941    1.99526    1.99081    1.98606    1.98103    1.97570    1.97008    1.96417    1.95797    1.95147    1.94470    1.93763    1.93028    1.92264    1.91472    1.90651    1.89802    1.88925    1.88020    1.87087    1.86126    1.85138    1.84122    1.83078    1.82008    1.80910    1.79786    1.78634    1.77456    1.76252    1.75021    1.73764    1.72481    1.71172    1.69837    1.68477    1.67092    1.65682    1.64246    1.62787    1.61302    1.59794    1.58261    1.56704    1.55124    1.53520    1.51894    1.50244    1.48571    1.46876    1.45159    1.43420    1.41658    1.39876    1.38072    1.36247    1.34402    1.32536    1.30649    1.28743    1.26817    1.24872    1.22908    1.20924    1.18923    1.16903    1.14865    1.12810    1.10737    1.08647    1.06541    1.04418    1.02279    1.00124    0.97954    0.95769    0.93569    0.91354    0.89126    0.86883    0.84627    0.82359    0.80077    0.77783    0.75477    0.73159    0.70829    0.68489    0.66138    0.63777    0.61406    0.59025    0.56636    0.54237    0.51830    0.49415    0.46992    0.44562    0.42124    0.39681    0.37231    0.34775    0.32314    0.29848    0.27377    0.24902    0.22423    0.19940    0.17454    0.14966    0.12475    0.09983    0.07488    0.04993    0.02497    0.00000
   0.00000    0.02665    0.05330    0.07994    0.10657    0.13318    0.15977    0.18633    0.21287    0.23937    0.26583    0.29225    0.31863    0.34496    0.37123    0.39745    0.42360    0.44969    0.47571    0.50165    0.52751    0.55330    0.57899    0.60460    0.63011    0.65552    0.68084    0.70604    0.73114    0.75612    0.78098    0.80573    0.83035    0.85484    0.87919    0.90341    0.92750    0.95143    0.97522    0.99886    1.02235    1.04568    1.06884    1.09184    1.11468    1.13734    1.15982    1.18213    1.20426    1.22620    1.24795    1.26951    1.29088    1.31205    1.33302    1.35378    1.37434    1.39469    1.41483    1.43475    1.45445    1.47393    1.49318    1.51221    1.53101    1.54957    1.56791    1.58600    1.60385    1.62146    1.63883    1.65595    1.67281    1.68943    1.70579    1.72190    1.73774    1.75332    1.76864    1.78370    1.79848    1.81300    1.82724    1.84122    1.85491    1.86833    1.88147    1.89433    1.90690    1.91919    1.93120    1.94291    1.95434    1.96548    1.97632    1.98687    1.99712    2.00708    2.01674    2.02611    2.03517    2.04393    2.05238    2.06054    2.06839    2.07593    2.08316    2.09009    2.09671    2.10302    2.10902    2.11471    2.12008    2.12515    2.12990    2.13433    2.13845    2.14226    2.14575    2.14893    2.15178    2.15433    2.15655    2.15846    2.16005    2.16132    2.16228    2.16291    2.16323    2.16323    2.16291    2.16228    2.16132    2.16005    2.15846    2.15655    2.15433    2.15178    2.14893    2.14575    2.14226    2.13845    2.13433    2.12990    2.12515    2.12008    2.11471    2.10902    2.10302    2.09671    2.09009    2.08316    2.07593    2.06839    2.06054    2.05238    2.04393    2.03517    2.02611    2.01674    2.00708    1.99712    1.98687    1.97632    1.96548    1.95434    1.94291    1.93120    1.91919    1.90690    1.89433    1.88147    1.86833    1.85491    1.84122    1.82724    1.81300    1.79848    1.78370    1.76864    1.75332    1.73774    1.72190    1.70579    1.68943    1.67281    1.65595    1.63883    1.62146    1.60385    1.58600    1.56791    1.54957    1.53101    1.51221    1.49318    1.47393    1.45445    1.43475    1.41483    1.39469    1.37434    1.35378    1.33302    1.31205    1.29088    1.26951    1.24795    1.22620    1.20426    1.18213    1.15982    1.13734    1.11468    1.09184    1.06884    1.04568    1.02235    0.99886    0.97522    0.95143    0.92750    0.90341    0.87919    0.85484    0.83035    0.80573    0.78098    0.75612    0.73114    0.70604    0.68084    0.65552    0.63011    0.60460    0.57899    0.55330    0.52751    0.50165    0.47571    0.44969    0.42360    0.39745    0.37123    0.34496    0.31863    0.29225    0.26583    0.23937    0.21287    0.18633    0.15977    0.13318    0.10657    0.07994    0.05330    0.02665    0.00000
   0.00000    0.02834    0.05668    0.08501    0.11332    0.14162    0.16990    0.19815    0.22636    0.25455    0.28269    0.31079    0.33884    0.36683    0.39477    0.42265    0.45046    0.47821    0.50587    0.53346    0.56096    0.58838    0.61571    0.64294    0.67007    0.69709    0.72401    0.75081    0.77750    0.80406    0.83050    0.85682    0.88300    0.90904    0.93494    0.96070    0.98630    1.01176    1.03706    1.06219    1.08717    1.11197    1.13661    1.16107    1.18535    1.20944    1.23335    1.25708    1.28060    1.30394    1.32707    1.35000    1.37272    1.39523    1.41752    1.43960    1.46146    1.48310    1.50451    1.52569    1.54664    1.56736    1.58783    1.60806    1.62805    1.64780    1.66729    1.68653    1.70551    1.72424    1.74270    1.76090    1.77884    1.79651    1.81390    1.83103    1.84788    1.86445    1.88074    1.89674    1.91246    1.92790    1.94305    1.95790    1.97246    1.98673    2.00070    2.01437    2.02774    2.04081    2.05358    2.06603    2.07818    2.09003    2.10156    2.11277    2.12368    2.13427    2.14454    2.15449    2.16413    2.17344    2.18243    2.19110    2.19945    2.20747    2.21516    2.22253    2.22956    2.23627    2.24265    2.24870    2.25442    2.25980    2.26485    2.26957    2.27395    2.27800    2.28171    2.28508    2.28812    2.29083    2.29319    2.29522    2.29691    2.29826    2.29928    2.29995    2.30029    2.30029    2.29995    2.29928    2.29826    2.29691    2.29522    2.29319    2.29083    2.28812    2.28508    2.28171    2.27800    2.27395    2.26957    2.26485    2.25980    2.25442    2.24870    2.24265    2.23627    2.22956    2.22253    2.21516    2.20747    2.19945    2.19110    2.18243    2.17344    2.16413    2.15449    2.14454    2.13427    2.12368    2.11277    2.10156    2.09003    2.07818    2.06603    2.05358    2.04081    2.02774    2.01437    2.00070    1.98673    1.97246    1.95790    1.94305    1.92790    1.91246    1.89674    1.88074    1.86445    1.84788    1.83103    1.81390    1.79651    1.77884    1.76090    1.74270    1.72424    1.70551    1.68653    1.66729    1.64780    1.62805    1.60806    1.58783    1.56736    1.54664    1.52569    1.50451    1.48310    1.46146    1.43960    1.41752    1.39523    1.37272    1.35000    1.32707    1.30394    1.28060    1.25708    1.23335    1.20944    1.18535    1.16107    1.13661    1.11197    1.08717    1.06219    1.03706    1.01176    0.98630    0.96070    0.93494    0.90904    0.88300    0.85682    0.83050    0.80406    0.77750    0.75081    0.72401    0.69709    0.67007    0.64294    0.61571    0.58838    0.56096    0.53346    0.50587    0.47821    0.45046    0.42265    0.39477    0.36683    0.33884    0.31079    0.28269    0.25455    0.22636    0.19815    0.16990    0.14162    0.11332    0.08501    0.05668    0.02834    0.00000
   0.00000    0.03004    0.06007    0.09009    0.12010    0.15009    0.18005    0.20999    0.23990    0.26977    0.29959    0.32937    0.35910    0.38877    0.41838    0.44792    0.47740    0.50680    0.53612    0.56535    0.59450    0.62356    0.65252    0.68137    0.71012    0.73877    0.76729    0.79570    0.82398    0.85213    0.88015    0.90804    0.93578    0.96338    0.99083    1.01812    1.04526    1.07224    1.09905    1.12569    1.15215    1.17844    1.20455    1.23047    1.25620    1.28174    1.30708    1.33221    1.35715    1.38187    1.40639    1.43068    1.45476    1.47862    1.50225    1.52565    1.54881    1.57174    1.59443    1.61688    1.63908    1.66103    1.68272    1.70416    1.72535    1.74627    1.76692    1.78731    1.80743    1.82727    1.84684    1.86613    1.88514    1.90386    1.92229    1.94044    1.95829    1.97585    1.99311    2.01007    2.02673    2.04309    2.05914    2.07488    2.09031    2.10543    2.12024    2.13472    2.14889    2.16274    2.17626    2.18947    2.20234    2.21489    2.22711    2.23899    2.25055    2.26177    2.27265    2.28320    2.29341    2.30328    2.31281    2.32199    2.33084    2.33933    2.34749    2.35529    2.36275    2.36986    2.37662    2.38302    2.38908    2.39479    2.40014    2.40514    2.40978    2.41407    2.41800    2.42158    2.42480    2.42766    2.43017    2.43232    2.43411    2.43554    2.43662    2.43734    2.43769    2.43769    2.43734    2.43662    2.43554    2.43411    2.43232    2.43017    2.42766    2.42480    2.42158    2.41800    2.41407    2.40978    2.40514    2.40014    2.39479    2.38908    2.38302    2.37662    2.36986    2.36275    2.35529    2.34749    2.33933    2.33084    2.32199    2.31281    2.30328    2.29341    2.28320    2.27265    2.26177    2.25055    2.23899    2.22711    2.21489    2.20234    2.18947    2.17626    2.16274    2.14889    2.13472    2.12024    2.10543    2.09031    2.07488    2.05914    2.04309    2.02673    2.01007    1.99311    1.97585    1.95829    1.94044    1.92229    1.90386    1.88514    1.86613    1.84684    1.82727    1.80743    1.78731    1.76692    1.74627    1.72535    1.70416    1.68272    1.66103    1.63908    1.61688    1.59443    1.57174    1.54881    1.52565    1.50225    1.47862    1.45476    1.43068    1.40639    1.38187    1.35715    1.33221    1.30708    1.28174    1.25620    1.23047    1.20455    1.17844    1.15215    1.12569    1.09905    1.07224    1.04526    1.01812    0.99083    0.96338    0.93578    0.90804    0.88015    0.85213    0.82398    0.79570    0.76729    0.73877    0.71012    0.68137    0.65252    0.62356    0.59450    0.56535    0.53612    0.50680    0.47740    0.44792    0.41838    0.38877    0.35910    0.32937    0.29959    0.26977    0.23990    0.20999    0.18005    0.15009    0.12010    0.09009    0.06007    0.03004    0.00000
   0.00000    0.03174    0.06347    0.09519    0.12689    0.15858    0.19024    0.22187    0.25347    0.28503    0.31654    0.34800    0.37941    0.41076    0.44204    0.47326    0.50440    0.53546    0.56644    0.59733    0.62813    0.65883    0.68943    0.71992    0.75030    0.78056    0.81069    0.84071    0.87059    0.90033    0.92994    0.95940    0.98871    1.01787    1.04687    1.07571    1.10438    1.13289    1.16121    1.18936    1.21732    1.24509    1.27268    1.30006    1.32725    1.35423    1.38100    1.40756    1.43390    1.46002    1.48592    1.51159    1.53703    1.56223    1.58720    1.61192    1.63639    1.66062    1.68459    1.70830    1.73176    1.75495    1.77787    1.80052    1.82290    1.84501    1.86683    1.88837    1.90962    1.93059    1.95126    1.97164    1.99171    2.01149    2.03097    2.05014    2.06900    2.08755    2.10579    2.12371    2.14131    2.15859    2.17554    2.19217    2.20848    2.22445    2.24009    2.25539    2.27036    2.28499    2.29928    2.31322    2.32683    2.34008    2.35299    2.36555    2.37775    2.38961    2.40110    2.41225    2.42303    2.43346    2.44352    2.45323    2.46257    2.47155    2.48016    2.48840    2.49628    2.50379    2.51093    2.51770    2.52410    2.53013    2.53578    2.54106    2.54597    2.55050    2.55465    2.55843    2.56183    2.56486    2.56751    2.56978    2.57167    2.57318    2.57432    2.57508    2.57546    2.57546    2.57508    2.57432    2.57318    2.57167    2.56978    2.56751    2.56486    2.56183    2.55843    2.55465    2.55050    2.54597    2.54106    2.53578    2.53013    2.52410    2.51770    2.51093    2.50379    2.49628    2.48840    2.48016    2.47155    2.46257    2.45323    2.44352    2.43346    2.42303    2.41225    2.40110    2.38961    2.37775    2.36555    2.35299    2.34008    2.32683    2.31322    2.29928    2.28499    2.27036    2.25539    2.24009    2.22445    2.20848    2.19217    2.17554    2.15859    2.14131    2.12371    2.10579    2.08755    2.06900    2.05014    2.03097    2.01149    1.99171    1.97164    1.95126    1.93059    1.90962    1.88837    1.86683    1.84501    1.82290    1.80052    1.77787    1.75495    1.73176    1.70830    1.68459    1.66062    1.63639    1.61192    1.58720    1.56223    1.53703    1.51159    1.48592    1.46002    1.43390    1.40756    1.38100    1.35423    1.32725    1.30006    1.27268    1.24509    1.21732    1.18936    1.16121    1.13289    1.10438    1.07571    1.04687    1.01787    0.98871    0.95940    0.92994    0.90033    0.87059    0.84071    0.81069    0.78056    0.75030    0.71992    0.68943    0.65883    0.62813    0.59733    0.56644    0.53546    0.50440    0.47326    0.44204    0.41076    0.37941    0.34800    0.31654    0.28503    0.25347    0.22187    0.19024    0.15858    0.12689    0.09519    0.06347    0.03174    0.00000
   0.00000    0.03344    0.06687    0.10030    0.13371    0.16710    0.20046    0.23379    0.26708    0.30033    0.33354    0.36669    0.39978    0.43282    0.46578    0.49867    0.53149    0.56422    0.59686    0.62941    0.66186    0.69421    0.72645    0.75857    0.79058    0.82247    0.85422    0.88585    0.91733    0.94867    0.97987    1.01091    1.04180    1.07252    1.10308    1.13347    1.16368    1.19371    1.22355    1.25321    1.28267    1.31194    1.34100    1.36985    1.39850    1.42693    1.45513    1.48312    1.51087    1.53840    1.56569    1.59273    1.61954    1.64609    1.67239    1.69844    1.72423    1.74975    1.77501    1.79999    1.82471    1.84914    1.87329    1.89716    1.92074    1.94402    1.96702    1.98971    2.01210    2.03419    2.05597    2.07744    2.09860    2.11943    2.13995    2.16015    2.18002    2.19957    2.21878    2.23766    2.25620    2.27441    2.29227    2.30979    2.32697    2.34380    2.36027    2.37640    2.39217    2.40758    2.42263    2.43733    2.45166    2.46562    2.47922    2.49245    2.50531    2.51780    2.52991    2.54165    2.55302    2.56400    2.57460    2.58483    2.59467    2.60413    2.61320    2.62189    2.63019    2.63810    2.64562    2.65275    2.65949    2.66584    2.67180    2.67736    2.68253    2.68730    2.69168    2.69566    2.69924    2.70243    2.70522    2.70761    2.70961    2.71120    2.71240    2.71320    2.71360    2.71360    2.71320    2.71240    2.71120    2.70961    2.70761    2.70522    2.70243    2.69924    2.69566    2.69168    2.68730    2.68253    2.67736    2.67180    2.66584    2.65949    2.65275    2.64562    2.63810    2.63019    2.62189    2.61320    2.60413    2.59467    2.58483    2.57460    2.56400    2.55302    2.54165    2.52991    2.51780    2.50531    2.49245    2.47922    2.46562    2.45166    2.43733    2.42263    2.40758    2.39217    2.37640    2.36027    2.34380    2.32697    2.30979    2.29227    2.27441    2.25620    2.23766    2.21878    2.19957    2.18002    2.16015    2.13995    2.11943    2.09860    2.07744    2.05597    2.03419    2.01210    1.98971    1.96702    1.94402    1.92074    1.89716    1.87329    1.84914    1.82471    1.79999    1.77501    1.74975    1.72423    1.69844    1.67239    1.64609    1.61954    1.59273    1.56569    1.53840    1.51087    1.48312    1.45513    1.42693    1.39850    1.36985    1.34100    1.31194    1.28267    1.25321    1.22355    1.19371    1.16368    1.13347    1.10308    1.07252    1.04180    1.01091    0.97987    0.94867    0.91733    0.88585    0.85422    0.82247    0.79058    0.75857    0.72645    0.69421    0.66186    0.62941    0.59686    0.56422    0.53149    0.49867    0.46578    0.43282    0.39978    0.36669    0.33354    0.30033    0.26708    0.23379    0.20046    0.16710    0.13371    0.10030    0.06687    0.03344    0.00000
   0.00000    0.03515    0.07029    0.10543    0.14054    0.17564    0.21070    0.24574    0.28073    0.31569    0.35059    0.38543    0.42022    0.45494    0.48959    0.52417    0.55866    0.59306    0.62737    0.66158    0.69569    0.72969    0.76358    0.79735    0.83099    0.86451    0.89789    0.93113    0.96422    0.99716    1.02995    1.06258    1.09505    1.12734    1.15946    1.19140    1.22315    1.25472    1.28609    1.31726    1.34823    1.37898    1.40953    1.43986    1.46997    1.49985    1.52949    1.55891    1.58808    1.61701    1.64569    1.67412    1.70229    1.73020    1.75785    1.78522    1.81233    1.83915    1.86570    1.89196    1.91793    1.94361    1.96900    1.99408    2.01886    2.04334    2.06750    2.09135    2.11489    2.13810    2.16099    2.18356    2.20579    2.22770    2.24926    2.27049    2.29137    2.31191    2.33211    2.35195    2.37144    2.39057    2.40935    2.42776    2.44581    2.46350    2.48081    2.49776    2.51433    2.53053    2.54635    2.56179    2.57685    2.59153    2.60582    2.61973    2.63324    2.64637    2.65910    2.67144    2.68338    2.69492    2.70607    2.71681    2.72715    2.73709    2.74663    2.75576    2.76448    2.77279    2.78070    2.78819    2.79528    2.80195    2.80821    2.81405    2.81949    2.82450    2.82910    2.83329    2.83705    2.84040    2.84333    2.84585    2.84794    2.84962    2.85088    2.85172    2.85214    2.85214    2.85172    2.85088    2.84962    2.84794    2.84585    2.84333    2.84040    2.83705    2.83329    2.82910    2.82450    2.81949    2.81405    2.80821    2.80195    2.79528    2.78819    2.78070    2.77279    2.76448    2.75576    2.74663    2.73709    2.72715    2.71681    2.70607    2.69492    2.68338    2.67144    2.65910    2.64637    2.63324    2.61973    2.60582    2.59153    2.57685    2.56179    2.54635    2.53053    2.51433    2.49776    2.48081    2.46350    2.44581    2.42776    2.40935    2.39057    2.37144    2.35195    2.33211    2.31191    2.29137    2.27049    2.24926    2.22770    2.20579    2.18356    2.16099    2.13810    2.11489    2.09135    2.06750    2.04334    2.01886    1.99408    1.96900    1.94361    1.91793    1.89196    1.86570    1.83915    1.81233    1.78522    1.75785    1.73020    1.70229    1.67412    1.64569    1.61701    1.58808    1.55891    1.52949    1.49985    1.46997    1.43986    1.40953    1.37898    1.34823    1.31726    1.28609    1.25472    1.22315    1.19140    1.15946    1.12734    1.09505    1.06258    1.02995    0.99716    0.96422    0.93113    0.89789    0.86451    0.83099    0.79735    0.76358    0.72969    0.69569    0.66158    0.62737    0.59306    0.55866    0.52417    0.48959    0.45494    0.42022    0.38543    0.35059    0.31569    0.28073    0.24574    0.21070    0.17564    0.14054    0.10543    0.07029    0.03515    0.00000
   0.00000    0.03686    0.07372    0.11057    0.14740    0.18421    0.22099    0.25773    0.29443    0.33109    0.36769    0.40424    0.44072    0.47714    0.51348    0.54974    0.58591    0.62199    0.65798    0.69386    0.72964    0.76529    0.80083    0.83625    0.87153    0.90668    0.94169    0.97655    1.01126    1.04581    1.08020    1.11442    1.14846    1.18233    1.21602    1.24951    1.28282    1.31592    1.34882    1.38151    1.41399    1.44625    1.47828    1.51009    1.54166    1.57300    1.60409    1.63494    1.66553    1.69587    1.72595    1.75576    1.78531    1.81458    1.84357    1.87228    1.90070    1.92883    1.95667    1.98421    2.01145    2.03838    2.06500    2.09131    2.11730    2.14296    2.16830    2.19332    2.21800    2.24234    2.26635    2.29001    2.31333    2.33629    2.35891    2.38117    2.40307    2.42461    2.44579    2.46659    2.48703    2.50709    2.52678    2.54609    2.56502    2.58357    2.60173    2.61950    2.63688    2.65386    2.67045    2.68664    2.70244    2.71783    2.73281    2.74739    2.76157    2.77533    2.78868    2.80161    2.81414    2.82624    2.83793    2.84919    2.86004    2.87046    2.88046    2.89003    2.89918    2.90790    2.91619    2.92405    2.93148    2.93847    2.94504    2.95116    2.95686    2.96212    2.96694    2.97133    2.97528    2.97879    2.98187    2.98450    2.98670    2.98846    2.98978    2.99066    2.99110    2.99110    2.99066    2.98978    2.98846    2.98670    2.98450    2.98187    2.97879    2.97528    2.97133    2.96694    2.96212    2.95686    2.95116    2.94504    2.93847    2.93148    2.92405    2.91619    2.90790    2.89918    2.89003    2.88046    2.87046    2.86004    2.84919    2.83793    2.82624    2.81414    2.80161    2.78868    2.77533    2.76157    2.74739    2.73281    2.71783    2.70244    2.68664    2.67045    2.65386    2.63688    2.61950    2.60173    2.58357    2.56502    2.54609    2.52678    2.50709    2.48703    2.46659    2.44579    2.42461    2.40307    2.38117    2.35891    2.33629    2.31333    2.29001    2.26635    2.24234    2.21800    2.19332    2.16830    2.14296    2.11730    2.09131    2.06500    2.03838    2.01145    1.98421    1.95667    1.92883    1.90070    1.87228    1.84357    1.81458    1.78531    1.75576    1.72595    1.69587    1.66553    1.63494    1.60409    1.57300    1.54166    1.51009    1.47828    1.44625    1.41399    1.38151    1.34882    1.31592    1.28282    1.24951    1.21602    1.18233    1.14846    1.11442    1.08020    1.04581    1.01126    0.97655    0.94169    0.90668    0.87153    0.83625    0.80083    0.76529    0.72964    0.69386    0.65798    0.62199    0.58591    0.54974    0.51348    0.47714    0.44072    0.40424    0.36769    0.33109    0.29443    0.25773    0.22099    0.18421    0.14740    0.11057    0.07372    0.03686    0.00000
   0.00000    0.03859    0.07716    0.11573    0.15428    0.19281    0.23130    0.26976    0.30817    0.34654    0.38486    0.42311    0.46130    0.49941    0.53745    0.57540    0.61326    0.65103    0.68869    0.72625    0.76369    0.80101    0.83821    0.87528    0.91221    0.94900    0.98564    1.02213    1.05845    1.09462    1.13061    1.16643    1.20206    1.23751    1.27277    1.30782    1.34268    1.37733    1.41176    1.44598    1.47997    1.51373    1.54726    1.58055    1.61359    1.64639    1.67893    1.71122    1.74324    1.77499    1.80647    1.83767    1.86859    1.89923    1.92957    1.95962    1.98937    2.01881    2.04795    2.07677    2.10528    2.13346    2.16132    2.18885    2.21605    2.24291    2.26943    2.29561    2.32144    2.34692    2.37204    2.39681    2.42121    2.44525    2.46891    2.49221    2.51513    2.53767    2.55983    2.58161    2.60300    2.62399    2.64460    2.66481    2.68462    2.70402    2.72303    2.74162    2.75981    2.77759    2.79495    2.81189    2.82842    2.84453    2.86021    2.87547    2.89030    2.90470    2.91867    2.93221    2.94531    2.95798    2.97021    2.98200    2.99335    3.00426    3.01472    3.02474    3.03431    3.04343    3.05211    3.06033    3.06811    3.07543    3.08230    3.08871    3.09467    3.10017    3.10522    3.10981    3.11395    3.11762    3.12084    3.12360    3.12590    3.12774    3.12912    3.13004    3.13050    3.13050    3.13004    3.12912    3.12774    3.12590    3.12360    3.12084    3.11762    3.11395    3.10981    3.10522    3.10017    3.09467    3.08871    3.08230    3.07543    3.06811    3.06033    3.05211    3.04343    3.03431    3.02474    3.01472    3.00426    2.99335    2.98200    2.97021    2.95798    2.94531    2.93221    2.91867    2.90470    2.89030    2.87547    2.86021    2.84453    2.82842    2.81189    2.79495    2.77759    2.75981    2.74162    2.72303    2.70402    2.68462    2.66481    2.64460    2.62399    2.60300    2.58161    2.55983    2.53767    2.51513    2.49221    2.46891    2.44525    2.42121    2.39681    2.37204    2.34692    2.32144    2.29561    2.26943    2.24291    2.21605    2.18885    2.16132    2.13346    2.10528    2.07677    2.04795    2.01881    1.98937    1.95962    1.92957    1.89923    1.86859    1.83767    1.80647    1.77499    1.74324    1.71122    1.67893    1.64639    1.61359    1.58055    1.54726    1.51373    1.47997    1.44598    1.41176    1.37733    1.34268    1.30782    1.27277    1.23751    1.20206    1.16643    1.13061    1.09462    1.05845    1.02213    0.98564    0.94900    0.91221    0.87528    0.83821    0.80101    0.76369    0.72625    0.68869    0.65103    0.61326    0.57540    0.53745    0.49941    0.46130    0.42311    0.38486    0.34654    0.30817    0.26976    0.23130    0.19281    0.15428    0.11573    0.07716    0.03859    0.00000
   0.00000    0.04031    0.08062    0.12091    0.16119    0.20143    0.24165    0.28183    0.32197    0.36205    0.40208    0.44204    0.48194    0.52176    0.56150    0.60115    0.64071    0.68016    0.71951    0.75875    0.79787    0.83686    0.87572    0.91445    0.95303    0.99147    1.02974    1.06786    1.10582    1.14360    1.18120    1.21862    1.25585    1.29288    1.32971    1.36634    1.40275    1.43895    1.47492    1.51067    1.54618    1.58145    1.61648    1.65125    1.68578    1.72004    1.75404    1.78776    1.82122    1.85439    1.88727    1.91987    1.95217    1.98417    2.01587    2.04726    2.07834    2.10910    2.13953    2.16964    2.19942    2.22887    2.25797    2.28673    2.31514    2.34320    2.37091    2.39826    2.42524    2.45185    2.47810    2.50397    2.52946    2.55457    2.57929    2.60362    2.62757    2.65112    2.67426    2.69701    2.71935    2.74129    2.76281    2.78392    2.80461    2.82489    2.84474    2.86416    2.88316    2.90173    2.91986    2.93756    2.95483    2.97165    2.98803    3.00397    3.01946    3.03451    3.04910    3.06324    3.07693    3.09016    3.10294    3.11525    3.12711    3.13850    3.14943    3.15989    3.16989    3.17942    3.18848    3.19707    3.20519    3.21284    3.22001    3.22671    3.23294    3.23869    3.24396    3.24875    3.25307    3.25691    3.26027    3.26315    3.26556    3.26748    3.26892    3.26988    3.27036    3.27036    3.26988    3.26892    3.26748    3.26556    3.26315    3.26027    3.25691    3.25307    3.24875    3.24396    3.23869    3.23294    3.22671    3.22001    3.21284    3.20519    3.19707    3.18848    3.17942    3.16989    3.15989    3.14943    3.13850    3.12711    3.11525    3.10294    3.09016    3.07693    3.06324    3.04910    3.03451    3.01946    3.00397    2.98803    2.97165    2.95483    2.93756    2.91986    2.90173    2.88316    2.86416    2.84474    2.82489    2.80461    2.78392    2.76281    2.74129    2.71935    2.69701    2.67426    2.65112    2.62757    2.60362    2.57929    2.55457    2.52946    2.50397    2.47810    2.45185    2.42524    2.39826    2.37091    2.34320    2.31514    2.28673    2.25797    2.22887    2.19942    2.16964    2.13953    2.10910    2.07834    2.04726    2.01587    1.98417    1.95217    1.91987    1.88727    1.85439    1.82122    1.78776    1.75404    1.72004    1.68578    1.65125    1.61648    1.58145    1.54618    1.51067    1.47492    1.43895    1.40275    1.36634    1.32971    1.29288    1.25585    1.21862    1.18120    1.14360    1.10582    1.06786    1.02974    0.99147    0.95303    0.91445    0.87572    0.83686    0.79787    0.75875    0.71951    0.68016    0.64071    0.60115    0.56150    0.52176    0.48194    0.44204    0.40208    0.36205    0.32197    0.28183    0.24165    0.20143    0.16119    0.12091    0.08062    0.04031    0.00000
   0.00000    0.04205    0.08408    0.12611    0.16812    0.21010    0.25204    0.29395    0.33581    0.37762    0.41937    0.46105    0.50266    0.54419    0.58564    0.62699    0.66825    0.70940    0.75044    0.79137    0.83217    0.87284    0.91337    0.95376    0.99400    1.03409    1.07401    1.11377    1.15335    1.19275    1.23197    1.27100    1.30983    1.34845    1.38686    1.42506    1.46304    1.50079    1.53831    1.57559    1.61263    1.64941    1.68594    1.72222    1.75822    1.79395    1.82941    1.86458    1.89947    1.93407    1.96837    2.00236    2.03605    2.06942    2.10248    2.13522    2.16763    2.19971    2.23145    2.26285    2.29391    2.32461    2.35496    2.38496    2.41459    2.44385    2.47275    2.50126    2.52940    2.55716    2.58453    2.61150    2.63809    2.66427    2.69006    2.71543    2.74040    2.76496    2.78910    2.81282    2.83612    2.85899    2.88144    2.90345    2.92503    2.94617    2.96687    2.98713    3.00694    3.02630    3.04521    3.06367    3.08168    3.09922    3.11630    3.13292    3.14908    3.16476    3.17998    3.19473    3.20900    3.22280    3.23612    3.24896    3.26132    3.27320    3.28460    3.29551    3.30594    3.31588    3.32532    3.33428    3.34275    3.35072    3.35820    3.36519    3.37168    3.37768    3.38317    3.38818    3.39268    3.39668    3.40019    3.40319    3.40569    3.40770    3.40920    3.41020    3.41070    3.41070    3.41020    3.40920    3.40770    3.40569    3.40319    3.40019    3.39668    3.39268    3.38818    3.38317    3.37768    3.37168    3.36519    3.35820    3.35072    3.34275    3.33428    3.32532    3.31588    3.30594    3.29551    3.28460    3.27320    3.26132    3.24896    3.23612    3.22280    3.20900    3.19473    3.17998    3.16476    3.14908    3.13292    3.11630    3.09922    3.08168    3.06367    3.04521    3.02630    3.00694    2.98713    2.96687    2.94617    2.92503    2.90345    2.88144    2.85899    2.83612    2.81282    2.78910    2.76496    2.74040    2.71543    2.69006    2.66427    2.63809    2.61150    2.58453    2.55716    2.52940    2.50126    2.47275    2.44385    2.41459    2.38496    2.35496    2.32461    2.29391    2.26285    2.23145    2.19971    2.16763    2.13522    2.10248    2.06942    2.03605    2.00236    1.96837    1.93407    1.89947    1.86458    1.82941    1.79395    1.75822    1.72222    1.68594    1.64941    1.61263    1.57559    1.53831    1.50079    1.46304    1.42506    1.38686    1.34845    1.30983    1.27100    1.23197    1.19275    1.15335    1.11377    1.07401    1.03409    0.99400    0.95376    0.91337    0.87284    0.83217    0.79137    0.75044    0.70940    0.66825    0.62699    0.58564    0.54419    0.50266    0.46105    0.41937    0.37762    0.33581    0.29395    0.25204    0.21010    0.16812    0.12611    0.08408    0.04205    0.00000
   0.00000    0.04379    0.08756    0.13133    0.17507    0.21879    0.26247    0.30611    0.34971    0.39324    0.43672    0.48013    0.52346    0.56671    0.60987    0.65294    0.69590    0.73875    0.78149    0.82411    0.86660    0.90895    0.95116    0.99322    1.03512    1.07687    1.11844    1.15984    1.20106    1.24210    1.28294    1.32358    1.36401    1.40423    1.44423    1.48401    1.52356    1.56287    1.60194    1.64076    1.67933    1.71763    1.75567    1.79344    1.83094    1.86814    1.90507    1.94169    1.97802    2.01405    2.04976    2.08516    2.12024    2.15499    2.18942    2.22350    2.25725    2.29065    2.32371    2.35640    2.38874    2.42071    2.45232    2.48355    2.51440    2.54487    2.57496    2.60465    2.63395    2.66285    2.69135    2.71944    2.74712    2.77438    2.80123    2.82765    2.85365    2.87922    2.90435    2.92905    2.95331    2.97713    3.00050    3.02342    3.04588    3.06790    3.08945    3.11054    3.13117    3.15133    3.17102    3.19024    3.20898    3.22725    3.24503    3.26234    3.27916    3.29549    3.31134    3.32669    3.34155    3.35592    3.36978    3.38316    3.39603    3.40839    3.42026    3.43162    3.44247    3.45282    3.46266    3.47198    3.48080    3.48910    3.49689    3.50416    3.51092    3.51716    3.52289    3.52810    3.53278    3.53695    3.54060    3.54373    3.54633    3.54842    3.54999    3.55103    3.55155    3.55155    3.55103    3.54999    3.54842    3.54633    3.54373    3.54060    3.53695    3.53278    3.52810    3.52289    3.51716    3.51092    3.50416    3.49689    3.48910    3.48080    3.47198    3.46266    3.45282    3.44247    3.43162    3.42026    3.40839    3.39603    3.38316    3.36978    3.35592    3.34155    3.32669    3.31134    3.29549    3.27916    3.26234    3.24503    3.22725    3.20898    3.19024    3.17102    3.15133    3.13117    3.11054    3.08945    3.06790    3.04588    3.02342    3.00050    2.97713    2.95331    2.92905    2.90435    2.87922    2.85365    2.82765    2.80123    2.77438    2.74712    2.71944    2.69135    2.66285    2.63395    2.60465    2.57496    2.54487    2.51440    2.48355    2.45232    2.42071    2.38874    2.35640    2.32371    2.29065    2.25725    2.22350    2.18942    2.15499    2.12024    2.08516    2.04976    2.01405    1.97802    1.94169    1.90507    1.86814    1.83094    1.79344    1.75567    1.71763    1.67933    1.64076    1.60194    1.56287    1.52356    1.48401    1.44423    1.40423    1.36401    1.32358    1.28294    1.24210    1.20106    1.15984    1.11844    1.07687    1.03512    0.99322    0.95116    0.90895    0.86660    0.82411    0.78149    0.73875    0.69590    0.65294    0.60987    0.56671    0.52346    0.48013    0.43672    0.39324    0.34971    0.30611    0.26247    0.21879    0.17507    0.13133    0.08756    0.04379    0.00000
   0.00000    0.04553    0.09106    0.13657    0.18206    0.22752    0.27294    0.31832    0.36366    0.40893    0.45414    0.49928    0.54434    0.58932    0.63420    0.67898    0.72366    0.76822    0.81267    0.85698    0.90116    0.94520    0.98910    1.03283    1.07641    1.11982    1.16305    1.20610    1.24897    1.29164    1.33410    1.37636    1.41841    1.46023    1.50183    1.54319    1.58431    1.62519    1.66582    1.70618    1.74629    1.78612    1.82568    1.86495    1.90393    1.94263    1.98102    2.01910    2.05688    2.09434    2.13147    2.16828    2.20476    2.24089    2.27668    2.31213    2.34722    2.38195    2.41632    2.45031    2.48394    2.51718    2.55004    2.58252    2.61460    2.64628    2.67756    2.70844    2.73890    2.76895    2.79858    2.82779    2.85656    2.88491    2.91282    2.94030    2.96733    2.99391    3.02005    3.04573    3.07095    3.09571    3.12001    3.14384    3.16720    3.19008    3.21249    3.23442    3.25587    3.27683    3.29730    3.31728    3.33677    3.35576    3.37425    3.39224    3.40973    3.42671    3.44318    3.45914    3.47459    3.48953    3.50395    3.51785    3.53123    3.54409    3.55643    3.56824    3.57952    3.59028    3.60050    3.61020    3.61937    3.62800    3.63609    3.64366    3.65068    3.65717    3.66312    3.66854    3.67341    3.67774    3.68153    3.68479    3.68750    3.68967    3.69129    3.69238    3.69292    3.69292    3.69238    3.69129    3.68967    3.68750    3.68479    3.68153    3.67774    3.67341    3.66854    3.66312    3.65717    3.65068    3.64366    3.63609    3.62800    3.61937    3.61020    3.60050    3.59028    3.57952    3.56824    3.55643    3.54409    3.53123    3.51785    3.50395    3.48953    3.47459    3.45914    3.44318    3.42671    3.40973    3.39224    3.37425    3.35576    3.33677    3.31728    3.29730    3.27683    3.25587    3.23442    3.21249    3.19008    3.16720    3.14384    3.12001    3.09571    3.07095    3.04573    3.02005    2.99391    2.96733    2.94030    2.91282    2.88491    2.85656    2.82779    2.79858    2.76895    2.73890    2.70844    2.67756    2.64628    2.61460    2.58252    2.55004    2.51718    2.48394    2.45031    2.41632    2.38195    2.34722    2.31213    2.27668    2.24089    2.20476    2.16828    2.13147    2.09434    2.05688    2.01910    1.98102    1.94263    1.90393    1.86495    1.82568    1.78612    1.74629    1.70618    1.66582    1.62519    1.58431    1.54319    1.50183    1.46023    1.41841    1.37636    1.33410    1.29164    1.24897    1.20610    1.16305    1.11982    1.07641    1.03283    0.98910    0.94520    0.90116    0.85698    0.81267    0.76822    0.72366    0.67898    0.63420    0.58932    0.54434    0.49928    0.45414    0.40893    0.36366    0.31832    0.27294    0.22752    0.18206    0.13657    0.09106    0.04553    0.00000
   0.00000    0.04729    0.09456    0.14183    0.18907    0.23628    0.28346    0.33059    0.37766    0.42468    0.47163    0.51851    0.56531    0.61202    0.65863    0.70514    0.75153    0.79781    0.84397    0.88999    0.93587    0.98161    1.02719    1.07261    1.11787    1.16294    1.20784    1.25255    1.29706    1.34137    1.38548    1.42936    1.47302    1.51646    1.55965    1.60261    1.64532    1.68777    1.72995    1.77187    1.81352    1.85488    1.89596    1.93674    1.97723    2.01741    2.05727    2.09682    2.13605    2.17495    2.21351    2.25173    2.28961    2.32714    2.36430    2.40111    2.43755    2.47361    2.50930    2.54460    2.57952    2.61404    2.64816    2.68188    2.71519    2.74809    2.78057    2.81263    2.84426    2.87547    2.90623    2.93656    2.96644    2.99588    3.02486    3.05339    3.08145    3.10906    3.13619    3.16286    3.18905    3.21476    3.23999    3.26473    3.28898    3.31275    3.33601    3.35878    3.38105    3.40281    3.42407    3.44482    3.46505    3.48477    3.50397    3.52265    3.54080    3.55843    3.57554    3.59211    3.60815    3.62366    3.63863    3.65306    3.66696    3.68031    3.69312    3.70538    3.71710    3.72826    3.73888    3.74895    3.75846    3.76743    3.77583    3.78369    3.79098    3.79772    3.80390    3.80952    3.81458    3.81907    3.82301    3.82639    3.82920    3.83145    3.83314    3.83427    3.83483    3.83483    3.83427    3.83314    3.83145    3.82920    3.82639    3.82301    3.81907    3.81458    3.80952    3.80390    3.79772    3.79098    3.78369    3.77583    3.76743    3.75846    3.74895    3.73888    3.72826    3.71710    3.70538    3.69312    3.68031    3.66696    3.65306    3.63863    3.62366    3.60815    3.59211    3.57554    3.55843    3.54080    3.52265    3.50397    3.48477    3.46505    3.44482    3.42407    3.40281    3.38105    3.35878    3.33601    3.31275    3.28898    3.26473    3.23999    3.21476    3.18905    3.16286    3.13619    3.10906    3.08145    3.05339    3.02486    2.99588    2.96644    2.93656    2.90623    2.87547    2.84426    2.81263    2.78057    2.74809    2.71519    2.68188    2.64816    2.61404    2.57952    2.54460    2.50930    2.47361    2.43755    2.40111    2.36430    2.32714    2.28961    2.25173    2.21351    2.17495    2.13605    2.09682    2.05727    2.01741    1.97723    1.93674    1.89596    1.85488    1.81352    1.77187    1.72995    1.68777    1.64532    1.60261    1.55965    1.51646    1.47302    1.42936    1.38548    1.34137    1.29706    1.25255    1.20784    1.16294    1.11787    1.07261    1.02719    0.98161    0.93587    0.88999    0.84397    0.79781    0.75153    0.70514    0.65863    0.61202    0.56531    0.51851    0.47163    0.42468    0.37766    0.33059    0.28346    0.23628    0.18907    0.14183    0.09456    0.04729    0.00000
   0.00000    0.04905    0.09809    0.14711    0.19611    0.24508    0.29401    0.34290    0.39173    0.44050    0.48920    0.53782    0.58636    0.63481    0.68316    0.73140    0.77952    0.82753    0.87540    0.92314    0.97073    1.01817    1.06545    1.11256    1.15950    1.20625    1.25282    1.29919    1.34536    1.39132    1.43707    1.48258    1.52787    1.57292    1.61773    1.66228    1.70657    1.75060    1.79436    1.83784    1.88103    1.92393    1.96654    2.00884    2.05083    2.09250    2.13385    2.17487    2.21555    2.25590    2.29589    2.33553    2.37482    2.41374    2.45229    2.49046    2.52825    2.56565    2.60267    2.63928    2.67549    2.71129    2.74668    2.78165    2.81620    2.85032    2.88401    2.91726    2.95006    2.98242    3.01433    3.04578    3.07677    3.10730    3.13735    3.16694    3.19605    3.22467    3.25281    3.28047    3.30763    3.33429    3.36045    3.38611    3.41126    3.43591    3.46004    3.48365    3.50674    3.52931    3.55135    3.57287    3.59385    3.61430    3.63421    3.65358    3.67241    3.69069    3.70843    3.72561    3.74225    3.75833    3.77385    3.78882    3.80323    3.81707    3.83035    3.84307    3.85522    3.86680    3.87781    3.88825    3.89812    3.90741    3.91613    3.92427    3.93184    3.93882    3.94523    3.95106    3.95630    3.96097    3.96505    3.96855    3.97147    3.97381    3.97556    3.97673    3.97731    3.97731    3.97673    3.97556    3.97381    3.97147    3.96855    3.96505    3.96097    3.95630    3.95106    3.94523    3.93882    3.93184    3.92427    3.91613    3.90741    3.89812    3.88825    3.87781    3.86680    3.85522    3.84307    3.83035    3.81707    3.80323    3.78882    3.77385    3.75833    3.74225    3.72561    3.70843    3.69069    3.67241    3.65358    3.63421    3.61430    3.59385    3.57287    3.55135    3.52931    3.50674    3.48365    3.46004    3.43591    3.41126    3.38611    3.36045    3.33429    3.30763    3.28047    3.25281    3.22467    3.19605    3.16694    3.13735    3.10730    3.07677    3.04578    3.01433    2.98242    2.95006    2.91726    2.88401    2.85032    2.81620    2.78165    2.74668    2.71129    2.67549    2.63928    2.60267    2.56565    2.52825    2.49046    2.45229    2.41374    2.37482    2.33553    2.29589    2.25590    2.21555    2.17487    2.13385    2.09250    2.05083    2.00884    1.96654    1.92393    1.88103    1.83784    1.79436    1.75060    1.70657    1.66228    1.61773    1.57292    1.52787    1.48258    1.43707    1.39132    1.34536    1.29919    1.25282    1.20625    1.15950    1.11256    1.06545    1.01817    0.97073    0.92314    0.87540    0.82753    0.77952    0.73140    0.68316    0.63481    0.58636    0.53782    0.48920    0.44050    0.39173    0.34290    0.29401    0.24508    0.19611    0.14711    0.09809    0.04905    0.00000
   0.00000    0.05082    0.10162    0.15242    0.20319    0.25392    0.30462    0.35527    0.40586    0.45639    0.50685    0.55722    0.60751    0.65771    0.70780    0.75778    0.80764    0.85737    0.90697    0.95643    1.00573    1.05488    1.10387    1.15268    1.20131    1.24975    1.29800    1.34604    1.39387    1.44149    1.48888    1.53604    1.58296    1.62963    1.67605    1.72221    1.76810    1.81371    1.85904    1.90409    1.94884    1.99328    2.03742    2.08124    2.12474    2.16792    2.21075    2.25325    2.29540    2.33719    2.37863    2.41969    2.46039    2.50071    2.54064    2.58019    2.61934    2.65809    2.69643    2.73436    2.77187    2.80896    2.84562    2.88185    2.91764    2.95298    2.98788    3.02232    3.05631    3.08983    3.12288    3.15546    3.18756    3.21919    3.25032    3.28097    3.31112    3.34077    3.36992    3.39857    3.42670    3.45432    3.48142    3.50800    3.53406    3.55958    3.58458    3.60903    3.63295    3.65633    3.67917    3.70145    3.72318    3.74437    3.76499    3.78505    3.80456    3.82349    3.84187    3.85967    3.87690    3.89356    3.90964    3.92514    3.94006    3.95440    3.96816    3.98133    3.99391    4.00591    4.01732    4.02813    4.03835    4.04797    4.05700    4.06544    4.07327    4.08051    4.08715    4.09318    4.09862    4.10345    4.10768    4.11130    4.11433    4.11674    4.11856    4.11977    4.12037    4.12037    4.11977    4.11856    4.11674    4.11433    4.11130    4.10768    4.10345    4.09862    4.09318    4.08715    4.08051    4.07327    4.06544    4.05700    4.04797    4.03835    4.02813    4.01732    4.00591    3.99391    3.98133    3.96816    3.95440    3.94006    3.92514    3.90964    3.89356    3.87690    3.85967    3.84187    3.82349    3.80456    3.78505    3.76499    3.74437    3.72318    3.70145    3.67917    3.65633    3.63295    3.60903    3.58458    3.55958    3.53406    3.50800    3.48142    3.45432    3.42670    3.39857    3.36992    3.34077    3.31112    3.28097    3.25032    3.21919    3.18756    3.15546    3.12288    3.08983    3.05631    3.02232    2.98788    2.95298    2.91764    2.88185    2.84562    2.80896    2.77187    2.73436    2.69643    2.65809    2.61934    2.58019    2.54064    2.50071    2.46039    2.41969    2.37863    2.33719    2.29540    2.25325    2.21075    2.16792    2.12474    2.08124    2.03742    1.99328    1.94884    1.90409    1.85904    1.81371    1.76810    1.72221    1.67605    1.62963    1.58296    1.53604    1.48888    1.44149    1.39387    1.34604    1.29800    1.24975    1.20131    1.15268    1.10387    1.05488    1.00573    0.95643    0.90697    0.85737    0.80764    0.75778    0.70780    0.65771    0.60751    0.55722    0.50685    0.45639    0.40586    0.35527    0.30462    0.25392    0.20319    0.15242    0.10162    0.05082    0.00000
   0.00000    0.05259    0.10518    0.15775    0.21029    0.26280    0.31527    0.36769    0.42005    0.47235    0.52457    0.57671    0.62876    0.68071    0.73255    0.78427    0.83588    0.88735    0.93868    0.98987    1.04090    1.09177    1.14246    1.19298    1.24331    1.29344    1.34338    1.39310    1.44260    1.49188    1.54093    1.58973    1.63829    1.68659    1.73463    1.78240    1.82989    1.87710    1.92402    1.97063    2.01694    2.06294    2.10862    2.15397    2.19899    2.24367    2.28800    2.33198    2.37560    2.41885    2.46173    2.50423    2.54634    2.58807    2.62939    2.67032    2.71083    2.75093    2.79061    2.82986    2.86868    2.90706    2.94500    2.98249    3.01952    3.05610    3.09221    3.12785    3.16301    3.19770    3.23191    3.26562    3.29884    3.33156    3.36378    3.39549    3.42669    3.45738    3.48754    3.51718    3.54629    3.57487    3.60291    3.63042    3.65738    3.68379    3.70965    3.73496    3.75971    3.78390    3.80753    3.83059    3.85308    3.87499    3.89633    3.91709    3.93727    3.95687    3.97588    3.99430    4.01212    4.02936    4.04600    4.06204    4.07748    4.09232    4.10655    4.12018    4.13320    4.14561    4.15741    4.16860    4.17917    4.18913    4.19848    4.20720    4.21531    4.22280    4.22966    4.23591    4.24153    4.24653    4.25091    4.25466    4.25779    4.26029    4.26217    4.26342    4.26404    4.26404    4.26342    4.26217    4.26029    4.25779    4.25466    4.25091    4.24653    4.24153    4.23591    4.22966    4.22280    4.21531    4.20720    4.19848    4.18913    4.17917    4.16860    4.15741    4.14561    4.13320    4.12018    4.10655    4.09232    4.07748    4.06204    4.04600    4.02936    4.01212    3.99430    3.97588    3.95687    3.93727    3.91709    3.89633    3.87499    3.85308    3.83059    3.80753    3.78390    3.75971    3.73496    3.70965    3.68379    3.65738    3.63042    3.60291    3.57487    3.54629    3.51718    3.48754    3.45738    3.42669    3.39549    3.36378    3.33156    3.29884    3.26562    3.23191    3.19770    3.16301    3.12785    3.09221    3.05610    3.01952    2.98249    2.94500    2.90706    2.86868    2.82986    2.79061    2.75093    2.71083    2.67032    2.62939    2.58807    2.54634    2.50423    2.46173    2.41885    2.37560    2.33198    2.28800    2.24367    2.19899    2.15397    2.10862    2.06294    2.01694    1.97063    1.92402    1.87710    1.82989    1.78240    1.73463    1.68659    1.63829    1.58973    1.54093    1.49188    1.44260    1.39310    1.34338    1.29344    1.24331    1.19298    1.14246    1.09177    1.04090    0.98987    0.93868    0.88735    0.83588    0.78427    0.73255    0.68071    0.62876    0.57671    0.52457    0.47235    0.42005    0.36769    0.31527    0.26280    0.21029    0.15775    0.10518    0.05259    0.00000
   0.00000    0.05438    0.10875    0.16310    0.21743    0.27172    0.32597    0.38017    0.43431    0.48838    0.54238    0.59628    0.65010    0.70381    0.75741    0.81090    0.86425    0.91747    0.97054    1.02347    1.07623    1.12882    1.18124    1.23347    1.28550    1.33734    1.38897    1.44038    1.49156    1.54251    1.59322    1.64368    1.69388    1.74382    1.79349    1.84288    1.89198    1.94079    1.98929    2.03749    2.08537    2.13292    2.18015    2.22703    2.27358    2.31977    2.36560    2.41107    2.45616    2.50088    2.54521    2.58915    2.63269    2.67582    2.71855    2.76086    2.80274    2.84419    2.88521    2.92579    2.96592    3.00560    3.04482    3.08358    3.12186    3.15967    3.19700    3.23385    3.27020    3.30606    3.34142    3.37627    3.41061    3.44444    3.47775    3.51053    3.54278    3.57450    3.60568    3.63632    3.66642    3.69596    3.72495    3.75338    3.78125    3.80855    3.83529    3.86145    3.88703    3.91204    3.93646    3.96029    3.98354    4.00619    4.02825    4.04971    4.07057    4.09083    4.11048    4.12952    4.14794    4.16576    4.18296    4.19954    4.21550    4.23084    4.24555    4.25964    4.27309    4.28592    4.29812    4.30969    4.32062    4.33091    4.34057    4.34959    4.35797    4.36571    4.37280    4.37926    4.38507    4.39024    4.39476    4.39864    4.40187    4.40446    4.40640    4.40769    4.40834    4.40834    4.40769    4.40640    4.40446    4.40187    4.39864    4.39476    4.39024    4.38507    4.37926    4.37280    4.36571    4.35797    4.34959    4.34057    4.33091    4.32062    4.30969    4.29812    4.28592    4.27309    4.25964    4.24555    4.23084    4.21550    4.19954    4.18296    4.16576    4.14794    4.12952    4.11048    4.09083    4.07057    4.04971    4.02825    4.00619    3.98354    3.96029    3.93646    3.91204    3.88703    3.86145    3.83529    3.80855    3.78125    3.75338    3.72495    3.69596    3.66642    3.63632    3.60568    3.57450    3.54278    3.51053    3.47775    3.44444    3.41061    3.37627    3.34142    3.30606    3.27020    3.23385    3.19700    3.15967    3.12186    3.08358    3.04482    3.00560    2.96592    2.92579    2.88521    2.84419    2.80274    2.76086    2.71855    2.67582    2.63269    2.58915    2.54521    2.50088    2.45616    2.41107    2.36560    2.31977    2.27358    2.22703    2.18015    2.13292    2.08537    2.03749    1.98929    1.94079    1.89198    1.84288    1.79349    1.74382    1.69388    1.64368    1.59322    1.54251    1.49156    1.44038    1.38897    1.33734    1.28550    1.23347    1.18124    1.12882    1.07623    1.02347    0.97054    0.91747    0.86425    0.81090    0.75741    0.70381    0.65010    0.59628    0.54238    0.48838    0.43431    0.38017    0.32597    0.27172    0.21743    0.16310    0.10875    0.05438    0.00000
   0.00000    0.05617    0.11234    0.16848    0.22460    0.28069    0.33673    0.39271    0.44864    0.50449    0.56027    0.61596    0.67155    0.72703    0.78240    0.83764    0.89276    0.94773    1.00256    1.05723    1.11173    1.16605    1.22020    1.27415    1.32790    1.38145    1.43477    1.48788    1.54075    1.59338    1.64576    1.69788    1.74974    1.80132    1.85262    1.90364    1.95436    2.00477    2.05487    2.10466    2.15411    2.20323    2.25201    2.30044    2.34852    2.39623    2.44357    2.49053    2.53711    2.58329    2.62908    2.67447    2.71944    2.76399    2.80812    2.85182    2.89508    2.93789    2.98026    3.02217    3.06362    3.10460    3.14511    3.18514    3.22468    3.26373    3.30229    3.34034    3.37789    3.41493    3.45144    3.48744    3.52291    3.55784    3.59224    3.62610    3.65941    3.69217    3.72437    3.75601    3.78709    3.81760    3.84754    3.87690    3.90569    3.93388    3.96149    3.98851    4.01493    4.04075    4.06598    4.09059    4.11460    4.13799    4.16077    4.18294    4.20448    4.22540    4.24569    4.26535    4.28438    4.30278    4.32054    4.33766    4.35414    4.36998    4.38518    4.39972    4.41362    4.42687    4.43947    4.45141    4.46270    4.47333    4.48330    4.49261    4.50127    4.50926    4.51659    4.52325    4.52925    4.53459    4.53926    4.54327    4.54661    4.54928    4.55128    4.55262    4.55328    4.55328    4.55262    4.55128    4.54928    4.54661    4.54327    4.53926    4.53459    4.52925    4.52325    4.51659    4.50926    4.50127    4.49261    4.48330    4.47333    4.46270    4.45141    4.43947    4.42687    4.41362    4.39972    4.38518    4.36998    4.35414    4.33766    4.32054    4.30278    4.28438    4.26535    4.24569    4.22540    4.20448    4.18294    4.16077    4.13799    4.11460    4.09059    4.06598    4.04075    4.01493    3.98851    3.96149    3.93388    3.90569    3.87690    3.84754    3.81760    3.78709    3.75601    3.72437    3.69217    3.65941    3.62610    3.59224    3.55784    3.52291    3.48744    3.45144    3.41493    3.37789    3.34034    3.30229    3.26373    3.22468    3.18514    3.14511    3.10460    3.06362    3.02217    2.98026    2.93789    2.89508    2.85182    2.80812    2.76399    2.71944    2.67447    2.62908    2.58329    2.53711    2.49053    2.44357    2.39623    2.34852    2.30044    2.25201    2.20323    2.15411    2.10466    2.05487    2.00477    1.95436    1.90364    1.85262    1.80132    1.74974    1.69788    1.64576    1.59338    1.54075    1.48788    1.43477    1.38145    1.32790    1.27415    1.22020    1.16605    1.11173    1.05723    1.00256    0.94773    0.89276    0.83764    0.78240    0.72703    0.67155    0.61596    0.56027    0.50449    0.44864    0.39271    0.33673    0.28069    0.22460    0.16848    0.11234    0.05617    0.00000
   0.00000    0.05798    0.11594    0.17389    0.23181    0.28970    0.34753    0.40532    0.46304    0.52069    0.57825    0.63572    0.69310    0.75036    0.80751    0.86453    0.92141    0.97815    1.03473    1.09115    1.14740    1.20347    1.25935    1.31503    1.37051    1.42577    1.48081    1.53561    1.59018    1.64449    1.69855    1.75235    1.80586    1.85910    1.91205    1.96470    2.01704    2.06907    2.12078    2.17215    2.22319    2.27389    2.32423    2.37421    2.42382    2.47306    2.52191    2.57038    2.61845    2.66611    2.71336    2.76020    2.80661    2.85258    2.89812    2.94322    2.98786    3.03205    3.07577    3.11902    3.16179    3.20408    3.24588    3.28719    3.32799    3.36829    3.40808    3.44735    3.48609    3.52431    3.56199    3.59913    3.63573    3.67178    3.70728    3.74221    3.77658    3.81039    3.84362    3.87627    3.90834    3.93982    3.97071    4.00101    4.03071    4.05980    4.08829    4.11617    4.14343    4.17008    4.19610    4.22150    4.24627    4.27041    4.29391    4.31678    4.33901    4.36059    4.38153    4.40182    4.42145    4.44043    4.45876    4.47643    4.49343    4.50977    4.52545    4.54046    4.55480    4.56847    4.58147    4.59379    4.60543    4.61640    4.62669    4.63630    4.64523    4.65347    4.66104    4.66791    4.67411    4.67961    4.68443    4.68856    4.69201    4.69476    4.69683    4.69821    4.69890    4.69890    4.69821    4.69683    4.69476    4.69201    4.68856    4.68443    4.67961    4.67411    4.66791    4.66104    4.65347    4.64523    4.63630    4.62669    4.61640    4.60543    4.59379    4.58147    4.56847    4.55480    4.54046    4.52545    4.50977    4.49343    4.47643    4.45876    4.44043    4.42145    4.40182    4.38153    4.36059    4.33901    4.31678    4.29391    4.27041    4.24627    4.22150    4.19610    4.17008    4.14343    4.11617    4.08829    4.05980    4.03071    4.00101    3.97071    3.93982    3.90834    3.87627    3.84362    3.81039    3.77658    3.74221    3.70728    3.67178    3.63573    3.59913    3.56199    3.52431    3.48609    3.44735    3.40808    3.36829    3.32799    3.28719    3.24588    3.20408    3.16179    3.11902    3.07577    3.03205    2.98786    2.94322    2.89812    2.85258    2.80661    2.76020    2.71336    2.66611    2.61845    2.57038    2.52191    2.47306    2.42382    2.37421    2.32423    2.27389    2.22319    2.17215    2.12078    2.06907    2.01704    1.96470    1.91205    1.85910    1.80586    1.75235    1.69855    1.64449    1.59018    1.53561    1.48081    1.42577    1.37051    1.31503    1.25935    1.20347    1.14740    1.09115    1.03473    0.97815    0.92141    0.86453    0.80751    0.75036    0.69310    0.63572    0.57825    0.52069    0.46304    0.40532    0.34753    0.28970    0.23181    0.17389    0.11594    0.05798    0.00000
   0.00000    0.05979    0.11957    0.17933    0.23906    0.29875    0.35840    0.41799    0.47751    0.53696    0.59632    0.65559    0.71476    0.77381    0.83274    0.89154    0.95020    1.00871    1.06706    1.12525    1.18325    1.24107    1.29870    1.35612    1.41333    1.47032    1.52707    1.58359    1.63986    1.69587    1.75161    1.80709    1.86228    1.91717    1.97177    2.02606    2.08004    2.13369    2.18701    2.23999    2.29262    2.34489    2.39680    2.44834    2.49950    2.55027    2.60065    2.65062    2.70019    2.74934    2.79806    2.84635    2.89421    2.94162    2.98857    3.03507    3.08110    3.12666    3.17174    3.21634    3.26044    3.30405    3.34715    3.38974    3.43181    3.47336    3.51438    3.55487    3.59482    3.63422    3.67308    3.71137    3.74911    3.78628    3.82287    3.85889    3.89433    3.92918    3.96344    3.99711    4.03017    4.06263    4.09448    4.12572    4.15633    4.18633    4.21570    4.24444    4.27255    4.30002    4.32685    4.35304    4.37858    4.40346    4.42769    4.45127    4.47418    4.49643    4.51802    4.53893    4.55918    4.57875    4.59764    4.61585    4.63338    4.65023    4.66639    4.68187    4.69665    4.71074    4.72414    4.73684    4.74885    4.76016    4.77076    4.78067    4.78988    4.79838    4.80617    4.81326    4.81964    4.82532    4.83029    4.83455    4.83810    4.84094    4.84307    4.84449    4.84520    4.84520    4.84449    4.84307    4.84094    4.83810    4.83455    4.83029    4.82532    4.81964    4.81326    4.80617    4.79838    4.78988    4.78067    4.77076    4.76016    4.74885    4.73684    4.72414    4.71074    4.69665    4.68187    4.66639    4.65023    4.63338    4.61585    4.59764    4.57875    4.55918    4.53893    4.51802    4.49643    4.47418    4.45127    4.42769    4.40346    4.37858    4.35304    4.32685    4.30002    4.27255    4.24444    4.21570    4.18633    4.15633    4.12572    4.09448    4.06263    4.03017    3.99711    3.96344    3.92918    3.89433    3.85889    3.82287    3.78628    3.74911    3.71137    3.67308    3.63422    3.59482    3.55487    3.51438    3.47336    3.43181    3.38974    3.34715    3.30405    3.26044    3.21634    3.17174    3.12666    3.08110    3.03507    2.98857    2.94162    2.89421    2.84635    2.79806    2.74934    2.70019    2.65062    2.60065    2.55027    2.49950    2.44834    2.39680    2.34489    2.29262    2.23999    2.18701    2.13369    2.08004    2.02606    1.97177    1.91717    1.86228    1.80709    1.75161    1.69587    1.63986    1.58359    1.52707    1.47032    1.41333    1.35612    1.29870    1.24107    1.18325    1.12525    1.06706    1.00871    0.95020    0.89154    0.83274    0.77381    0.71476    0.65559    0.59632    0.53696    0.47751    0.41799    0.35840    0.29875    0.23906    0.17933    0.11957    0.05979    0.00000
   0.00000    0.06161    0.12321    0.18479    0.24634    0.30785    0.36932    0.43072    0.49206    0.55332    0.61449    0.67556    0.73653    0.79738    0.85811    0.91870    0.97915    1.03944    1.09957    1.15952    1.21929    1.27888    1.33826    1.39742    1.45637    1.51509    1.57358    1.63181    1.68979    1.74751    1.80495    1.86211    1.91898    1.97555    2.03181    2.08775    2.14336    2.19865    2.25359    2.30817    2.36240    2.41627    2.46975    2.52286    2.57557    2.62788    2.67979    2.73128    2.78235    2.83299    2.88319    2.93295    2.98226    3.03110    3.07948    3.12739    3.17482    3.22176    3.26821    3.31415    3.35959    3.40452    3.44892    3.49280    3.53615    3.57896    3.62122    3.66294    3.70410    3.74469    3.78472    3.82418    3.86305    3.90134    3.93905    3.97616    4.01267    4.04857    4.08387    4.11855    4.15261    4.18605    4.21886    4.25104    4.28259    4.31349    4.34375    4.37335    4.40231    4.43061    4.45825    4.48522    4.51153    4.53717    4.56213    4.58642    4.61002    4.63295    4.65518    4.67673    4.69758    4.71774    4.73720    4.75596    4.77402    4.79138    4.80803    4.82397    4.83920    4.85371    4.86751    4.88060    4.89297    4.90461    4.91554    4.92575    4.93523    4.94398    4.95201    4.95932    4.96589    4.97174    4.97686    4.98125    4.98490    4.98783    4.99002    4.99149    4.99222    4.99222    4.99149    4.99002    4.98783    4.98490    4.98125    4.97686    4.97174    4.96589    4.95932    4.95201    4.94398    4.93523    4.92575    4.91554    4.90461    4.89297    4.88060    4.86751    4.85371    4.83920    4.82397    4.80803    4.79138    4.77402    4.75596    4.73720    4.71774    4.69758    4.67673    4.65518    4.63295    4.61002    4.58642    4.56213    4.53717    4.51153    4.48522    4.45825    4.43061    4.40231    4.37335    4.34375    4.31349    4.28259    4.25104    4.21886    4.18605    4.15261    4.11855    4.08387    4.04857    4.01267    3.97616    3.93905    3.90134    3.86305    3.82418    3.78472    3.74469    3.70410    3.66294    3.62122    3.57896    3.53615    3.49280    3.44892    3.40452    3.35959    3.31415    3.26821    3.22176    3.17482    3.12739    3.07948    3.03110    2.98226    2.93295    2.88319    2.83299    2.78235    2.73128    2.67979    2.62788    2.57557    2.52286    2.46975    2.41627    2.36240    2.30817    2.25359    2.19865    2.14336    2.08775    2.03181    1.97555    1.91898    1.86211    1.80495    1.74751    1.68979    1.63181    1.57358    1.51509    1.45637    1.39742    1.33826    1.27888    1.21929    1.15952    1.09957    1.03944    0.97915    0.91870    0.85811    0.79738    0.73653    0.67556    0.61449    0.55332    0.49206    0.43072    0.36932    0.30785    0.24634    0.18479    0.12321    0.06161    0.00000
   0.00000    0.06344    0.12687    0.19028    0.25366    0.31700    0.38029    0.44352    0.50668    0.56976    0.63275    0.69564    0.75842    0.82108    0.88361    0.94600    1.00825    1.07033    1.13224    1.19398    1.25553    1.31688    1.37802    1.43895    1.49965    1.56011    1.62033    1.68030    1.74000    1.79942    1.85857    1.91743    1.97598    2.03423    2.09216    2.14976    2.20702    2.26394    2.32051    2.37672    2.43256    2.48801    2.54309    2.59776    2.65204    2.70590    2.75934    2.81236    2.86494    2.91708    2.96877    3.02000    3.07076    3.12106    3.17087    3.22019    3.26902    3.31735    3.36517    3.41248    3.45926    3.50551    3.55123    3.59640    3.64103    3.68511    3.72862    3.77156    3.81394    3.85573    3.89694    3.93756    3.97758    4.01700    4.05582    4.09402    4.13161    4.16857    4.20491    4.24061    4.27568    4.31010    4.34388    4.37701    4.40948    4.44129    4.47244    4.50292    4.53273    4.56186    4.59031    4.61808    4.64516    4.67155    4.69725    4.72225    4.74655    4.77015    4.79303    4.81521    4.83668    4.85743    4.87747    4.89678    4.91537    4.93323    4.95037    4.96678    4.98246    4.99740    5.01160    5.02507    5.03780    5.04979    5.06104    5.07155    5.08131    5.09032    5.09858    5.10610    5.11287    5.11889    5.12416    5.12867    5.13244    5.13545    5.13771    5.13922    5.13997    5.13997    5.13922    5.13771    5.13545    5.13244    5.12867    5.12416    5.11889    5.11287    5.10610    5.09858    5.09032    5.08131    5.07155    5.06104    5.04979    5.03780    5.02507    5.01160    4.99740    4.98246    4.96678    4.95037    4.93323    4.91537    4.89678    4.87747    4.85743    4.83668    4.81521    4.79303    4.77015    4.74655    4.72225    4.69725    4.67155    4.64516    4.61808    4.59031    4.56186    4.53273    4.50292    4.47244    4.44129    4.40948    4.37701    4.34388    4.31010    4.27568    4.24061    4.20491    4.16857    4.13161    4.09402    4.05582    4.01700    3.97758    3.93756    3.89694    3.85573    3.81394    3.77156    3.72862    3.68511    3.64103    3.59640    3.55123    3.50551    3.45926    3.41248    3.36517    3.31735    3.26902    3.22019    3.17087    3.12106    3.07076    3.02000    2.96877    2.91708    2.86494    2.81236    2.75934    2.70590    2.65204    2.59776    2.54309    2.48801    2.43256    2.37672    2.32051    2.26394    2.20702    2.14976    2.09216    2.03423    1.97598    1.91743    1.85857    1.79942    1.74000    1.68030    1.62033    1.56011    1.49965    1.43895    1.37802    1.31688    1.25553    1.19398    1.13224    1.07033    1.00825    0.94600    0.88361    0.82108    0.75842    0.69564    0.63275    0.56976    0.50668    0.44352    0.38029    0.31700    0.25366    0.19028    0.12687    0.06344    0.00000
   0.00000    0.06528    0.13055    0.19580    0.26102    0.32620    0.39133    0.45640    0.52139    0.58630    0.65112    0.71583    0.78043    0.84491    0.90926    0.97346    1.03751    1.10139    1.16510    1.22863    1.29196    1.35509    1.41800    1.48070    1.54316    1.60537    1.66734    1.72904    1.79047    1.85162    1.91248    1.97304    2.03329    2.09323    2.15283    2.21210    2.27103    2.32959    2.38780    2.44563    2.50309    2.56015    2.61682    2.67307    2.72892    2.78434    2.83933    2.89388    2.94798    3.00162    3.05480    3.10752    3.15975    3.21149    3.26274    3.31349    3.36373    3.41345    3.46265    3.51132    3.55945    3.60704    3.65408    3.70056    3.74647    3.79181    3.83658    3.88076    3.92436    3.96735    4.00975    4.05154    4.09271    4.13327    4.17320    4.21250    4.25117    4.28920    4.32658    4.36331    4.39938    4.43480    4.46955    4.50363    4.53703    4.56976    4.60180    4.63316    4.66382    4.69379    4.72306    4.75162    4.77948    4.80663    4.83307    4.85878    4.88378    4.90805    4.93160    4.95441    4.97650    4.99784    5.01845    5.03832    5.05744    5.07582    5.09345    5.11032    5.12645    5.14182    5.15643    5.17029    5.18338    5.19572    5.20729    5.21809    5.22813    5.23740    5.24591    5.25364    5.26060    5.26679    5.27221    5.27686    5.28073    5.28383    5.28615    5.28770    5.28848    5.28848    5.28770    5.28615    5.28383    5.28073    5.27686    5.27221    5.26679    5.26060    5.25364    5.24591    5.23740    5.22813    5.21809    5.20729    5.19572    5.18338    5.17029    5.15643    5.14182    5.12645    5.11032    5.09345    5.07582    5.05744    5.03832    5.01845    4.99784    4.97650    4.95441    4.93160    4.90805    4.88378    4.85878    4.83307    4.80663    4.77948    4.75162    4.72306    4.69379    4.66382    4.63316    4.60180    4.56976    4.53703    4.50363    4.46955    4.43480    4.39938    4.36331    4.32658    4.28920    4.25117    4.21250    4.17320    4.13327    4.09271    4.05154    4.00975    3.96735    3.92436    3.88076    3.83658    3.79181    3.74647    3.70056    3.65408    3.60704    3.55945    3.51132    3.46265    3.41345    3.36373    3.31349    3.26274    3.21149    3.15975    3.10752    3.05480    3.00162    2.94798    2.89388    2.83933    2.78434    2.72892    2.67307    2.61682    2.56015    2.50309    2.44563    2.38780    2.32959    2.27103    2.21210    2.15283    2.09323    2.03329    1.97304    1.91248    1.85162    1.79047    1.72904    1.66734    1.60537    1.54316    1.48070    1.41800    1.35509    1.29196    1.22863    1.16510    1.10139    1.03751    0.97346    0.90926    0.84491    0.78043    0.71583    0.65112    0.58630    0.52139    0.45640    0.39133    0.32620    0.26102    0.19580    0.13055    0.06528    0.00000
   0.00000    0.06713    0.13426    0.20136    0.26843    0.33546    0.40243    0.46934    0.53618    0.60293    0.66958    0.73613    0.80257    0.86887    0.93504    1.00106    1.06693    1.13262    1.19814    1.26347    1.32859    1.39351    1.45821    1.52268    1.58691    1.65089    1.71461    1.77806    1.84123    1.90411    1.96669    2.02897    2.09093    2.15256    2.21385    2.27479    2.33538    2.39561    2.45546    2.51493    2.57401    2.63269    2.69095    2.74880    2.80622    2.86321    2.91975    2.97584    3.03147    3.08663    3.14131    3.19551    3.24922    3.30242    3.35512    3.40730    3.45895    3.51008    3.56066    3.61071    3.66019    3.70912    3.75748    3.80527    3.85248    3.89910    3.94513    3.99055    4.03537    4.07958    4.12317    4.16613    4.20847    4.25016    4.29122    4.33162    4.37138    4.41047    4.44890    4.48667    4.52375    4.56016    4.59589    4.63092    4.66527    4.69891    4.73185    4.76409    4.79561    4.82642    4.85651    4.88588    4.91452    4.94243    4.96960    4.99604    5.02174    5.04669    5.07090    5.09435    5.11705    5.13899    5.16018    5.18060    5.20026    5.21915    5.23727    5.25462    5.27120    5.28700    5.30202    5.31627    5.32973    5.34241    5.35430    5.36541    5.37573    5.38526    5.39400    5.40195    5.40910    5.41547    5.42104    5.42581    5.42980    5.43298    5.43537    5.43696    5.43776    5.43776    5.43696    5.43537    5.43298    5.42980    5.42581    5.42104    5.41547    5.40910    5.40195    5.39400    5.38526    5.37573    5.36541    5.35430    5.34241    5.32973    5.31627    5.30202    5.28700    5.27120    5.25462    5.23727    5.21915    5.20026    5.18060    5.16018    5.13899    5.11705    5.09435    5.07090    5.04669    5.02174    4.99604    4.96960    4.94243    4.91452    4.88588    4.85651    4.82642    4.79561    4.76409    4.73185    4.69891    4.66527    4.63092    4.59589    4.56016    4.52375    4.48667    4.44890    4.41047    4.37138    4.33162    4.29122    4.25016    4.20847    4.16613    4.12317    4.07958    4.03537    3.99055    3.94513    3.89910    3.85248    3.80527    3.75748    3.70912    3.66019    3.61071    3.56066    3.51008    3.45895    3.40730    3.35512    3.30242    3.24922    3.19551    3.14131    3.08663    3.03147    2.97584    2.91975    2.86321    2.80622    2.74880    2.69095    2.63269    2.57401    2.51493    2.45546    2.39561    2.33538    2.27479    2.21385    2.15256    2.09093    2.02897    1.96669    1.90411    1.84123    1.77806    1.71461    1.65089    1.58691    1.52268    1.45821    1.39351    1.32859    1.26347    1.19814    1.13262    1.06693    1.00106    0.93504    0.86887    0.80257    0.73613    0.66958    0.60293    0.53618    0.46934    0.40243    0.33546    0.26843    0.20136    0.13426    0.06713    0.00000
   0.00000    0.06900    0.13798    0.20694    0.27587    0.34476    0.41359    0.48236    0.55105    0.61965    0.68816    0.75655    0.82483    0.89297    0.96098    1.02883    1.09652    1.16404    1.23137    1.29851    1.36544    1.43216    1.49865    1.56490    1.63091    1.69666    1.76215    1.82736    1.89228    1.95690    2.02122    2.08521    2.14889    2.21222    2.27521    2.33784    2.40011    2.46200    2.52351    2.58462    2.64533    2.70563    2.76551    2.82495    2.88396    2.94252    3.00063    3.05827    3.11543    3.17211    3.22831    3.28400    3.33919    3.39386    3.44801    3.50163    3.55471    3.60724    3.65922    3.71064    3.76150    3.81177    3.86147    3.91057    3.95908    4.00698    4.05427    4.10095    4.14700    4.19243    4.23721    4.28136    4.32486    4.36770    4.40988    4.45140    4.49224    4.53241    4.57190    4.61070    4.64880    4.68621    4.72292    4.75891    4.79420    4.82877    4.86261    4.89573    4.92812    4.95977    4.99069    5.02086    5.05028    5.07896    5.10688    5.13404    5.16044    5.18608    5.21094    5.23504    5.25836    5.28091    5.30267    5.32365    5.34385    5.36326    5.38187    5.39970    5.41673    5.43296    5.44840    5.46303    5.47686    5.48988    5.50210    5.51351    5.52411    5.53390    5.54288    5.55105    5.55840    5.56494    5.57066    5.57557    5.57966    5.58293    5.58539    5.58702    5.58784    5.58784    5.58702    5.58539    5.58293    5.57966    5.57557    5.57066    5.56494    5.55840    5.55105    5.54288    5.53390    5.52411    5.51351    5.50210    5.48988    5.47686    5.46303    5.44840    5.43296    5.41673    5.39970    5.38187    5.36326    5.34385    5.32365    5.30267    5.28091    5.25836    5.23504    5.21094    5.18608    5.16044    5.13404    5.10688    5.07896    5.05028    5.02086    4.99069    4.95977    4.92812    4.89573    4.86261    4.82877    4.79420    4.75891    4.72292    4.68621    4.64880    4.61070    4.57190    4.53241    4.49224    4.45140    4.40988    4.36770    4.32486    4.28136    4.23721    4.19243    4.14700    4.10095    4.05427    4.00698    3.95908    3.91057    3.86147    3.81177    3.76150    3.71064    3.65922    3.60724    3.55471    3.50163    3.44801    3.39386    3.33919    3.28400    3.22831    3.17211    3.11543    3.05827    3.00063    2.94252    2.88396    2.82495    2.76551    2.70563    2.64533    2.58462    2.52351    2.46200    2.40011    2.33784    2.27521    2.21222    2.14889    2.08521    2.02122    1.95690    1.89228    1.82736    1.76215    1.69666    1.63091    1.56490    1.49865    1.43216    1.36544    1.29851    1.23137    1.16404    1.09652    1.02883    0.96098    0.89297    0.82483    0.75655    0.68816    0.61965    0.55105    0.48236    0.41359    0.34476    0.27587    0.20694    0.13798    0.06900    0.00000
   0.00000    0.07087    0.14173    0.21256    0.28336    0.35412    0.42482    0.49546    0.56601    0.63647    0.70684    0.77709    0.84722    0.91721    0.98706    1.05676    1.12628    1.19563    1.26479    1.33375    1.40250    1.47103    1.53932    1.60737    1.67517    1.74271    1.80997    1.87694    1.94362    2.01000    2.07605    2.14179    2.20718    2.27223    2.33693    2.40126    2.46521    2.52878    2.59195    2.65471    2.71707    2.77900    2.84049    2.90155    2.96215    3.02230    3.08197    3.14117    3.19988    3.25809    3.31580    3.37300    3.42968    3.48582    3.54143    3.59650    3.65101    3.70496    3.75835    3.81115    3.86338    3.91501    3.96604    4.01647    4.06628    4.11547    4.16404    4.21197    4.25926    4.30591    4.35190    4.39723    4.44190    4.48590    4.52921    4.57185    4.61379    4.65504    4.69558    4.73543    4.77455    4.81297    4.85066    4.88762    4.92385    4.95935    4.99410    5.02811    5.06136    5.09387    5.12561    5.15659    5.18680    5.21625    5.24491    5.27280    5.29991    5.32623    5.35177    5.37651    5.40045    5.42360    5.44595    5.46749    5.48823    5.50815    5.52727    5.54557    5.56306    5.57972    5.59557    5.61059    5.62479    5.63817    5.65071    5.66243    5.67331    5.68336    5.69258    5.70097    5.70852    5.71523    5.72111    5.72614    5.73034    5.73370    5.73622    5.73790    5.73874    5.73874    5.73790    5.73622    5.73370    5.73034    5.72614    5.72111    5.71523    5.70852    5.70097    5.69258    5.68336    5.67331    5.66243    5.65071    5.63817    5.62479    5.61059    5.59557    5.57972    5.56306    5.54557    5.52727    5.50815    5.48823    5.46749    5.44595    5.42360    5.40045    5.37651    5.35177    5.32623    5.29991    5.27280    5.24491    5.21625    5.18680    5.15659    5.12561    5.09387    5.06136    5.02811    4.99410    4.95935    4.92385    4.88762    4.85066    4.81297    4.77455    4.73543    4.69558    4.65504    4.61379    4.57185    4.52921    4.48590    4.44190    4.39723    4.35190    4.30591    4.25926    4.21197    4.16404    4.11547    4.06628    4.01647    3.96604    3.91501    3.86338    3.81115    3.75835    3.70496    3.65101    3.59650    3.54143    3.48582    3.42968    3.37300    3.31580    3.25809    3.19988    3.14117    3.08197    3.02230    2.96215    2.90155    2.84049    2.77900    2.71707    2.65471    2.59195    2.52878    2.46521    2.40126    2.33693    2.27223    2.20718    2.14179    2.07605    2.01000    1.94362    1.87694    1.80997    1.74271    1.67517    1.60737    1.53932    1.47103    1.40250    1.33375    1.26479    1.19563    1.12628    1.05676    0.98706    0.91721    0.84722    0.77709    0.70684    0.63647    0.56601    0.49546    0.42482    0.35412    0.28336    0.21256    0.14173    0.07087    0.00000
   0.00000    0.07275    0.14550    0.21821    0.29090    0.36354    0.43612    0.50863    0.58106    0.65340    0.72563    0.79775    0.86975    0.94160    1.01331    1.08485    1.15623    1.22742    1.29842    1.36921    1.43978    1.51013    1.58024    1.65010    1.71970    1.78902    1.85807    1.92682    1.99527    2.06341    2.13122    2.19870    2.26583    2.33260    2.39901    2.46505    2.53070    2.59595    2.66079    2.72522    2.78923    2.85280    2.91592    2.97860    3.04080    3.10254    3.16379    3.22456    3.28482    3.34457    3.40381    3.46252    3.52069    3.57833    3.63541    3.69193    3.74788    3.80325    3.85805    3.91225    3.96585    4.01884    4.07122    4.12298    4.17410    4.22459    4.27444    4.32364    4.37217    4.42005    4.46725    4.51378    4.55962    4.60477    4.64923    4.69298    4.73603    4.77836    4.81998    4.86087    4.90102    4.94044    4.97912    5.01706    5.05424    5.09067    5.12633    5.16123    5.19536    5.22872    5.26130    5.29309    5.32409    5.35431    5.38373    5.41235    5.44017    5.46718    5.49338    5.51877    5.54334    5.56710    5.59003    5.61214    5.63342    5.65387    5.67348    5.69226    5.71020    5.72731    5.74357    5.75899    5.77356    5.78728    5.80015    5.81217    5.82334    5.83366    5.84312    5.85172    5.85947    5.86636    5.87239    5.87756    5.88187    5.88531    5.88790    5.88962    5.89048    5.89048    5.88962    5.88790    5.88531    5.88187    5.87756    5.87239    5.86636    5.85947    5.85172    5.84312    5.83366    5.82334    5.81217    5.80015    5.78728    5.77356    5.75899    5.74357    5.72731    5.71020    5.69226    5.67348    5.65387    5.63342    5.61214    5.59003    5.56710    5.54334    5.51877    5.49338    5.46718    5.44017    5.41235    5.38373    5.35431    5.32409    5.29309    5.26130    5.22872    5.19536    5.16123    5.12633    5.09067    5.05424    5.01706    4.97912    4.94044    4.90102    4.86087    4.81998    4.77836    4.73603    4.69298    4.64923    4.60477    4.55962    4.51378    4.46725    4.42005    4.37217    4.32364    4.27444    4.22459    4.17410    4.12298    4.07122    4.01884    3.96585    3.91225    3.85805    3.80325    3.74788    3.69193    3.63541    3.57833    3.52069    3.46252    3.40381    3.34457    3.28482    3.22456    3.16379    3.10254    3.04080    2.97860    2.91592    2.85280    2.78923    2.72522    2.66079    2.59595    2.53070    2.46505    2.39901    2.33260    2.26583    2.19870    2.13122    2.06341    1.99527    1.92682    1.85807    1.78902    1.71970    1.65010    1.58024    1.51013    1.43978    1.36921    1.29842    1.22742    1.15623    1.08485    1.01331    0.94160    0.86975    0.79775    0.72563    0.65340    0.58106    0.50863    0.43612    0.36354    0.29090    0.21821    0.14550    0.07275    0.00000
   0.00000    0.07465    0.14929    0.22390    0.29848    0.37301    0.44748    0.52189    0.59620    0.67043    0.74454    0.81854    0.89241    0.96614    1.03971    1.11312    1.18635    1.25940    1.33225    1.40488    1.47729    1.54947    1.62140    1.69308    1.76449    1.83562    1.90647    1.97701    2.04724    2.11715    2.18672    2.25595    2.32483    2.39334    2.46148    2.52922    2.59658    2.66353    2.73006    2.79616    2.86183    2.92705    2.99181    3.05611    3.11993    3.18326    3.24611    3.30844    3.37027    3.43157    3.49234    3.55257    3.61226    3.67138    3.72994    3.78792    3.84532    3.90213    3.95834    4.01394    4.06893    4.12329    4.17702    4.23012    4.28256    4.33436    4.38549    4.43596    4.48575    4.53486    4.58328    4.63101    4.67803    4.72435    4.76995    4.81483    4.85899    4.90241    4.94510    4.98704    5.02823    5.06867    5.10834    5.14725    5.18539    5.22275    5.25934    5.29513    5.33014    5.36435    5.39777    5.43038    5.46218    5.49317    5.52334    5.55270    5.58123    5.60894    5.63581    5.66185    5.68706    5.71142    5.73494    5.75761    5.77944    5.80041    5.82053    5.83979    5.85819    5.87574    5.89241    5.90822    5.92317    5.93724    5.95045    5.96278    5.97423    5.98481    5.99451    6.00334    6.01128    6.01835    6.02453    6.02983    6.03425    6.03779    6.04044    6.04221    6.04309    6.04309    6.04221    6.04044    6.03779    6.03425    6.02983    6.02453    6.01835    6.01128    6.00334    5.99451    5.98481    5.97423    5.96278    5.95045    5.93724    5.92317    5.90822    5.89241    5.87574    5.85819    5.83979    5.82053    5.80041    5.77944    5.75761    5.73494    5.71142    5.68706    5.66185    5.63581    5.60894    5.58123    5.55270    5.52334    5.49317    5.46218    5.43038    5.39777    5.36435    5.33014    5.29513    5.25934    5.22275    5.18539    5.14725    5.10834    5.06867    5.02823    4.98704    4.94510    4.90241    4.85899    4.81483    4.76995    4.72435    4.67803    4.63101    4.58328    4.53486    4.48575    4.43596    4.38549    4.33436    4.28256    4.23012    4.17702    4.12329    4.06893    4.01394    3.95834    3.90213    3.84532    3.78792    3.72994    3.67138    3.61226    3.55257    3.49234    3.43157    3.37027    3.30844    3.24611    3.18326    3.11993    3.05611    2.99181    2.92705    2.86183    2.79616    2.73006    2.66353    2.59658    2.52922    2.46148    2.39334    2.32483    2.25595    2.18672    2.11715    2.04724    1.97701    1.90647    1.83562    1.76449    1.69308    1.62140    1.54947    1.47729    1.40488    1.33225    1.25940    1.18635    1.11312    1.03971    0.96614    0.89241    0.81854    0.74454    0.67043    0.59620    0.52189    0.44748    0.37301    0.29848    0.22390    0.14929    0.07465    0.00000
   0.00000    0.07656    0.15310    0.22962    0.30611    0.38255    0.45892    0.53522    0.61144    0.68756    0.76357    0.83946    0.91522    0.99083    1.06628    1.14157    1.21667    1.29158    1.36629    1.44078    1.51504    1.58906    1.66283    1.73634    1.80957    1.88251    1.95516    2.02751    2.09953    2.17122    2.24257    2.31356    2.38419    2.45445    2.52432    2.59380    2.66287    2.73152    2.79975    2.86753    2.93487    3.00175    3.06816    3.13409    3.19954    3.26449    3.32893    3.39285    3.45624    3.51910    3.58142    3.64318    3.70438    3.76500    3.82505    3.88450    3.94336    4.00161    4.05924    4.11625    4.17263    4.22837    4.28347    4.33790    4.39168    4.44479    4.49721    4.54896    4.60001    4.65036    4.70001    4.74894    4.79715    4.84464    4.89139    4.93741    4.98268    5.02720    5.07096    5.11396    5.15619    5.19765    5.23832    5.27822    5.31732    5.35562    5.39313    5.42982    5.46571    5.50079    5.53504    5.56847    5.60108    5.63285    5.66378    5.69387    5.72312    5.75153    5.77908    5.80577    5.83161    5.85659    5.88070    5.90394    5.92631    5.94781    5.96844    5.98818    6.00705    6.02503    6.04213    6.05833    6.07365    6.08808    6.10161    6.11425    6.12600    6.13684    6.14679    6.15583    6.16398    6.17122    6.17756    6.18299    6.18752    6.19115    6.19387    6.19568    6.19659    6.19659    6.19568    6.19387    6.19115    6.18752    6.18299    6.17756    6.17122    6.16398    6.15583    6.14679    6.13684    6.12600    6.11425    6.10161    6.08808    6.07365    6.05833    6.04213    6.02503    6.00705    5.98818    5.96844    5.94781    5.92631    5.90394    5.88070    5.85659    5.83161    5.80577    5.77908    5.75153    5.72312    5.69387    5.66378    5.63285    5.60108    5.56847    5.53504    5.50079    5.46571    5.42982    5.39313    5.35562    5.31732    5.27822    5.23832    5.19765    5.15619    5.11396    5.07096    5.02720    4.98268    4.93741    4.89139    4.84464    4.79715    4.74894    4.70001    4.65036    4.60001    4.54896    4.49721    4.44479    4.39168    4.33790    4.28347    4.22837    4.17263    4.11625    4.05924    4.00161    3.94336    3.88450    3.82505    3.76500    3.70438    3.64318    3.58142    3.51910    3.45624    3.39285    3.32893    3.26449    3.19954    3.13409    3.06816    3.00175    2.93487    2.86753    2.79975    2.73152    2.66287    2.59380    2.52432    2.45445    2.38419    2.31356    2.24257    2.17122    2.09953    2.02751    1.95516    1.88251    1.80957    1.73634    1.66283    1.58906    1.51504    1.44078    1.36629    1.29158    1.21667    1.14157    1.06628    0.99083    0.91522    0.83946    0.76357    0.68756    0.61144    0.53522    0.45892    0.38255    0.30611    0.22962    0.15310    0.07656    0.00000
   0.00000    0.07848    0.15694    0.23538    0.31379    0.39214    0.47043    0.54865    0.62678    0.70480    0.78272    0.86051    0.93817    1.01568    1.09302    1.17019    1.24718    1.32397    1.40054    1.47690    1.55302    1.62890    1.70452    1.77986    1.85493    1.92970    2.00417    2.07832    2.15215    2.22563    2.29877    2.37154    2.44394    2.51595    2.58757    2.65878    2.72958    2.79994    2.86987    2.93935    3.00837    3.07692    3.14499    3.21257    3.27965    3.34622    3.41226    3.47778    3.54276    3.60718    3.67105    3.73435    3.79707    3.85921    3.92075    3.98168    4.04200    4.10170    4.16077    4.21920    4.27698    4.33410    4.39057    4.44636    4.50147    4.55589    4.60962    4.66265    4.71497    4.76657    4.81744    4.86759    4.91700    4.96566    5.01358    5.06073    5.10712    5.15275    5.19759    5.24166    5.28493    5.32741    5.36909    5.40997    5.45004    5.48929    5.52772    5.56533    5.60210    5.63804    5.67314    5.70740    5.74081    5.77336    5.80506    5.83590    5.86587    5.89497    5.92320    5.95055    5.97703    6.00262    6.02732    6.05114    6.07406    6.09609    6.11723    6.13746    6.15679    6.17521    6.19273    6.20934    6.22503    6.23981    6.25368    6.26663    6.27866    6.28978    6.29997    6.30923    6.31758    6.32500    6.33149    6.33706    6.34170    6.34542    6.34820    6.35006    6.35099    6.35099    6.35006    6.34820    6.34542    6.34170    6.33706    6.33149    6.32500    6.31758    6.30923    6.29997    6.28978    6.27866    6.26663    6.25368    6.23981    6.22503    6.20934    6.19273    6.17521    6.15679    6.13746    6.11723    6.09609    6.07406    6.05114    6.02732    6.00262    5.97703    5.95055    5.92320    5.89497    5.86587    5.83590    5.80506    5.77336    5.74081    5.70740    5.67314    5.63804    5.60210    5.56533    5.52772    5.48929    5.45004    5.40997    5.36909    5.32741    5.28493    5.24166    5.19759    5.15275    5.10712    5.06073    5.01358    4.96566    4.91700    4.86759    4.81744    4.76657    4.71497    4.66265    4.60962    4.55589    4.50147    4.44636    4.39057    4.33410    4.27698    4.21920    4.16077    4.10170    4.04200    3.98168    3.92075    3.85921    3.79707    3.73435    3.67105    3.60718    3.54276    3.47778    3.41226    3.34622    3.27965    3.21257    3.14499    3.07692    3.00837    2.93935    2.86987    2.79994    2.72958    2.65878    2.58757    2.51595    2.44394    2.37154    2.29877    2.22563    2.15215    2.07832    2.00417    1.92970    1.85493    1.77986    1.70452    1.62890    1.55302    1.47690    1.40054    1.32397    1.24718    1.17019    1.09302    1.01568    0.93817    0.86051    0.78272    0.70480    0.62678    0.54865    0.47043    0.39214    0.31379    0.23538    0.15694    0.07848    0.00000
   0.00000    0.08041    0.16081    0.24118    0.32152    0.40180    0.48202    0.56216    0.64221    0.72216    0.80200    0.88170    0.96127    1.04069    1.11993    1.19901    1.27789    1.35656    1.43503    1.51326    1.59125    1.66900    1.74647    1.82367    1.90059    1.97720    2.05350    2.12947    2.20511    2.28040    2.35533    2.42989    2.50406    2.57785    2.65122    2.72418    2.79671    2.86881    2.94045    3.01164    3.08235    3.15258    3.22232    3.29155    3.36027    3.42847    3.49613    3.56325    3.62982    3.69582    3.76125    3.82610    3.89035    3.95401    4.01705    4.07947    4.14127    4.20242    4.26293    4.32279    4.38198    4.44050    4.49834    4.55549    4.61195    4.66770    4.72273    4.77705    4.83064    4.88350    4.93562    4.98698    5.03759    5.08744    5.13652    5.18482    5.23234    5.27907    5.32501    5.37014    5.41446    5.45798    5.50067    5.54254    5.58358    5.62378    5.66315    5.70166    5.73933    5.77614    5.81209    5.84718    5.88139    5.91474    5.94720    5.97878    6.00948    6.03929    6.06820    6.09621    6.12333    6.14954    6.17484    6.19923    6.22271    6.24527    6.26692    6.28764    6.30743    6.32630    6.34424    6.36125    6.37732    6.39246    6.40667    6.41993    6.43225    6.44363    6.45407    6.46356    6.47211    6.47970    6.48636    6.49206    6.49681    6.50061    6.50347    6.50537    6.50632    6.50632    6.50537    6.50347    6.50061    6.49681    6.49206    6.48636    6.47970    6.47211    6.46356    6.45407    6.44363    6.43225    6.41993    6.40667    6.39246    6.37732    6.36125    6.34424    6.32630    6.30743    6.28764    6.26692    6.24527    6.22271    6.19923    6.17484    6.14954    6.12333    6.09621    6.06820    6.03929    6.00948    5.97878    5.94720    5.91474    5.88139    5.84718    5.81209    5.77614    5.73933    5.70166    5.66315    5.62378    5.58358    5.54254    5.50067    5.45798    5.41446    5.37014    5.32501    5.27907    5.23234    5.18482    5.13652    5.08744    5.03759    4.98698    4.93562    4.88350    4.83064    4.77705    4.72273    4.66770    4.61195    4.55549    4.49834    4.44050    4.38198    4.32279    4.26293    4.20242    4.14127    4.07947    4.01705    3.95401    3.89035    3.82610    3.76125    3.69582    3.62982    3.56325    3.49613    3.42847    3.36027    3.29155    3.22232    3.15258    3.08235    3.01164    2.94045    2.86881    2.79671    2.72418    2.65122    2.57785    2.50406    2.42989    2.35533    2.28040    2.20511    2.12947    2.05350    1.97720    1.90059    1.82367    1.74647    1.66900    1.59125    1.51326    1.43503    1.35656    1.27789    1.19901    1.11993    1.04069    0.96127    0.88170    0.80200    0.72216    0.64221    0.56216    0.48202    0.40180    0.32152    0.24118    0.16081    0.08041    0.00000
   0.00000    0.08236    0.16470    0.24702    0.32929    0.41152    0.49368    0.57576    0.65775    0.73963    0.82140    0.90303    0.98453    1.06586    1.14703    1.22801    1.30880    1.38938    1.46973    1.54986    1.62974    1.70936    1.78871    1.86777    1.94654    2.02500    2.10315    2.18095    2.25842    2.33552    2.41226    2.48862    2.56459    2.64015    2.71529    2.79001    2.86429    2.93812    3.01149    3.08439    3.15681    3.22873    3.30014    3.37104    3.44142    3.51125    3.58055    3.64928    3.71745    3.78503    3.85204    3.91844    3.98424    4.04942    4.11398    4.17790    4.24117    4.30380    4.36576    4.42705    4.48766    4.54758    4.60680    4.66532    4.72313    4.78021    4.83657    4.89218    4.94706    5.00118    5.05454    5.10713    5.15895    5.20999    5.26024    5.30969    5.35835    5.40619    5.45322    5.49943    5.54481    5.58936    5.63308    5.67594    5.71796    5.75912    5.79942    5.83885    5.87742    5.91510    5.95191    5.98783    6.02286    6.05699    6.09023    6.12256    6.15399    6.18450    6.21410    6.24278    6.27054    6.29737    6.32327    6.34824    6.37228    6.39537    6.41753    6.43874    6.45901    6.47832    6.49669    6.51410    6.53056    6.54605    6.56059    6.57417    6.58678    6.59843    6.60912    6.61883    6.62758    6.63536    6.64217    6.64801    6.65287    6.65677    6.65969    6.66163    6.66261    6.66261    6.66163    6.65969    6.65677    6.65287    6.64801    6.64217    6.63536    6.62758    6.61883    6.60912    6.59843    6.58678    6.57417    6.56059    6.54605    6.53056    6.51410    6.49669    6.47832    6.45901    6.43874    6.41753    6.39537    6.37228    6.34824    6.32327    6.29737    6.27054    6.24278    6.21410    6.18450    6.15399    6.12256    6.09023    6.05699    6.02286    5.98783    5.95191    5.91510    5.87742    5.83885    5.79942    5.75912    5.71796    5.67594    5.63308    5.58936    5.54481    5.49943    5.45322    5.40619    5.35835    5.30969    5.26024    5.20999    5.15895    5.10713    5.05454    5.00118    4.94706    4.89218    4.83657    4.78021    4.72313    4.66532    4.60680    4.54758    4.48766    4.42705    4.36576    4.30380    4.24117    4.17790    4.11398    4.04942    3.98424    3.91844    3.85204    3.78503    3.71745    3.64928    3.58055    3.51125    3.44142    3.37104    3.30014    3.22873    3.15681    3.08439    3.01149    2.93812    2.86429    2.79001    2.71529    2.64015    2.56459    2.48862    2.41226    2.33552    2.25842    2.18095    2.10315    2.02500    1.94654    1.86777    1.78871    1.70936    1.62974    1.54986    1.46973    1.38938    1.30880    1.22801    1.14703    1.06586    0.98453    0.90303    0.82140    0.73963    0.65775    0.57576    0.49368    0.41152    0.32929    0.24702    0.16470    0.08236    0.00000
   0.00000    0.08432    0.16862    0.25289    0.33713    0.42131    0.50542    0.58945    0.67339    0.75722    0.84093    0.92451    1.00794    1.09121    1.17430    1.25721    1.33991    1.42241    1.50468    1.58671    1.66848    1.74999    1.83123    1.91217    1.99281    2.07313    2.15313    2.23278    2.31208    2.39102    2.46958    2.54775    2.62551    2.70286    2.77979    2.85628    2.93232    3.00790    3.08301    3.15763    3.23176    3.30538    3.37849    3.45106    3.52310    3.59459    3.66552    3.73588    3.80565    3.87484    3.94342    4.01139    4.07874    4.14546    4.21154    4.27697    4.34173    4.40583    4.46925    4.53199    4.59402    4.65535    4.71597    4.77587    4.83503    4.89346    4.95114    5.00806    5.06423    5.11962    5.17423    5.22806    5.28109    5.33333    5.38476    5.43537    5.48516    5.53413    5.58226    5.62955    5.67600    5.72159    5.76632    5.81019    5.85319    5.89532    5.93656    5.97691    6.01638    6.05494    6.09261    6.12937    6.16522    6.20015    6.23416    6.26725    6.29940    6.33063    6.36092    6.39027    6.41867    6.44613    6.47264    6.49819    6.52278    6.54642    6.56909    6.59080    6.61153    6.63130    6.65009    6.66791    6.68475    6.70061    6.71548    6.72937    6.74228    6.75420    6.76514    6.77508    6.78403    6.79199    6.79896    6.80493    6.80991    6.81389    6.81688    6.81887    6.81987    6.81987    6.81887    6.81688    6.81389    6.80991    6.80493    6.79896    6.79199    6.78403    6.77508    6.76514    6.75420    6.74228    6.72937    6.71548    6.70061    6.68475    6.66791    6.65009    6.63130    6.61153    6.59080    6.56909    6.54642    6.52278    6.49819    6.47264    6.44613    6.41867    6.39027    6.36092    6.33063    6.29940    6.26725    6.23416    6.20015    6.16522    6.12937    6.09261    6.05494    6.01638    5.97691    5.93656    5.89532    5.85319    5.81019    5.76632    5.72159    5.67600    5.62955    5.58226    5.53413    5.48516    5.43537    5.38476    5.33333    5.28109    5.22806    5.17423    5.11962    5.06423    5.00806    4.95114    4.89346    4.83503    4.77587    4.71597    4.65535    4.59402    4.53199    4.46925    4.40583    4.34173    4.27697    4.21154    4.14546    4.07874    4.01139    3.94342    3.87484    3.80565    3.73588    3.66552    3.59459    3.52310    3.45106    3.37849    3.30538    3.23176    3.15763    3.08301    3.00790    2.93232    2.85628    2.77979    2.70286    2.62551    2.54775    2.46958    2.39102    2.31208    2.23278    2.15313    2.07313    1.99281    1.91217    1.83123    1.74999    1.66848    1.58671    1.50468    1.42241    1.33991    1.25721    1.17430    1.09121    1.00794    0.92451    0.84093    0.75722    0.67339    0.58945    0.50542    0.42131    0.33713    0.25289    0.16862    0.08432    0.00000
   0.00000    0.08629    0.17256    0.25881    0.34501    0.43116    0.51724    0.60324    0.68914    0.77493    0.86060    0.94613    1.03151    1.11673    1.20176    1.28661    1.37125    1.45567    1.53986    1.62380    1.70749    1.79091    1.87404    1.95687    2.03939    2.12159    2.20345    2.28497    2.36612    2.44689    2.52728    2.60727    2.68685    2.76601    2.84473    2.92300    3.00081    3.07815    3.15500    3.23136    3.30722    3.38255    3.45736    3.53162    3.60534    3.67849    3.75106    3.82305    3.89445    3.96524    4.03542    4.10496    4.17388    4.24214    4.30975    4.37670    4.44297    4.50855    4.57344    4.63762    4.70109    4.76385    4.82587    4.88715    4.94768    5.00746    5.06647    5.12471    5.18216    5.23883    5.29471    5.34978    5.40404    5.45748    5.51009    5.56187    5.61281    5.66290    5.71214    5.76052    5.80804    5.85468    5.90044    5.94532    5.98931    6.03240    6.07459    6.11587    6.15624    6.19569    6.23422    6.27182    6.30849    6.34423    6.37902    6.41286    6.44576    6.47770    6.50868    6.53870    6.56776    6.59584    6.62296    6.64910    6.67425    6.69843    6.72162    6.74382    6.76503    6.78525    6.80447    6.82270    6.83992    6.85614    6.87136    6.88557    6.89877    6.91096    6.92215    6.93231    6.94147    6.94961    6.95674    6.96285    6.96794    6.97202    6.97507    6.97711    6.97813    6.97813    6.97711    6.97507    6.97202    6.96794    6.96285    6.95674    6.94961    6.94147    6.93231    6.92215    6.91096    6.89877    6.88557    6.87136    6.85614    6.83992    6.82270    6.80447    6.78525    6.76503    6.74382    6.72162    6.69843    6.67425    6.64910    6.62296    6.59584    6.56776    6.53870    6.50868    6.47770    6.44576    6.41286    6.37902    6.34423    6.30849    6.27182    6.23422    6.19569    6.15624    6.11587    6.07459    6.03240    5.98931    5.94532    5.90044    5.85468    5.80804    5.76052    5.71214    5.66290    5.61281    5.56187    5.51009    5.45748    5.40404    5.34978    5.29471    5.23883    5.18216    5.12471    5.06647    5.00746    4.94768    4.88715    4.82587    4.76385    4.70109    4.63762    4.57344    4.50855    4.44297    4.37670    4.30975    4.24214    4.17388    4.10496    4.03542    3.96524    3.89445    3.82305    3.75106    3.67849    3.60534    3.53162    3.45736    3.38255    3.30722    3.23136    3.15500    3.07815    3.00081    2.92300    2.84473    2.76601    2.68685    2.60727    2.52728    2.44689    2.36612    2.28497    2.20345    2.12159    2.03939    1.95687    1.87404    1.79091    1.70749    1.62380    1.53986    1.45567    1.37125    1.28661    1.20176    1.11673    1.03151    0.94613    0.86060    0.77493    0.68914    0.60324    0.51724    0.43116    0.34501    0.25881    0.17256    0.08629    0.00000
   0.00000    0.08827    0.17653    0.26476    0.35295    0.44108    0.52915    0.61712    0.70500    0.79277    0.88041    0.96790    1.05525    1.14242    1.22942    1.31621    1.40280    1.48916    1.57529    1.66116    1.74677    1.83210    1.91714    2.00188    2.08630    2.17038    2.25413    2.33751    2.42052    2.50316    2.58539    2.66722    2.74862    2.82959    2.91011    2.99018    3.06977    3.14888    3.22750    3.30561    3.38320    3.46026    3.53677    3.61274    3.68813    3.76296    3.83719    3.91083    3.98386    4.05626    4.12804    4.19918    4.26966    4.33948    4.40864    4.47710    4.54488    4.61196    4.67833    4.74397    4.80889    4.87307    4.93650    4.99917    5.06108    5.12222    5.18257    5.24213    5.30089    5.35885    5.41599    5.47231    5.52780    5.58245    5.63626    5.68921    5.74130    5.79253    5.84289    5.89236    5.94095    5.98865    6.03544    6.08134    6.12632    6.17038    6.21352    6.25574    6.29702    6.33736    6.37676    6.41521    6.45271    6.48925    6.52482    6.55943    6.59307    6.62573    6.65741    6.68811    6.71782    6.74653    6.77426    6.80098    6.82671    6.85143    6.87514    6.89784    6.91953    6.94020    6.95985    6.97849    6.99610    7.01268    7.02824    7.04277    7.05627    7.06874    7.08017    7.09057    7.09993    7.10825    7.11554    7.12179    7.12699    7.13116    7.13428    7.13637    7.13741    7.13741    7.13637    7.13428    7.13116    7.12699    7.12179    7.11554    7.10825    7.09993    7.09057    7.08017    7.06874    7.05627    7.04277    7.02824    7.01268    6.99610    6.97849    6.95985    6.94020    6.91953    6.89784    6.87514    6.85143    6.82671    6.80098    6.77426    6.74653    6.71782    6.68811    6.65741    6.62573    6.59307    6.55943    6.52482    6.48925    6.45271    6.41521    6.37676    6.33736    6.29702    6.25574    6.21352    6.17038    6.12632    6.08134    6.03544    5.98865    5.94095    5.89236    5.84289    5.79253    5.74130    5.68921    5.63626    5.58245    5.52780    5.47231    5.41599    5.35885    5.30089    5.24213    5.18257    5.12222    5.06108    4.99917    4.93650    4.87307    4.80889    4.74397    4.67833    4.61196    4.54488    4.47710    4.40864    4.33948    4.26966    4.19918    4.12804    4.05626    3.98386    3.91083    3.83719    3.76296    3.68813    3.61274    3.53677    3.46026    3.38320    3.30561    3.22750    3.14888    3.06977    2.99018    2.91011    2.82959    2.74862    2.66722    2.58539    2.50316    2.42052    2.33751    2.25413    2.17038    2.08630    2.00188    1.91714    1.83210    1.74677    1.66116    1.57529    1.48916    1.40280    1.31621    1.22942    1.14242    1.05525    0.96790    0.88041    0.79277    0.70500    0.61712    0.52915    0.44108    0.35295    0.26476    0.17653    0.08827    0.00000
   0.00000    0.09027    0.18053    0.27076    0.36095    0.45108    0.54114    0.63111    0.72097    0.81073    0.90035    0.98983    1.07915    1.16830    1.25727    1.34603    1.43457    1.52289    1.61097    1.69878    1.78633    1.87359    1.96056    2.04721    2.13354    2.21952    2.30516    2.39043    2.47532    2.55981    2.64391    2.72758    2.81082    2.89362    2.97596    3.05783    3.13922    3.22011    3.30050    3.38037    3.45971    3.53850    3.61674    3.69441    3.77151    3.84802    3.92392    3.99921    4.07388    4.14792    4.22131    4.29404    4.36611    4.43750    4.50820    4.57821    4.64750    4.71608    4.78394    4.85106    4.91743    4.98304    5.04789    5.11197    5.17526    5.23776    5.29946    5.36036    5.42043    5.47968    5.53810    5.59568    5.65240    5.70827    5.76328    5.81741    5.87067    5.92304    5.97451    6.02509    6.07476    6.12351    6.17135    6.21827    6.26425    6.30929    6.35339    6.39654    6.43874    6.47998    6.52025    6.55956    6.59789    6.63523    6.67160    6.70697    6.74136    6.77474    6.80712    6.83850    6.86887    6.89822    6.92656    6.95387    6.98017    7.00543    7.02967    7.05287    7.07504    7.09617    7.11626    7.13530    7.15330    7.17025    7.18616    7.20101    7.21480    7.22755    7.23923    7.24986    7.25943    7.26794    7.27538    7.28177    7.28709    7.29135    7.29454    7.29667    7.29774    7.29774    7.29667    7.29454    7.29135    7.28709    7.28177    7.27538    7.26794    7.25943    7.24986    7.23923    7.22755    7.21480    7.20101    7.18616    7.17025    7.15330    7.13530    7.11626    7.09617    7.07504    7.05287    7.02967    7.00543    6.98017    6.95387    6.92656    6.89822    6.86887    6.83850    6.80712    6.77474    6.74136    6.70697    6.67160    6.63523    6.59789    6.55956    6.52025    6.47998    6.43874    6.39654    6.35339    6.30929    6.26425    6.21827    6.17135    6.12351    6.07476    6.02509    5.97451    5.92304    5.87067    5.81741    5.76328    5.70827    5.65240    5.59568    5.53810    5.47968    5.42043    5.36036    5.29946    5.23776    5.17526    5.11197    5.04789    4.98304    4.91743    4.85106    4.78394    4.71608    4.64750    4.57821    4.50820    4.43750    4.36611    4.29404    4.22131    4.14792    4.07388    3.99921    3.92392    3.84802    3.77151    3.69441    3.61674    3.53850    3.45971    3.38037    3.30050    3.22011    3.13922    3.05783    2.97596    2.89362    2.81082    2.72758    2.64391    2.55981    2.47532    2.39043    2.30516    2.21952    2.13354    2.04721    1.96056    1.87359    1.78633    1.69878    1.61097    1.52289    1.43457    1.34603    1.25727    1.16830    1.07915    0.98983    0.90035    0.81073    0.72097    0.63111    0.54114    0.45108    0.36095    0.27076    0.18053    0.09027    0.00000
   0.00000    0.09229    0.18456    0.27681    0.36901    0.46115    0.55321    0.64519    0.73706    0.82882    0.92044    1.01192    1.10323    1.19437    1.28532    1.37606    1.46658    1.55687    1.64690    1.73668    1.82618    1.91538    2.00428    2.09287    2.18111    2.26902    2.35656    2.44372    2.53050    2.61688    2.70284    2.78837    2.87347    2.95810    3.04227    3.12596    3.20916    3.29185    3.37402    3.45566    3.53676    3.61730    3.69728    3.77667    3.85548    3.93368    4.01126    4.08822    4.16454    4.24022    4.31523    4.38957    4.46323    4.53620    4.60846    4.68002    4.75084    4.82094    4.89029    4.95889    5.02672    5.09378    5.16006    5.22555    5.29023    5.35411    5.41717    5.47940    5.54080    5.60135    5.66105    5.71989    5.77786    5.83496    5.89117    5.94649    6.00092    6.05443    6.10704    6.15872    6.20948    6.25930    6.30819    6.35613    6.40312    6.44915    6.49421    6.53831    6.58143    6.62356    6.66472    6.70488    6.74404    6.78221    6.81936    6.85551    6.89064    6.92475    6.95784    6.98990    7.02093    7.05093    7.07988    7.10779    7.13466    7.16047    7.18524    7.20894    7.23159    7.25318    7.27371    7.29317    7.31156    7.32888    7.34513    7.36030    7.37440    7.38741    7.39935    7.41021    7.41999    7.42868    7.43629    7.44281    7.44825    7.45260    7.45586    7.45804    7.45913    7.45913    7.45804    7.45586    7.45260    7.44825    7.44281    7.43629    7.42868    7.41999    7.41021    7.39935    7.38741    7.37440    7.36030    7.34513    7.32888    7.31156    7.29317    7.27371    7.25318    7.23159    7.20894    7.18524    7.16047    7.13466    7.10779    7.07988    7.05093    7.02093    6.98990    6.95784    6.92475    6.89064    6.85551    6.81936    6.78221    6.74404    6.70488    6.66472    6.62356    6.58143    6.53831    6.49421    6.44915    6.40312    6.35613    6.30819    6.25930    6.20948    6.15872    6.10704    6.05443    6.00092    5.94649    5.89117    5.83496    5.77786    5.71989    5.66105    5.60135    5.54080    5.47940    5.41717    5.35411    5.29023    5.22555    5.16006    5.09378    5.02672    4.95889    4.89029    4.82094    4.75084    4.68002    4.60846    4.53620    4.46323    4.38957    4.31523    4.24022    4.16454    4.08822    4.01126    3.93368    3.85548    3.77667    3.69728    3.61730    3.53676    3.45566    3.37402    3.29185    3.20916    3.12596    3.04227    2.95810    2.87347    2.78837    2.70284    2.61688    2.53050    2.44372    2.35656    2.26902    2.18111    2.09287    2.00428    1.91538    1.82618    1.73668    1.64690    1.55687    1.46658    1.37606    1.28532    1.19437    1.10323    1.01192    0.92044    0.82882    0.73706    0.64519    0.55321    0.46115    0.36901    0.27681    0.18456    0.09229    0.00000
   0.00000    0.09432    0.18862    0.28289    0.37712    0.47129    0.56538    0.65938    0.75327    0.84704    0.94068    1.03417    1.12749    1.22063    1.31358    1.40631    1.49882    1.59109    1.68310    1.77485    1.86631    1.95748    2.04833    2.13886    2.22904    2.31887    2.40833    2.49741    2.58609    2.67436    2.76221    2.84961    2.93657    3.02306    3.10907    3.19459    3.27961    3.36411    3.44808    3.53150    3.61437    3.69668    3.77840    3.85952    3.94005    4.01995    4.09923    4.17787    4.25586    4.33318    4.40982    4.48579    4.56105    4.63560    4.70944    4.78255    4.85492    4.92654    4.99739    5.06748    5.13679    5.20530    5.27302    5.33993    5.40602    5.47128    5.53570    5.59928    5.66201    5.72387    5.78487    5.84498    5.90420    5.96253    6.01996    6.07648    6.13207    6.18675    6.24049    6.29328    6.34514    6.39604    6.44597    6.49495    6.54295    6.58997    6.63600    6.68104    6.72509    6.76814    6.81017    6.85120    6.89120    6.93019    6.96814    7.00507    7.04095    7.07580    7.10959    7.14234    7.17404    7.20467    7.23425    7.26276    7.29020    7.31657    7.34186    7.36608    7.38921    7.41126    7.43223    7.45210    7.47089    7.48858    7.50517    7.52067    7.53507    7.54836    7.56056    7.57165    7.58163    7.59051    7.59828    7.60495    7.61050    7.61494    7.61828    7.62050    7.62161    7.62161    7.62050    7.61828    7.61494    7.61050    7.60495    7.59828    7.59051    7.58163    7.57165    7.56056    7.54836    7.53507    7.52067    7.50517    7.48858    7.47089    7.45210    7.43223    7.41126    7.38921    7.36608    7.34186    7.31657    7.29020    7.26276    7.23425    7.20467    7.17404    7.14234    7.10959    7.07580    7.04095    7.00507    6.96814    6.93019    6.89120    6.85120    6.81017    6.76814    6.72509    6.68104    6.63600    6.58997    6.54295    6.49495    6.44597    6.39604    6.34514    6.29328    6.24049    6.18675    6.13207    6.07648    6.01996    5.96253    5.90420    5.84498    5.78487    5.72387    5.66201    5.59928    5.53570    5.47128    5.40602    5.33993    5.27302    5.20530    5.13679    5.06748    4.99739    4.92654    4.85492    4.78255    4.70944    4.63560    4.56105    4.48579    4.40982    4.33318    4.25586    4.17787    4.09923    4.01995    3.94005    3.85952    3.77840    3.69668    3.61437    3.53150    3.44808    3.36411    3.27961    3.19459    3.10907    3.02306    2.93657    2.84961    2.76221    2.67436    2.58609    2.49741    2.40833    2.31887    2.22904    2.13886    2.04833    1.95748    1.86631    1.77485    1.68310    1.59109    1.49882    1.40631    1.31358    1.22063    1.12749    1.03417    0.94068    0.84704    0.75327    0.65938    0.56538    0.47129    0.37712    0.28289    0.18862    0.09432    0.00000
   0.00000    0.09636    0.19271    0.28903    0.38530    0.48150    0.57763    0.67367    0.76960    0.86541    0.96107    1.05658    1.15193    1.24709    1.34204    1.43679    1.53130    1.62557    1.71957    1.81331    1.90675    1.99989    2.09270    2.18519    2.27732    2.36909    2.46049    2.55149    2.64209    2.73227    2.82201    2.91130    3.00014    3.08849    3.17636    3.26373    3.35058    3.43690    3.52268    3.60790    3.69255    3.77663    3.86011    3.94298    4.02524    4.10686    4.18784    4.26817    4.34783    4.42681    4.50511    4.58270    4.65958    4.73573    4.81115    4.88583    4.95974    5.03290    5.10527    5.17686    5.24765    5.31763    5.38679    5.45513    5.52263    5.58929    5.65509    5.72002    5.78409    5.84727    5.90956    5.97095    6.03144    6.09101    6.14966    6.20738    6.26416    6.31999    6.37488    6.42880    6.48175    6.53373    6.58473    6.63474    6.68376    6.73177    6.77878    6.82478    6.86976    6.91372    6.95665    6.99854    7.03939    7.07920    7.11796    7.15566    7.19230    7.22788    7.26240    7.29584    7.32820    7.35948    7.38968    7.41879    7.44681    7.47374    7.49956    7.52429    7.54791    7.57043    7.59183    7.61213    7.63131    7.64937    7.66632    7.68214    7.69684    7.71042    7.72287    7.73419    7.74439    7.75346    7.76139    7.76819    7.77386    7.77840    7.78180    7.78407    7.78521    7.78521    7.78407    7.78180    7.77840    7.77386    7.76819    7.76139    7.75346    7.74439    7.73419    7.72287    7.71042    7.69684    7.68214    7.66632    7.64937    7.63131    7.61213    7.59183    7.57043    7.54791    7.52429    7.49956    7.47374    7.44681    7.41879    7.38968    7.35948    7.32820    7.29584    7.26240    7.22788    7.19230    7.15566    7.11796    7.07920    7.03939    6.99854    6.95665    6.91372    6.86976    6.82478    6.77878    6.73177    6.68376    6.63474    6.58473    6.53373    6.48175    6.42880    6.37488    6.31999    6.26416    6.20738    6.14966    6.09101    6.03144    5.97095    5.90956    5.84727    5.78409    5.72002    5.65509    5.58929    5.52263    5.45513    5.38679    5.31763    5.24765    5.17686    5.10527    5.03290    4.95974    4.88583    4.81115    4.73573    4.65958    4.58270    4.50511    4.42681    4.34783    4.26817    4.18784    4.10686    4.02524    3.94298    3.86011    3.77663    3.69255    3.60790    3.52268    3.43690    3.35058    3.26373    3.17636    3.08849    3.00014    2.91130    2.82201    2.73227    2.64209    2.55149    2.46049    2.36909    2.27732    2.18519    2.09270    1.99989    1.90675    1.81331    1.71957    1.62557    1.53130    1.43679    1.34204    1.24709    1.15193    1.05658    0.96107    0.86541    0.76960    0.67367    0.57763    0.48150    0.38530    0.28903    0.19271    0.09636    0.00000
   0.00000    0.09842    0.19683    0.29520    0.39353    0.49180    0.58998    0.68807    0.78605    0.88391    0.98162    1.07917    1.17655    1.27374    1.37073    1.46749    1.56402    1.66031    1.75632    1.85205    1.94749    2.04261    2.13741    2.23187    2.32597    2.41970    2.51304    2.60598    2.69851    2.79061    2.88226    2.97346    3.06418    3.15442    3.24415    3.33338    3.42207    3.51023    3.59783    3.68486    3.77132    3.85718    3.94243    4.02706    4.11106    4.19441    4.27711    4.35914    4.44049    4.52114    4.60109    4.68033    4.75883    4.83659    4.91361    4.98986    5.06534    5.14003    5.21394    5.28703    5.35931    5.43077    5.50139    5.57117    5.64009    5.70815    5.77533    5.84164    5.90705    5.97156    6.03516    6.09784    6.15959    6.22042    6.28029    6.33922    6.39719    6.45420    6.51023    6.56528    6.61934    6.67241    6.72447    6.77553    6.82557    6.87459    6.92258    6.96954    7.01546    7.06033    7.10416    7.14692    7.18863    7.22926    7.26883    7.30732    7.34472    7.38104    7.41627    7.45041    7.48345    7.51538    7.54621    7.57592    7.60452    7.63201    7.65837    7.68361    7.70772    7.73071    7.75256    7.77327    7.79285    7.81129    7.82859    7.84474    7.85974    7.87360    7.88631    7.89787    7.90828    7.91753    7.92563    7.93257    7.93836    7.94299    7.94647    7.94878    7.94994    7.94994    7.94878    7.94647    7.94299    7.93836    7.93257    7.92563    7.91753    7.90828    7.89787    7.88631    7.87360    7.85974    7.84474    7.82859    7.81129    7.79285    7.77327    7.75256    7.73071    7.70772    7.68361    7.65837    7.63201    7.60452    7.57592    7.54621    7.51538    7.48345    7.45041    7.41627    7.38104    7.34472    7.30732    7.26883    7.22926    7.18863    7.14692    7.10416    7.06033    7.01546    6.96954    6.92258    6.87459    6.82557    6.77553    6.72447    6.67241    6.61934    6.56528    6.51023    6.45420    6.39719    6.33922    6.28029    6.22042    6.15959    6.09784    6.03516    5.97156    5.90705    5.84164    5.77533    5.70815    5.64009    5.57117    5.50139    5.43077    5.35931    5.28703    5.21394    5.14003    5.06534    4.98986    4.91361    4.83659    4.75883    4.68033    4.60109    4.52114    4.44049    4.35914    4.27711    4.19441    4.11106    4.02706    3.94243    3.85718    3.77132    3.68486    3.59783    3.51023    3.42207    3.33338    3.24415    3.15442    3.06418    2.97346    2.88226    2.79061    2.69851    2.60598    2.51304    2.41970    2.32597    2.23187    2.13741    2.04261    1.94749    1.85205    1.75632    1.66031    1.56402    1.46749    1.37073    1.27374    1.17655    1.07917    0.98162    0.88391    0.78605    0.68807    0.58998    0.49180    0.39353    0.29520    0.19683    0.09842    0.00000
   0.00000    0.10050    0.20098    0.30143    0.40183    0.50217    0.60243    0.70258    0.80263    0.90255    1.00232    1.10193    1.20136    1.30060    1.39963    1.49844    1.59700    1.69531    1.79335    1.89110    1.98854    2.08567    2.18246    2.27891    2.37499    2.47069    2.56599    2.66089    2.75536    2.84939    2.94297    3.03608    3.12871    3.22084    3.31246    3.40356    3.49411    3.58412    3.67355    3.76241    3.85067    3.93833    4.02537    4.11177    4.19753    4.28262    4.36705    4.45079    4.53384    4.61618    4.69780    4.77868    4.85882    4.93821    5.01683    5.09467    5.17172    5.24797    5.32341    5.39802    5.47181    5.54475    5.61684    5.68806    5.75842    5.82789    5.89646    5.96414    6.03091    6.09675    6.16167    6.22565    6.28868    6.35076    6.41188    6.47203    6.53119    6.58938    6.64656    6.70275    6.75793    6.81209    6.86522    6.91733    6.96840    7.01843    7.06741    7.11534    7.16220    7.20800    7.25272    7.29637    7.33893    7.38040    7.42078    7.46006    7.49823    7.53530    7.57125    7.60608    7.63980    7.67239    7.70384    7.73417    7.76336    7.79140    7.81831    7.84406    7.86867    7.89212    7.91442    7.93556    7.95554    7.97435    7.99200    8.00848    8.02380    8.03794    8.05091    8.06270    8.07332    8.08276    8.09103    8.09811    8.10402    8.10875    8.11229    8.11465    8.11584    8.11584    8.11465    8.11229    8.10875    8.10402    8.09811    8.09103    8.08276    8.07332    8.06270    8.05091    8.03794    8.02380    8.00848    7.99200    7.97435    7.95554    7.93556    7.91442    7.89212    7.86867    7.84406    7.81831    7.79140    7.76336    7.73417    7.70384    7.67239    7.63980    7.60608    7.57125    7.53530    7.49823    7.46006    7.42078    7.38040    7.33893    7.29637    7.25272    7.20800    7.16220    7.11534    7.06741    7.01843    6.96840    6.91733    6.86522    6.81209    6.75793    6.70275    6.64656    6.58938    6.53119    6.47203    6.41188    6.35076    6.28868    6.22565    6.16167    6.09675    6.03091    5.96414    5.89646    5.82789    5.75842    5.68806    5.61684    5.54475    5.47181    5.39802    5.32341    5.24797    5.17172    5.09467    5.01683    4.93821    4.85882    4.77868    4.69780    4.61618    4.53384    4.45079    4.36705    4.28262    4.19753    4.11177    4.02537    3.93833    3.85067    3.76241    3.67355    3.58412    3.49411    3.40356    3.31246    3.22084    3.12871    3.03608    2.94297    2.84939    2.75536    2.66089    2.56599    2.47069    2.37499    2.27891    2.18246    2.08567    1.98854    1.89110    1.79335    1.69531    1.59700    1.49844    1.39963    1.30060    1.20136    1.10193    1.00232    0.90255    0.80263    0.70258    0.60243    0.50217    0.40183    0.30143    0.20098    0.10050    0.00000
   0.00000    0.10259    0.20517    0.30771    0.41020    0.51262    0.61497    0.71721    0.81934    0.92133    1.02318    1.12487    1.22637    1.32767    1.42876    1.52962    1.63024    1.73059    1.83066    1.93044    2.02991    2.12906    2.22786    2.32631    2.42438    2.52207    2.61935    2.71622    2.81265    2.90863    3.00415    3.09919    3.19374    3.28778    3.38130    3.47428    3.56671    3.65857    3.74986    3.84055    3.93064    4.02011    4.10894    4.19713    4.28465    4.37151    4.45768    4.54314    4.62790    4.71194    4.79523    4.87778    4.95957    5.04059    5.12083    5.20027    5.27890    5.35672    5.43370    5.50985    5.58515    5.65958    5.73315    5.80583    5.87763    5.94852    6.01850    6.08756    6.15569    6.22288    6.28912    6.35441    6.41873    6.48208    6.54444    6.60581    6.66618    6.72555    6.78390    6.84123    6.89753    6.95279    7.00701    7.06018    7.11229    7.16333    7.21331    7.26220    7.31002    7.35674    7.40237    7.44690    7.49032    7.53263    7.57383    7.61390    7.65285    7.69066    7.72734    7.76288    7.79728    7.83052    7.86262    7.89355    7.92333    7.95194    7.97939    8.00567    8.03077    8.05469    8.07744    8.09901    8.11939    8.13858    8.15659    8.17340    8.18902    8.20345    8.21668    8.22871    8.23954    8.24918    8.25761    8.26484    8.27086    8.27568    8.27930    8.28171    8.28291    8.28291    8.28171    8.27930    8.27568    8.27086    8.26484    8.25761    8.24918    8.23954    8.22871    8.21668    8.20345    8.18902    8.17340    8.15659    8.13858    8.11939    8.09901    8.07744    8.05469    8.03077    8.00567    7.97939    7.95194    7.92333    7.89355    7.86262    7.83052    7.79728    7.76288    7.72734    7.69066    7.65285    7.61390    7.57383    7.53263    7.49032    7.44690    7.40237    7.35674    7.31002    7.26220    7.21331    7.16333    7.11229    7.06018    7.00701    6.95279    6.89753    6.84123    6.78390    6.72555    6.66618    6.60581    6.54444    6.48208    6.41873    6.35441    6.28912    6.22288    6.15569    6.08756    6.01850    5.94852    5.87763    5.80583    5.73315    5.65958    5.58515    5.50985    5.43370    5.35672    5.27890    5.20027    5.12083    5.04059    4.95957    4.87778    4.79523    4.71194    4.62790    4.54314    4.45768    4.37151    4.28465    4.19713    4.10894    4.02011    3.93064    3.84055    3.74986    3.65857    3.56671    3.47428    3.38130    3.28778    3.19374    3.09919    3.00415    2.90863    2.81265    2.71622    2.61935    2.52207    2.42438    2.32631    2.22786    2.12906    2.02991    1.93044    1.83066    1.73059    1.63024    1.52962    1.42876    1.32767    1.22637    1.12487    1.02318    0.92133    0.81934    0.71721    0.61497    0.51262    0.41020    0.30771    0.20517    0.10259    0.00000
   0.00000    0.10470    0.20938    0.31403    0.41863    0.52316    0.62761    0.73195    0.83618    0.94027    1.04421    1.14798    1.25157    1.35495    1.45812    1.56105    1.66373    1.76614    1.86827    1.97010    2.07161    2.17279    2.27362    2.37409    2.47417    2.57386    2.67314    2.77198    2.87039    2.96834    3.06581    3.16280    3.25928    3.35524    3.45067    3.54555    3.63987    3.73361    3.82676    3.91930    4.01123    4.10252    4.19316    4.28315    4.37246    4.46108    4.54900    4.63621    4.72269    4.80843    4.89342    4.97765    5.06110    5.14376    5.22562    5.30667    5.38690    5.46629    5.54484    5.62253    5.69935    5.77529    5.85034    5.92450    5.99774    6.07006    6.14146    6.21191    6.28141    6.34996    6.41754    6.48414    6.54975    6.61437    6.67799    6.74060    6.80218    6.86274    6.92226    6.98074    7.03817    7.09454    7.14985    7.20408    7.25723    7.30930    7.36028    7.41015    7.45892    7.50658    7.55312    7.59854    7.64283    7.68599    7.72801    7.76888    7.80860    7.84717    7.88458    7.92083    7.95591    7.98982    8.02255    8.05410    8.08447    8.11365    8.14165    8.16844    8.19405    8.21845    8.24165    8.26364    8.28443    8.30400    8.32236    8.33951    8.35544    8.37016    8.38365    8.39592    8.40697    8.41679    8.42539    8.43276    8.43891    8.44382    8.44751    8.44997    8.45120    8.45120    8.44997    8.44751    8.44382    8.43891    8.43276    8.42539    8.41679    8.40697    8.39592    8.38365    8.37016    8.35544    8.33951    8.32236    8.30400    8.28443    8.26364    8.24165    8.21845    8.19405    8.16844    8.14165    8.11365    8.08447    8.05410    8.02255    7.98982    7.95591    7.92083    7.88458    7.84717    7.80860    7.76888    7.72801    7.68599    7.64283    7.59854    7.55312    7.50658    7.45892    7.41015    7.36028    7.30930    7.25723    7.20408    7.14985    7.09454    7.03817    6.98074    6.92226    6.86274    6.80218    6.74060    6.67799    6.61437    6.54975    6.48414    6.41754    6.34996    6.28141    6.21191    6.14146    6.07006    5.99774    5.92450    5.85034    5.77529    5.69935    5.62253    5.54484    5.46629    5.38690    5.30667    5.22562    5.14376    5.06110    4.97765    4.89342    4.80843    4.72269    4.63621    4.54900    4.46108    4.37246    4.28315    4.19316    4.10252    4.01123    3.91930    3.82676    3.73361    3.63987    3.54555    3.45067    3.35524    3.25928    3.16280    3.06581    2.96834    2.87039    2.77198    2.67314    2.57386    2.47417    2.37409    2.27362    2.17279    2.07161    1.97010    1.86827    1.76614    1.66373    1.56105    1.45812    1.35495    1.25157    1.14798    1.04421    0.94027    0.83618    0.73195    0.62761    0.52316    0.41863    0.31403    0.20938    0.10470    0.00000
   0.00000    0.10683    0.21363    0.32041    0.42713    0.53378    0.64035    0.74681    0.85316    0.95936    1.06541    1.17129    1.27697    1.38246    1.48772    1.59273    1.69750    1.80199    1.90618    2.01008    2.11364    2.21687    2.31974    2.42224    2.52435    2.62606    2.72735    2.82819    2.92859    3.02852    3.12796    3.22690    3.32533    3.42323    3.52059    3.61739    3.71361    3.80924    3.90426    3.99867    4.09245    4.18558    4.27805    4.36984    4.46095    4.55135    4.64104    4.73000    4.81822    4.90568    4.99237    5.07829    5.16341    5.24773    5.33123    5.41391    5.49574    5.57672    5.65684    5.73608    5.81443    5.89189    5.96844    6.04407    6.11878    6.19254    6.26536    6.33721    6.40810    6.47801    6.54693    6.61485    6.68177    6.74768    6.81256    6.87640    6.93921    7.00097    7.06167    7.12131    7.17988    7.23736    7.29376    7.34907    7.40327    7.45637    7.50835    7.55921    7.60894    7.65754    7.70500    7.75131    7.79648    7.84048    7.88333    7.92500    7.96551    8.00484    8.04299    8.07995    8.11571    8.15029    8.18366    8.21584    8.24680    8.27656    8.30510    8.33242    8.35853    8.38341    8.40706    8.42949    8.45068    8.47064    8.48936    8.50685    8.52309    8.53809    8.55185    8.56436    8.57562    8.58564    8.59441    8.60192    8.60819    8.61320    8.61696    8.61947    8.62072    8.62072    8.61947    8.61696    8.61320    8.60819    8.60192    8.59441    8.58564    8.57562    8.56436    8.55185    8.53809    8.52309    8.50685    8.48936    8.47064    8.45068    8.42949    8.40706    8.38341    8.35853    8.33242    8.30510    8.27656    8.24680    8.21584    8.18366    8.15029    8.11571    8.07995    8.04299    8.00484    7.96551    7.92500    7.88333    7.84048    7.79648    7.75131    7.70500    7.65754    7.60894    7.55921    7.50835    7.45637    7.40327    7.34907    7.29376    7.23736    7.17988    7.12131    7.06167    7.00097    6.93921    6.87640    6.81256    6.74768    6.68177    6.61485    6.54693    6.47801    6.40810    6.33721    6.26536    6.19254    6.11878    6.04407    5.96844    5.89189    5.81443    5.73608    5.65684    5.57672    5.49574    5.41391    5.33123    5.24773    5.16341    5.07829    4.99237    4.90568    4.81822    4.73000    4.64104    4.55135    4.46095    4.36984    4.27805    4.18558    4.09245    3.99867    3.90426    3.80924    3.71361    3.61739    3.52059    3.42323    3.32533    3.22690    3.12796    3.02852    2.92859    2.82819    2.72735    2.62606    2.52435    2.42224    2.31974    2.21687    2.11364    2.01008    1.90618    1.80199    1.69750    1.59273    1.48772    1.38246    1.27697    1.17129    1.06541    0.95936    0.85316    0.74681    0.64035    0.53378    0.42713    0.32041    0.21363    0.10683    0.00000
   0.00000    0.10897    0.21792    0.32684    0.43570    0.54449    0.65320    0.76179    0.87027    0.97860    1.08678    1.19478    1.30259    1.41018    1.51755    1.62467    1.73154    1.83812    1.94440    2.05037    2.15602    2.26131    2.36624    2.47079    2.57494    2.67868    2.78199    2.88486    2.98726    3.08918    3.19061    3.29153    3.39192    3.49178    3.59107    3.68980    3.78793    3.88547    3.98239    4.07868    4.17432    4.26930    4.36361    4.45723    4.55014    4.64234    4.73381    4.82453    4.91450    5.00369    5.09211    5.17973    5.26653    5.35252    5.43767    5.52198    5.60543    5.68801    5.76971    5.85051    5.93041    6.00940    6.08746    6.16458    6.24075    6.31597    6.39022    6.46348    6.53576    6.60705    6.67732    6.74658    6.81481    6.88200    6.94816    7.01325    7.07729    7.14026    7.20215    7.26295    7.32266    7.38127    7.43877    7.49515    7.55042    7.60455    7.65754    7.70939    7.76009    7.80964    7.85802    7.90524    7.95128    7.99614    8.03982    8.08231    8.12360    8.16369    8.20258    8.24025    8.27672    8.31196    8.34598    8.37878    8.41035    8.44068    8.46977    8.49762    8.52423    8.54960    8.57371    8.59657    8.61817    8.63851    8.65760    8.67542    8.69198    8.70727    8.72129    8.73404    8.74553    8.75574    8.76467    8.77233    8.77872    8.78383    8.78766    8.79022    8.79149    8.79149    8.79022    8.78766    8.78383    8.77872    8.77233    8.76467    8.75574    8.74553    8.73404    8.72129    8.70727    8.69198    8.67542    8.65760    8.63851    8.61817    8.59657    8.57371    8.54960    8.52423    8.49762    8.46977    8.44068    8.41035    8.37878    8.34598    8.31196    8.27672    8.24025    8.20258    8.16369    8.12360    8.08231    8.03982    7.99614    7.95128    7.90524    7.85802    7.80964    7.76009    7.70939    7.65754    7.60455    7.55042    7.49515    7.43877    7.38127    7.32266    7.26295    7.20215    7.14026    7.07729    7.01325    6.94816    6.88200    6.81481    6.74658    6.67732    6.60705    6.53576    6.46348    6.39022    6.31597    6.24075    6.16458    6.08746    6.00940    5.93041    5.85051    5.76971    5.68801    5.60543    5.52198    5.43767    5.35252    5.26653    5.17973    5.09211    5.00369    4.91450    4.82453    4.73381    4.64234    4.55014    4.45723    4.36361    4.26930    4.17432    4.07868    3.98239    3.88547    3.78793    3.68980    3.59107    3.49178    3.39192    3.29153    3.19061    3.08918    2.98726    2.88486    2.78199    2.67868    2.57494    2.47079    2.36624    2.26131    2.15602    2.05037    1.94440    1.83812    1.73154    1.62467    1.51755    1.41018    1.30259    1.19478    1.08678    0.97860    0.87027    0.76179    0.65320    0.54449    0.43570    0.32684    0.21792    0.10897    0.00000
   0.00000    0.11113    0.22224    0.33332    0.44434    0.55529    0.66615    0.77690    0.88752    0.99801    1.10833    1.21847    1.32841    1.43814    1.54763    1.65688    1.76585    1.87455    1.98294    2.09100    2.19874    2.30611    2.41312    2.51974    2.62595    2.73174    2.83709    2.94198    3.04640    3.15034    3.25377    3.35668    3.45905    3.56087    3.66213    3.76280    3.86287    3.96232    4.06115    4.15933    4.25685    4.35370    4.44986    4.54531    4.64005    4.73406    4.82732    4.91982    5.01155    5.10250    5.19264    5.28197    5.37048    5.45814    5.54496    5.63091    5.71599    5.80018    5.88347    5.96585    6.04731    6.12783    6.20741    6.28603    6.36369    6.44037    6.51606    6.59075    6.66443    6.73709    6.80873    6.87933    6.94888    7.01738    7.08481    7.15117    7.21644    7.28063    7.34371    7.40569    7.46655    7.52629    7.58490    7.64237    7.69869    7.75387    7.80788    7.86073    7.91241    7.96291    8.01222    8.06034    8.10727    8.15299    8.19750    8.24081    8.28289    8.32375    8.36338    8.40178    8.43894    8.47486    8.50953    8.54296    8.57513    8.60604    8.63569    8.66407    8.69119    8.71704    8.74161    8.76490    8.78692    8.80765    8.82710    8.84526    8.86214    8.87772    8.89201    8.90500    8.91671    8.92711    8.93622    8.94402    8.95053    8.95574    8.95964    8.96225    8.96355    8.96355    8.96225    8.95964    8.95574    8.95053    8.94402    8.93622    8.92711    8.91671    8.90500    8.89201    8.87772    8.86214    8.84526    8.82710    8.80765    8.78692    8.76490    8.74161    8.71704    8.69119    8.66407    8.63569    8.60604    8.57513    8.54296    8.50953    8.47486    8.43894    8.40178    8.36338    8.32375    8.28289    8.24081    8.19750    8.15299    8.10727    8.06034    8.01222    7.96291    7.91241    7.86073    7.80788    7.75387    7.69869    7.64237    7.58490    7.52629    7.46655    7.40569    7.34371    7.28063    7.21644    7.15117    7.08481    7.01738    6.94888    6.87933    6.80873    6.73709    6.66443    6.59075    6.51606    6.44037    6.36369    6.28603    6.20741    6.12783    6.04731    5.96585    5.88347    5.80018    5.71599    5.63091    5.54496    5.45814    5.37048    5.28197    5.19264    5.10250    5.01155    4.91982    4.82732    4.73406    4.64005    4.54531    4.44986    4.35370    4.25685    4.15933    4.06115    3.96232    3.86287    3.76280    3.66213    3.56087    3.45905    3.35668    3.25377    3.15034    3.04640    2.94198    2.83709    2.73174    2.62595    2.51974    2.41312    2.30611    2.19874    2.09100    1.98294    1.87455    1.76585    1.65688    1.54763    1.43814    1.32841    1.21847    1.10833    0.99801    0.88752    0.77690    0.66615    0.55529    0.44434    0.33332    0.22224    0.11113    0.00000
   0.00000    0.11331    0.22660    0.33985    0.45305    0.56618    0.67921    0.79213    0.90492    1.01757    1.13005    1.24235    1.35445    1.46632    1.57796    1.68935    1.80046    1.91128    2.02179    2.13197    2.24181    2.35129    2.46039    2.56909    2.67737    2.78523    2.89264    2.99958    3.10604    3.21200    3.31745    3.42237    3.52674    3.63054    3.73377    3.83640    3.93841    4.03980    4.14055    4.24064    4.34006    4.43879    4.53681    4.63412    4.73070    4.82653    4.92160    5.01589    5.10940    5.20210    5.29399    5.38504    5.47526    5.56462    5.65311    5.74073    5.82744    5.91326    5.99815    6.08212    6.16515    6.24722    6.32833    6.40846    6.48761    6.56575    6.64290    6.71902    6.79412    6.86817    6.94118    7.01313    7.08401    7.15382    7.22254    7.29016    7.35669    7.42209    7.48638    7.54954    7.61156    7.67244    7.73217    7.79073    7.84813    7.90435    7.95939    8.01324    8.06590    8.11736    8.16761    8.21664    8.26446    8.31105    8.35640    8.40053    8.44341    8.48504    8.52542    8.56455    8.60241    8.63901    8.67434    8.70839    8.74117    8.77266    8.80287    8.83179    8.85942    8.88575    8.91079    8.93452    8.95695    8.97808    8.99789    9.01640    9.03359    9.04946    9.06402    9.07726    9.08918    9.09978    9.10906    9.11702    9.12365    9.12895    9.13293    9.13558    9.13691    9.13691    9.13558    9.13293    9.12895    9.12365    9.11702    9.10906    9.09978    9.08918    9.07726    9.06402    9.04946    9.03359    9.01640    8.99789    8.97808    8.95695    8.93452    8.91079    8.88575    8.85942    8.83179    8.80287    8.77266    8.74117    8.70839    8.67434    8.63901    8.60241    8.56455    8.52542    8.48504    8.44341    8.40053    8.35640    8.31105    8.26446    8.21664    8.16761    8.11736    8.06590    8.01324    7.95939    7.90435    7.84813    7.79073    7.73217    7.67244    7.61156    7.54954    7.48638    7.42209    7.35669    7.29016    7.22254    7.15382    7.08401    7.01313    6.94118    6.86817    6.79412    6.71902    6.64290    6.56575    6.48761    6.40846    6.32833    6.24722    6.16515    6.08212    5.99815    5.91326    5.82744    5.74073    5.65311    5.56462    5.47526    5.38504    5.29399    5.20210    5.10940    5.01589    4.92160    4.82653    4.73070    4.63412    4.53681    4.43879    4.34006    4.24064    4.14055    4.03980    3.93841    3.83640    3.73377    3.63054    3.52674    3.42237    3.31745    3.21200    3.10604    2.99958    2.89264    2.78523    2.67737    2.56909    2.46039    2.35129    2.24181    2.13197    2.02179    1.91128    1.80046    1.68935    1.57796    1.46632    1.35445    1.24235    1.13005    1.01757    0.90492    0.79213    0.67921    0.56618    0.45305    0.33985    0.22660    0.11331    0.00000
   0.00000    0.11551    0.23099    0.34644    0.46184    0.57715    0.69238    0.80749    0.92247    1.03730    1.15196    1.26644    1.38071    1.49475    1.60855    1.72209    1.83536    1.94832    2.06097    2.17328    2.28525    2.39684    2.50805    2.61885    2.72923    2.83917    2.94865    3.05766    3.16618    3.27418    3.38167    3.48860    3.59499    3.70079    3.80600    3.91061    4.01459    4.11793    4.22061    4.32263    4.42395    4.52458    4.62449    4.72366    4.82209    4.91976    5.01665    5.11275    5.20804    5.30252    5.39616    5.48896    5.58090    5.67197    5.76215    5.85143    5.93980    6.02725    6.11377    6.19933    6.28393    6.36757    6.45022    6.53187    6.61252    6.69215    6.77076    6.84832    6.92484    7.00030    7.07469    7.14800    7.22022    7.29135    7.36137    7.43027    7.49804    7.56469    7.63019    7.69454    7.75773    7.81975    7.88060    7.94026    7.99874    8.05602    8.11209    8.16695    8.22060    8.27302    8.32421    8.37416    8.42287    8.47034    8.51654    8.56149    8.60517    8.64758    8.68872    8.72857    8.76715    8.80443    8.84041    8.87510    8.90849    8.94057    8.97135    9.00081    9.02895    9.05577    9.08127    9.10545    9.12830    9.14981    9.17000    9.18885    9.20636    9.22253    9.23736    9.25084    9.26299    9.27378    9.28323    9.29134    9.29809    9.30349    9.30754    9.31025    9.31160    9.31160    9.31025    9.30754    9.30349    9.29809    9.29134    9.28323    9.27378    9.26299    9.25084    9.23736    9.22253    9.20636    9.18885    9.17000    9.14981    9.12830    9.10545    9.08127    9.05577    9.02895    9.00081    8.97135    8.94057    8.90849    8.87510    8.84041    8.80443    8.76715    8.72857    8.68872    8.64758    8.60517    8.56149    8.51654    8.47034    8.42287    8.37416    8.32421    8.27302    8.22060    8.16695    8.11209    8.05602    7.99874    7.94026    7.88060    7.81975    7.75773    7.69454    7.63019    7.56469    7.49804    7.43027    7.36137    7.29135    7.22022    7.14800    7.07469    7.00030    6.92484    6.84832    6.77076    6.69215    6.61252    6.53187    6.45022    6.36757    6.28393    6.19933    6.11377    6.02725    5.93980    5.85143    5.76215    5.67197    5.58090    5.48896    5.39616    5.30252    5.20804    5.11275    5.01665    4.91976    4.82209    4.72366    4.62449    4.52458    4.42395    4.32263    4.22061    4.11793    4.01459    3.91061    3.80600    3.70079    3.59499    3.48860    3.38167    3.27418    3.16618    3.05766    2.94865    2.83917    2.72923    2.61885    2.50805    2.39684    2.28525    2.17328    2.06097    1.94832    1.83536    1.72209    1.60855    1.49475    1.38071    1.26644    1.15196    1.03730    0.92247    0.80749    0.69238    0.57715    0.46184    0.34644    0.23099    0.11551    0.00000
   0.00000    0.11772    0.23543    0.35309    0.47070    0.58823    0.70566    0.82298    0.94017    1.05720    1.17406    1.29073    1.40719    1.52342    1.63940    1.75512    1.87055    1.98568    2.10048    2.21495    2.32906    2.44279    2.55612    2.66904    2.78153    2.89357    3.00515    3.11623    3.22682    3.33689    3.44642    3.55540    3.66381    3.77163    3.87885    3.98545    4.09141    4.19671    4.30135    4.40530    4.50855    4.61109    4.71289    4.81395    4.91425    5.01376    5.11249    5.21041    5.30751    5.40377    5.49919    5.59374    5.68742    5.78020    5.87208    5.96305    6.05309    6.14218    6.23033    6.31750    6.40370    6.48890    6.57310    6.65629    6.73845    6.81958    6.89966    6.97868    7.05663    7.13350    7.20928    7.28396    7.35754    7.42999    7.50131    7.57150    7.64054    7.70842    7.77514    7.84069    7.90506    7.96823    8.03021    8.09099    8.15055    8.20889    8.26600    8.32188    8.37652    8.42992    8.48205    8.53293    8.58254    8.63088    8.67794    8.72372    8.76821    8.81141    8.85330    8.89389    8.93317    8.97114    9.00779    9.04312    9.07712    9.10980    9.14114    9.17114    9.19980    9.22712    9.25309    9.27771    9.30097    9.32289    9.34344    9.36263    9.38047    9.39694    9.41204    9.42577    9.43814    9.44913    9.45876    9.46701    9.47388    9.47939    9.48351    9.48626    9.48764    9.48764    9.48626    9.48351    9.47939    9.47388    9.46701    9.45876    9.44913    9.43814    9.42577    9.41204    9.39694    9.38047    9.36263    9.34344    9.32289    9.30097    9.27771    9.25309    9.22712    9.19980    9.17114    9.14114    9.10980    9.07712    9.04312    9.00779    8.97114    8.93317    8.89389    8.85330    8.81141    8.76821    8.72372    8.67794    8.63088    8.58254    8.53293    8.48205    8.42992    8.37652    8.32188    8.26600    8.20889    8.15055    8.09099    8.03021    7.96823    7.90506    7.84069    7.77514    7.70842    7.64054    7.57150    7.50131    7.42999    7.35754    7.28396    7.20928    7.13350    7.05663    6.97868    6.89966    6.81958    6.73845    6.65629    6.57310    6.48890    6.40370    6.31750    6.23033    6.14218    6.05309    5.96305    5.87208    5.78020    5.68742    5.59374    5.49919    5.40377    5.30751    5.21041    5.11249    5.01376    4.91425    4.81395    4.71289    4.61109    4.50855    4.40530    4.30135    4.19671    4.09141    3.98545    3.87885    3.77163    3.66381    3.55540    3.44642    3.33689    3.22682    3.11623    3.00515    2.89357    2.78153    2.66904    2.55612    2.44279    2.32906    2.21495    2.10048    1.98568    1.87055    1.75512    1.63940    1.52342    1.40719    1.29073    1.17406    1.05720    0.94017    0.82298    0.70566    0.58823    0.47070    0.35309    0.23543    0.11772    0.00000
   0.00000    0.11996    0.23990    0.35979    0.47963    0.59940    0.71906    0.83861    0.95802    1.07727    1.19635    1.31523    1.43390    1.55234    1.67052    1.78843    1.90605    2.02336    2.14034    2.25697    2.37324    2.48912    2.60460    2.71966    2.83428    2.94844    3.06212    3.17531    3.28799    3.40014    3.51174    3.62277    3.73322    3.84308    3.95232    4.06092    4.16888    4.27616    4.38277    4.48868    4.59387    4.69833    4.80205    4.90500    5.00718    5.10856    5.20914    5.30889    5.40781    5.50588    5.60308    5.69940    5.79482    5.88934    5.98294    6.07560    6.16732    6.25807    6.34786    6.43665    6.52445    6.61124    6.69701    6.78174    6.86543    6.94806    7.02962    7.11010    7.18950    7.26779    7.34497    7.42104    7.49597    7.56976    7.64240    7.71388    7.78419    7.85333    7.92128    7.98803    8.05358    8.11792    8.18103    8.24292    8.30358    8.36299    8.42115    8.47806    8.53370    8.58807    8.64116    8.69297    8.74349    8.79271    8.84063    8.88725    8.93255    8.97653    9.01919    9.06052    9.10052    9.13918    9.17650    9.21247    9.24709    9.28036    9.31227    9.34281    9.37200    9.39981    9.42625    9.45132    9.47501    9.49732    9.51825    9.53779    9.55595    9.57271    9.58809    9.60207    9.61466    9.62586    9.63565    9.64405    9.65106    9.65666    9.66086    9.66366    9.66506    9.66506    9.66366    9.66086    9.65666    9.65106    9.64405    9.63565    9.62586    9.61466    9.60207    9.58809    9.57271    9.55595    9.53779    9.51825    9.49732    9.47501    9.45132    9.42625    9.39981    9.37200    9.34281    9.31227    9.28036    9.24709    9.21247    9.17650    9.13918    9.10052    9.06052    9.01919    8.97653    8.93255    8.88725    8.84063    8.79271    8.74349    8.69297    8.64116    8.58807    8.53370    8.47806    8.42115    8.36299    8.30358    8.24292    8.18103    8.11792    8.05358    7.98803    7.92128    7.85333    7.78419    7.71388    7.64240    7.56976    7.49597    7.42104    7.34497    7.26779    7.18950    7.11010    7.02962    6.94806    6.86543    6.78174    6.69701    6.61124    6.52445    6.43665    6.34786    6.25807    6.16732    6.07560    5.98294    5.88934    5.79482    5.69940    5.60308    5.50588    5.40781    5.30889    5.20914    5.10856    5.00718    4.90500    4.80205    4.69833    4.59387    4.48868    4.38277    4.27616    4.16888    4.06092    3.95232    3.84308    3.73322    3.62277    3.51174    3.40014    3.28799    3.17531    3.06212    2.94844    2.83428    2.71966    2.60460    2.48912    2.37324    2.25697    2.14034    2.02336    1.90605    1.78843    1.67052    1.55234    1.43390    1.31523    1.19635    1.07727    0.95802    0.83861    0.71906    0.59940    0.47963    0.35979    0.23990    0.11996    0.00000
   0.00000    0.12221    0.24441    0.36656    0.48865    0.61066    0.73258    0.85437    0.97602    1.09752    1.21883    1.33995    1.46085    1.58151    1.70191    1.82203    1.94186    2.06137    2.18054    2.29937    2.41781    2.53587    2.65351    2.77072    2.88749    3.00378    3.11959    3.23490    3.34968    3.46393    3.57761    3.69072    3.80324    3.91514    4.02642    4.13705    4.24701    4.35630    4.46489    4.57277    4.67992    4.78633    4.89197    4.99683    5.10091    5.20417    5.30661    5.40822    5.50897    5.60885    5.70785    5.80595    5.90314    5.99940    6.09473    6.18910    6.28251    6.37494    6.46637    6.55680    6.64622    6.73460    6.82195    6.90823    6.99346    7.07760    7.16066    7.24262    7.32347    7.40319    7.48179    7.55924    7.63554    7.71068    7.78465    7.85743    7.92903    7.99942    8.06860    8.13657    8.20331    8.26882    8.33309    8.39610    8.45786    8.51835    8.57756    8.63550    8.69215    8.74750    8.80155    8.85430    8.90573    8.95584    9.00463    9.05209    9.09820    9.14298    9.18641    9.22848    9.26920    9.30856    9.34655    9.38317    9.41841    9.45228    9.48476    9.51586    9.54556    9.57388    9.60079    9.62631    9.65043    9.67314    9.69444    9.71433    9.73282    9.74988    9.76553    9.77977    9.79258    9.80398    9.81395    9.82250    9.82963    9.83533    9.83961    9.84246    9.84389    9.84389    9.84246    9.83961    9.83533    9.82963    9.82250    9.81395    9.80398    9.79258    9.77977    9.76553    9.74988    9.73282    9.71433    9.69444    9.67314    9.65043    9.62631    9.60079    9.57388    9.54556    9.51586    9.48476    9.45228    9.41841    9.38317    9.34655    9.30856    9.26920    9.22848    9.18641    9.14298    9.09820    9.05209    9.00463    8.95584    8.90573    8.85430    8.80155    8.74750    8.69215    8.63550    8.57756    8.51835    8.45786    8.39610    8.33309    8.26882    8.20331    8.13657    8.06860    7.99942    7.92903    7.85743    7.78465    7.71068    7.63554    7.55924    7.48179    7.40319    7.32347    7.24262    7.16066    7.07760    6.99346    6.90823    6.82195    6.73460    6.64622    6.55680    6.46637    6.37494    6.28251    6.18910    6.09473    5.99940    5.90314    5.80595    5.70785    5.60885    5.50897    5.40822    5.30661    5.20417    5.10091    4.99683    4.89197    4.78633    4.67992    4.57277    4.46489    4.35630    4.24701    4.13705    4.02642    3.91514    3.80324    3.69072    3.57761    3.46393    3.34968    3.23490    3.11959    3.00378    2.88749    2.77072    2.65351    2.53587    2.41781    2.29937    2.18054    2.06137    1.94186    1.82203    1.70191    1.58151    1.46085    1.33995    1.21883    1.09752    0.97602    0.85437    0.73258    0.61066    0.48865    0.36656    0.24441    0.12221    0.00000
   0.00000    0.12449    0.24896    0.37338    0.49775    0.62203    0.74621    0.87027    0.99419    1.11794    1.24152    1.36489    1.48803    1.61093    1.73357    1.85593    1.97798    2.09971    2.22110    2.34213    2.46278    2.58302    2.70285    2.82223    2.94116    3.05962    3.17757    3.29501    3.41192    3.52828    3.64407    3.75927    3.87386    3.98783    4.10117    4.21384    4.32583    4.43714    4.54773    4.65760    4.76672    4.87508    4.98267    5.08946    5.19545    5.30061    5.40493    5.50840    5.61099    5.71270    5.81351    5.91341    6.01238    6.11040    6.20747    6.30357    6.39868    6.49279    6.58590    6.67797    6.76902    6.85901    6.94794    7.03580    7.12257    7.20824    7.29281    7.37625    7.45856    7.53973    7.61975    7.69860    7.77628    7.85278    7.92808    8.00218    8.07506    8.14672    8.21715    8.28635    8.35429    8.42097    8.48639    8.55054    8.61340    8.67498    8.73525    8.79423    8.85189    8.90824    8.96326    9.01695    9.06930    9.12030    9.16996    9.21826    9.26521    9.31078    9.35498    9.39781    9.43925    9.47931    9.51798    9.55525    9.59112    9.62559    9.65865    9.69029    9.72053    9.74934    9.77674    9.80271    9.82725    9.85037    9.87205    9.89229    9.91110    9.92847    9.94440    9.95889    9.97193    9.98353    9.99368   10.00238   10.00963   10.01544   10.01979   10.02269   10.02414   10.02414   10.02269   10.01979   10.01544   10.00963   10.00238    9.99368    9.98353    9.97193    9.95889    9.94440    9.92847    9.91110    9.89229    9.87205    9.85037    9.82725    9.80271    9.77674    9.74934    9.72053    9.69029    9.65865    9.62559    9.59112    9.55525    9.51798    9.47931    9.43925    9.39781    9.35498    9.31078    9.26521    9.21826    9.16996    9.12030    9.06930    9.01695    8.96326    8.90824    8.85189    8.79423    8.73525    8.67498    8.61340    8.55054    8.48639    8.42097    8.35429    8.28635    8.21715    8.14672    8.07506    8.00218    7.92808    7.85278    7.77628    7.69860    7.61975    7.53973    7.45856    7.37625    7.29281    7.20824    7.12257    7.03580    6.94794    6.85901    6.76902    6.67797    6.58590    6.49279    6.39868    6.30357    6.20747    6.11040    6.01238    5.91341    5.81351    5.71270    5.61099    5.50840    5.40493    5.30061    5.19545    5.08946    4.98267    4.87508    4.76672    4.65760    4.54773    4.43714    4.32583    4.21384    4.10117    3.98783    3.87386    3.75927    3.64407    3.52828    3.41192    3.29501    3.17757    3.05962    2.94116    2.82223    2.70285    2.58302    2.46278    2.34213    2.22110    2.09971    1.97798    1.85593    1.73357    1.61093    1.48803    1.36489    1.24152    1.11794    0.99419    0.87027    0.74621    0.62203    0.49775    0.37338    0.24896    0.12449    0.00000
   0.00000    0.12678    0.25355    0.38027    0.50692    0.63350    0.75997    0.88632    1.01252    1.13855    1.26440    1.39005    1.51546    1.64063    1.76552    1.89013    2.01443    2.13840    2.26203    2.38528    2.50814    2.63060    2.75263    2.87421    2.99532    3.11594    3.23606    3.35566    3.47471    3.59320    3.71111    3.82842    3.94511    4.06117    4.17657    4.29130    4.40535    4.51868    4.63129    4.74316    4.85428    4.96461    5.07416    5.18290    5.29081    5.39788    5.50410    5.60945    5.71390    5.81746    5.92010    6.02181    6.12257    6.22236    6.32119    6.41902    6.51585    6.61166    6.70645    6.80018    6.89287    6.98448    7.07501    7.16445    7.25278    7.33999    7.42607    7.51101    7.59480    7.67743    7.75887    7.83914    7.91821    7.99607    8.07272    8.14814    8.22232    8.29526    8.36695    8.43737    8.50652    8.57439    8.64097    8.70626    8.77024    8.83291    8.89425    8.95427    9.01296    9.07030    9.12629    9.18093    9.23421    9.28612    9.33665    9.38581    9.43358    9.47995    9.52494    9.56852    9.61069    9.65145    9.69080    9.72873    9.76523    9.80030    9.83394    9.86615    9.89691    9.92624    9.95411    9.98054   10.00551   10.02903   10.05109   10.07169   10.09083   10.10851   10.12471   10.13945   10.15272   10.16452   10.17485   10.18371   10.19109   10.19699   10.20142   10.20437   10.20585   10.20585   10.20437   10.20142   10.19699   10.19109   10.18371   10.17485   10.16452   10.15272   10.13945   10.12471   10.10851   10.09083   10.07169   10.05109   10.02903   10.00551    9.98054    9.95411    9.92624    9.89691    9.86615    9.83394    9.80030    9.76523    9.72873    9.69080    9.65145    9.61069    9.56852    9.52494    9.47995    9.43358    9.38581    9.33665    9.28612    9.23421    9.18093    9.12629    9.07030    9.01296    8.95427    8.89425    8.83291    8.77024    8.70626    8.64097    8.57439    8.50652    8.43737    8.36695    8.29526    8.22232    8.14814    8.07272    7.99607    7.91821    7.83914    7.75887    7.67743    7.59480    7.51101    7.42607    7.33999    7.25278    7.16445    7.07501    6.98448    6.89287    6.80018    6.70645    6.61166    6.51585    6.41902    6.32119    6.22236    6.12257    6.02181    5.92010    5.81746    5.71390    5.60945    5.50410    5.39788    5.29081    5.18290    5.07416    4.96461    4.85428    4.74316    4.63129    4.51868    4.40535    4.29130    4.17657    4.06117    3.94511    3.82842    3.71111    3.59320    3.47471    3.35566    3.23606    3.11594    2.99532    2.87421    2.75263    2.63060    2.50814    2.38528    2.26203    2.13840    2.01443    1.89013    1.76552    1.64063    1.51546    1.39005    1.26440    1.13855    1.01252    0.88632    0.75997    0.63350    0.50692    0.38027    0.25355    0.12678    0.00000
   0.00000    0.12910    0.25818    0.38721    0.51619    0.64507    0.77385    0.90251    1.03101    1.15935    1.28750    1.41543    1.54314    1.67059    1.79776    1.92464    2.05121    2.17744    2.30332    2.42882    2.55392    2.67860    2.80285    2.92664    3.04996    3.17278    3.29508    3.41685    3.53807    3.65871    3.77876    3.89819    4.01700    4.13516    4.25265    4.36946    4.48557    4.60095    4.71560    4.82949    4.94261    5.05494    5.16646    5.27716    5.38701    5.49602    5.60414    5.71138    5.81772    5.92314    6.02762    6.13115    6.23372    6.33530    6.43589    6.53548    6.63404    6.73157    6.82804    6.92345    7.01779    7.11103    7.20318    7.29421    7.38411    7.47287    7.56048    7.64693    7.73221    7.81629    7.89919    7.98087    8.06134    8.14058    8.21858    8.29533    8.37083    8.44505    8.51800    8.58967    8.66004    8.72910    8.79685    8.86329    8.92839    8.99216    9.05458    9.11565    9.17537    9.23371    9.29069    9.34628    9.40049    9.45331    9.50472    9.55474    9.60334    9.65053    9.69629    9.74063    9.78354    9.82502    9.86505    9.90363    9.94077    9.97645   10.01068   10.04345   10.07474   10.10458   10.13294   10.15982   10.18523   10.20915   10.23160   10.25256   10.27203   10.29001   10.30650   10.32149   10.33499   10.34700   10.35750   10.36651   10.37402   10.38003   10.38453   10.38754   10.38904   10.38904   10.38754   10.38453   10.38003   10.37402   10.36651   10.35750   10.34700   10.33499   10.32149   10.30650   10.29001   10.27203   10.25256   10.23160   10.20915   10.18523   10.15982   10.13294   10.10458   10.07474   10.04345   10.01068    9.97645    9.94077    9.90363    9.86505    9.82502    9.78354    9.74063    9.69629    9.65053    9.60334    9.55474    9.50472    9.45331    9.40049    9.34628    9.29069    9.23371    9.17537    9.11565    9.05458    8.99216    8.92839    8.86329    8.79685    8.72910    8.66004    8.58967    8.51800    8.44505    8.37083    8.29533    8.21858    8.14058    8.06134    7.98087    7.89919    7.81629    7.73221    7.64693    7.56048    7.47287    7.38411    7.29421    7.20318    7.11103    7.01779    6.92345    6.82804    6.73157    6.63404    6.53548    6.43589    6.33530    6.23372    6.13115    6.02762    5.92314    5.81772    5.71138    5.60414    5.49602    5.38701    5.27716    5.16646    5.05494    4.94261    4.82949    4.71560    4.60095    4.48557    4.36946    4.25265    4.13516    4.01700    3.89819    3.77876    3.65871    3.53807    3.41685    3.29508    3.17278    3.04996    2.92664    2.80285    2.67860    2.55392    2.42882    2.30332    2.17744    2.05121    1.92464    1.79776    1.67059    1.54314    1.41543    1.28750    1.15935    1.03101    0.90251    0.77385    0.64507    0.51619    0.38721    0.25818    0.12910    0.00000
   0.00000    0.13144    0.26285    0.39422    0.52553    0.65675    0.78787    0.91885    1.04968    1.18034    1.31080    1.44105    1.57107    1.70082    1.83030    1.95947    2.08833    2.21684    2.34499    2.47275    2.60011    2.72705    2.85353    2.97956    3.10510    3.23013    3.35464    3.47860    3.60199    3.72480    3.84701    3.96860    4.08954    4.20982    4.32942    4.44832    4.56651    4.68396    4.80066    4.91659    5.03173    5.14607    5.25959    5.37226    5.48408    5.59502    5.70508    5.81423    5.92246    6.02975    6.13609    6.24146    6.34585    6.44924    6.55161    6.65296    6.75327    6.85252    6.95070    7.04780    7.14380    7.23869    7.33246    7.42509    7.51658    7.60691    7.69606    7.78403    7.87080    7.95636    8.04071    8.12383    8.20570    8.28633    8.36570    8.44379    8.52060    8.59613    8.67035    8.74326    8.81486    8.88513    8.95406    9.02165    9.08788    9.15276    9.21626    9.27840    9.33914    9.39850    9.45646    9.51302    9.56817    9.62190    9.67420    9.72508    9.77452    9.82253    9.86908    9.91419    9.95783   10.00002   10.04074   10.07999   10.11777   10.15407   10.18888   10.22221   10.25405   10.28439   10.31324   10.34058   10.36643   10.39076   10.41359   10.43491   10.45471   10.47300   10.48978   10.50503   10.51876   10.53097   10.54166   10.55082   10.55846   10.56457   10.56915   10.57220   10.57373   10.57373   10.57220   10.56915   10.56457   10.55846   10.55082   10.54166   10.53097   10.51876   10.50503   10.48978   10.47300   10.45471   10.43491   10.41359   10.39076   10.36643   10.34058   10.31324   10.28439   10.25405   10.22221   10.18888   10.15407   10.11777   10.07999   10.04074   10.00002    9.95783    9.91419    9.86908    9.82253    9.77452    9.72508    9.67420    9.62190    9.56817    9.51302    9.45646    9.39850    9.33914    9.27840    9.21626    9.15276    9.08788    9.02165    8.95406    8.88513    8.81486    8.74326    8.67035    8.59613    8.52060    8.44379    8.36570    8.28633    8.20570    8.12383    8.04071    7.95636    7.87080    7.78403    7.69606    7.60691    7.51658    7.42509    7.33246    7.23869    7.14380    7.04780    6.95070    6.85252    6.75327    6.65296    6.55161    6.44924    6.34585    6.24146    6.13609    6.02975    5.92246    5.81423    5.70508    5.59502    5.48408    5.37226    5.25959    5.14607    5.03173    4.91659    4.80066    4.68396    4.56651    4.44832    4.32942    4.20982    4.08954    3.96860    3.84701    3.72480    3.60199    3.47860    3.35464    3.23013    3.10510    2.97956    2.85353    2.72705    2.60011    2.47275    2.34499    2.21684    2.08833    1.95947    1.83030    1.70082    1.57107    1.44105    1.31080    1.18034    1.04968    0.91885    0.78787    0.65675    0.52553    0.39422    0.26285    0.13144    0.00000
   0.00000    0.13380    0.26757    0.40130    0.53496    0.66854    0.80201    0.93534    1.06852    1.20152    1.33433    1.46691    1.59925    1.73134    1.86313    1.99462    2.12578    2.25660    2.38704    2.51709    2.64673    2.77593    2.90468    3.03296    3.16074    3.28801    3.41474    3.54091    3.66651    3.79151    3.91589    4.03964    4.16274    4.28516    4.40689    4.52790    4.64819    4.76773    4.88650    5.00448    5.12167    5.23803    5.35355    5.46822    5.58202    5.69492    5.80692    5.91800    6.02814    6.13732    6.24553    6.35276    6.45898    6.56419    6.66836    6.77149    6.87355    6.97455    7.07445    7.17324    7.27093    7.36748    7.46288    7.55713    7.65021    7.74211    7.83282    7.92232    8.01060    8.09765    8.18346    8.26802    8.35132    8.43335    8.51409    8.59353    8.67167    8.74850    8.82401    8.89818    8.97101    9.04249    9.11261    9.18136    9.24874    9.31473    9.37933    9.44252    9.50432    9.56469    9.62365    9.68117    9.73726    9.79191    9.84512    9.89686    9.94715    9.99597   10.04332   10.08920   10.13359   10.17650   10.21791   10.25783   10.29625   10.33317   10.36857   10.40247   10.43485   10.46571   10.49504   10.52285   10.54914   10.57389   10.59710   10.61878   10.63892   10.65752   10.67458   10.69009   10.70405   10.71647   10.72734   10.73666   10.74442   10.75064   10.75530   10.75840   10.75996   10.75996   10.75840   10.75530   10.75064   10.74442   10.73666   10.72734   10.71647   10.70405   10.69009   10.67458   10.65752   10.63892   10.61878   10.59710   10.57389   10.54914   10.52285   10.49504   10.46571   10.43485   10.40247   10.36857   10.33317   10.29625   10.25783   10.21791   10.17650   10.13359   10.08920   10.04332    9.99597    9.94715    9.89686    9.84512    9.79191    9.73726    9.68117    9.62365    9.56469    9.50432    9.44252    9.37933    9.31473    9.24874    9.18136    9.11261    9.04249    8.97101    8.89818    8.82401    8.74850    8.67167    8.59353    8.51409    8.43335    8.35132    8.26802    8.18346    8.09765    8.01060    7.92232    7.83282    7.74211    7.65021    7.55713    7.46288    7.36748    7.27093    7.17324    7.07445    6.97455    6.87355    6.77149    6.66836    6.56419    6.45898    6.35276    6.24553    6.13732    6.02814    5.91800    5.80692    5.69492    5.58202    5.46822    5.35355    5.23803    5.12167    5.00448    4.88650    4.76773    4.64819    4.52790    4.40689    4.28516    4.16274    4.03964    3.91589    3.79151    3.66651    3.54091    3.41474    3.28801    3.16074    3.03296    2.90468    2.77593    2.64673    2.51709    2.38704    2.25660    2.12578    1.99462    1.86313    1.73134    1.59925    1.46691    1.33433    1.20152    1.06852    0.93534    0.80201    0.66854    0.53496    0.40130    0.26757    0.13380    0.00000
   0.00000    0.13618    0.27233    0.40844    0.54449    0.68044    0.81628    0.95198    1.08753    1.22290    1.35807    1.49301    1.62771    1.76214    1.89627    2.03010    2.16359    2.29673    2.42948    2.56184    2.69378    2.82528    2.95631    3.08686    3.21690    3.34642    3.47539    3.60380    3.73162    3.85883    3.98541    4.11134    4.23661    4.36119    4.48506    4.60821    4.73062    4.85226    4.97312    5.09318    5.21242    5.33083    5.44838    5.56505    5.68084    5.79573    5.90969    6.02271    6.13477    6.24586    6.35596    6.46505    6.57313    6.68017    6.78616    6.89108    6.99492    7.09766    7.19930    7.29981    7.39918    7.49740    7.59446    7.69034    7.78503    7.87852    7.97079    8.06183    8.15163    8.24019    8.32747    8.41349    8.49822    8.58165    8.66377    8.74458    8.82406    8.90220    8.97900    9.05444    9.12851    9.20121    9.27253    9.34245    9.41098    9.47809    9.54379    9.60806    9.67090    9.73231    9.79226    9.85076    9.90781    9.96338   10.01748   10.07011   10.12125   10.17089   10.21904   10.26569   10.31084   10.35447   10.39658   10.43717   10.47624   10.51378   10.54978   10.58424   10.61717   10.64855   10.67838   10.70665   10.73338   10.75854   10.78215   10.80419   10.82467   10.84358   10.86093   10.87670   10.89090   10.90352   10.91457   10.92405   10.93194   10.93826   10.94300   10.94616   10.94774   10.94774   10.94616   10.94300   10.93826   10.93194   10.92405   10.91457   10.90352   10.89090   10.87670   10.86093   10.84358   10.82467   10.80419   10.78215   10.75854   10.73338   10.70665   10.67838   10.64855   10.61717   10.58424   10.54978   10.51378   10.47624   10.43717   10.39658   10.35447   10.31084   10.26569   10.21904   10.17089   10.12125   10.07011   10.01748    9.96338    9.90781    9.85076    9.79226    9.73231    9.67090    9.60806    9.54379    9.47809    9.41098    9.34245    9.27253    9.20121    9.12851    9.05444    8.97900    8.90220    8.82406    8.74458    8.66377    8.58165    8.49822    8.41349    8.32747    8.24019    8.15163    8.06183    7.97079    7.87852    7.78503    7.69034    7.59446    7.49740    7.39918    7.29981    7.19930    7.09766    6.99492    6.89108    6.78616    6.68017    6.57313    6.46505    6.35596    6.24586    6.13477    6.02271    5.90969    5.79573    5.68084    5.56505    5.44838    5.33083    5.21242    5.09318    4.97312    4.85226    4.73062    4.60821    4.48506    4.36119    4.23661    4.11134    3.98541    3.85883    3.73162    3.60380    3.47539    3.34642    3.21690    3.08686    2.95631    2.82528    2.69378    2.56184    2.42948    2.29673    2.16359    2.03010    1.89627    1.76214    1.62771    1.49301    1.35807    1.22290    1.08753    0.95198    0.81628    0.68044    0.54449    0.40844    0.27233    0.13618    0.00000
   0.00000    0.13858    0.27714    0.41565    0.55410    0.69245    0.83069    0.96879    1.10673    1.24448    1.38203    1.51936    1.65643    1.79323    1.92973    2.06591    2.20175    2.33723    2.47233    2.60702    2.74128    2.87508    3.00842    3.14126    3.27359    3.40538    3.53662    3.66728    3.79734    3.92677    4.05557    4.18371    4.31117    4.43793    4.56397    4.68927    4.81381    4.93758    5.06054    5.18269    5.30401    5.42448    5.54407    5.66278    5.78058    5.89746    6.01339    6.12837    6.24238    6.35539    6.46740    6.57838    6.68832    6.79720    6.90502    7.01175    7.11738    7.22189    7.32527    7.42751    7.52859    7.62850    7.72722    7.82475    7.92106    8.01614    8.10999    8.20259    8.29392    8.38398    8.47276    8.56024    8.64641    8.73126    8.81478    8.89696    8.97779    9.05726    9.13535    9.21207    9.28740    9.36133    9.43385    9.50495    9.57463    9.64288    9.70968    9.77504    9.83894    9.90137    9.96233   10.02182   10.07982   10.13633   10.19133   10.24484   10.29683   10.34731   10.39627   10.44370   10.48960   10.53395   10.57677   10.61804   10.65776   10.69592   10.73253   10.76757   10.80104   10.83294   10.86326   10.89201   10.91918   10.94477   10.96877   10.99118   11.01199   11.03122   11.04885   11.06488   11.07932   11.09215   11.10339   11.11302   11.12104   11.12747   11.13228   11.13550   11.13710   11.13710   11.13550   11.13228   11.12747   11.12104   11.11302   11.10339   11.09215   11.07932   11.06488   11.04885   11.03122   11.01199   10.99118   10.96877   10.94477   10.91918   10.89201   10.86326   10.83294   10.80104   10.76757   10.73253   10.69592   10.65776   10.61804   10.57677   10.53395   10.48960   10.44370   10.39627   10.34731   10.29683   10.24484   10.19133   10.13633   10.07982   10.02182    9.96233    9.90137    9.83894    9.77504    9.70968    9.64288    9.57463    9.50495    9.43385    9.36133    9.28740    9.21207    9.13535    9.05726    8.97779    8.89696    8.81478    8.73126    8.64641    8.56024    8.47276    8.38398    8.29392    8.20259    8.10999    8.01614    7.92106    7.82475    7.72722    7.62850    7.52859    7.42751    7.32527    7.22189    7.11738    7.01175    6.90502    6.79720    6.68832    6.57838    6.46740    6.35539    6.24238    6.12837    6.01339    5.89746    5.78058    5.66278    5.54407    5.42448    5.30401    5.18269    5.06054    4.93758    4.81381    4.68927    4.56397    4.43793    4.31117    4.18371    4.05557    3.92677    3.79734    3.66728    3.53662    3.40538    3.27359    3.14126    3.00842    2.87508    2.74128    2.60702    2.47233    2.33723    2.20175    2.06591    1.92973    1.79323    1.65643    1.51936    1.38203    1.24448    1.10673    0.96879    0.83069    0.69245    0.55410    0.41565    0.27714    0.13858    0.00000
   0.00000    0.14101    0.28199    0.42293    0.56380    0.70458    0.84523    0.98575    1.12610    1.26627    1.40623    1.54595    1.68542    1.82461    1.96350    2.10206    2.24028    2.37813    2.51558    2.65262    2.78922    2.92536    3.06103    3.19618    3.33082    3.46490    3.59842    3.73135    3.86367    3.99536    4.12640    4.25676    4.38643    4.51539    4.64362    4.77109    4.89778    5.02369    5.14878    5.27305    5.39646    5.51900    5.64066    5.76141    5.88124    6.00013    6.11806    6.23502    6.35098    6.46593    6.57986    6.69274    6.80456    6.91531    7.02497    7.13353    7.24096    7.34725    7.45240    7.55638    7.65918    7.76078    7.86118    7.96036    8.05831    8.15500    8.25044    8.34461    8.43749    8.52907    8.61934    8.70830    8.79592    8.88220    8.96713    9.05069    9.13288    9.21368    9.29309    9.37109    9.44768    9.52285    9.59658    9.66887    9.73972    9.80910    9.87702    9.94347   10.00843   10.07191   10.13389   10.19436   10.25332   10.31077   10.36669   10.42108   10.47394   10.52526   10.57502   10.62324   10.66990   10.71499   10.75851   10.80047   10.84084   10.87963   10.91684   10.95246   10.98648   11.01891   11.04973   11.07896   11.10657   11.13258   11.15697   11.17975   11.20091   11.22045   11.23837   11.25467   11.26934   11.28239   11.29381   11.30360   11.31175   11.31828   11.32318   11.32644   11.32808   11.32808   11.32644   11.32318   11.31828   11.31175   11.30360   11.29381   11.28239   11.26934   11.25467   11.23837   11.22045   11.20091   11.17975   11.15697   11.13258   11.10657   11.07896   11.04973   11.01891   10.98648   10.95246   10.91684   10.87963   10.84084   10.80047   10.75851   10.71499   10.66990   10.62324   10.57502   10.52526   10.47394   10.42108   10.36669   10.31077   10.25332   10.19436   10.13389   10.07191   10.00843    9.94347    9.87702    9.80910    9.73972    9.66887    9.59658    9.52285    9.44768    9.37109    9.29309    9.21368    9.13288    9.05069    8.96713    8.88220    8.79592    8.70830    8.61934    8.52907    8.43749    8.34461    8.25044    8.15500    8.05831    7.96036    7.86118    7.76078    7.65918    7.55638    7.45240    7.34725    7.24096    7.13353    7.02497    6.91531    6.80456    6.69274    6.57986    6.46593    6.35098    6.23502    6.11806    6.00013    5.88124    5.76141    5.64066    5.51900    5.39646    5.27305    5.14878    5.02369    4.89778    4.77109    4.64362    4.51539    4.38643    4.25676    4.12640    3.99536    3.86367    3.73135    3.59842    3.46490    3.33082    3.19618    3.06103    2.92536    2.78922    2.65262    2.51558    2.37813    2.24028    2.10206    1.96350    1.82461    1.68542    1.54595    1.40623    1.26627    1.12610    0.98575    0.84523    0.70458    0.56380    0.42293    0.28199    0.14101    0.00000
   0.00000    0.14346    0.28689    0.43028    0.57360    0.71682    0.85992    1.00288    1.14567    1.28827    1.43066    1.57281    1.71470    1.85630    1.99760    2.13857    2.27918    2.41941    2.55925    2.69866    2.83763    2.97613    3.11413    3.25163    3.38859    3.52499    3.66082    3.79604    3.93065    4.06461    4.19790    4.33051    4.46241    4.59359    4.72402    4.85368    4.98255    5.11062    5.23786    5.36425    5.48977    5.61442    5.73815    5.86097    5.98285    6.10377    6.22371    6.34265    6.46059    6.57750    6.69336    6.80816    6.92189    7.03451    7.14603    7.25642    7.36567    7.47377    7.58069    7.68642    7.79096    7.89428    7.99637    8.09722    8.19681    8.29513    8.39217    8.48791    8.58235    8.67547    8.76725    8.85769    8.94678    9.03450    9.12084    9.20580    9.28935    9.37150    9.45223    9.53153    9.60939    9.68580    9.76076    9.83425    9.90627    9.97680   10.04584   10.11339   10.17942   10.24394   10.30694   10.36841   10.42835   10.48674   10.54358   10.59887   10.65259   10.70475   10.75534   10.80434   10.85176   10.89759   10.94183   10.98447   11.02550   11.06493   11.10275   11.13895   11.17353   11.20648   11.23781   11.26751   11.29557   11.32200   11.34680   11.36995   11.39145   11.41131   11.42952   11.44609   11.46100   11.47425   11.48586   11.49581   11.50410   11.51073   11.51571   11.51903   11.52069   11.52069   11.51903   11.51571   11.51073   11.50410   11.49581   11.48586   11.47425   11.46100   11.44609   11.42952   11.41131   11.39145   11.36995   11.34680   11.32200   11.29557   11.26751   11.23781   11.20648   11.17353   11.13895   11.10275   11.06493   11.02550   10.98447   10.94183   10.89759   10.85176   10.80434   10.75534   10.70475   10.65259   10.59887   10.54358   10.48674   10.42835   10.36841   10.30694   10.24394   10.17942   10.11339   10.04584    9.97680    9.90627    9.83425    9.76076    9.68580    9.60939    9.53153    9.45223    9.37150    9.28935    9.20580    9.12084    9.03450    8.94678    8.85769    8.76725    8.67547    8.58235    8.48791    8.39217    8.29513    8.19681    8.09722    7.99637    7.89428    7.79096    7.68642    7.58069    7.47377    7.36567    7.25642    7.14603    7.03451    6.92189    6.80816    6.69336    6.57750    6.46059    6.34265    6.22371    6.10377    5.98285    5.86097    5.73815    5.61442    5.48977    5.36425    5.23786    5.11062    4.98255    4.85368    4.72402    4.59359    4.46241    4.33051    4.19790    4.06461    3.93065    3.79604    3.66082    3.52499    3.38859    3.25163    3.11413    2.97613    2.83763    2.69866    2.55925    2.41941    2.27918    2.13857    1.99760    1.85630    1.71470    1.57281    1.43066    1.28827    1.14567    1.00288    0.85992    0.71682    0.57360    0.43028    0.28689    0.14346    0.00000
   0.00000    0.14593    0.29184    0.43770    0.58349    0.72918    0.87475    1.02017    1.16542    1.31048    1.45532    1.59992    1.74426    1.88830    2.03203    2.17542    2.31845    2.46110    2.60334    2.74515    2.88650    3.02738    3.16776    3.30761    3.44692    3.58566    3.72382    3.86136    3.99826    4.13451    4.27009    4.40496    4.53912    4.67253    4.80519    4.93706    5.06813    5.19837    5.32778    5.45632    5.58398    5.71073    5.83657    5.96147    6.08541    6.20838    6.33035    6.45131    6.57123    6.69012    6.80793    6.92467    7.04030    7.15483    7.26822    7.38047    7.49155    7.60146    7.71017    7.81767    7.92396    8.02900    8.13280    8.23533    8.33658    8.43654    8.53519    8.63253    8.72853    8.82320    8.91650    9.00844    9.09901    9.18818    9.27595    9.36231    9.44724    9.53074    9.61280    9.69341    9.77255    9.85022    9.92641   10.00111   10.07430   10.14599   10.21617   10.28481   10.35193   10.41751   10.48153   10.54401   10.60492   10.66426   10.72203   10.77822   10.83282   10.88582   10.93723   10.98703   11.03522   11.08180   11.12675   11.17008   11.21178   11.25185   11.29027   11.32706   11.36220   11.39568   11.42752   11.45770   11.48622   11.51307   11.53826   11.56179   11.58364   11.60382   11.62233   11.63916   11.65431   11.66778   11.67957   11.68968   11.69810   11.70484   11.70990   11.71327   11.71496   11.71496   11.71327   11.70990   11.70484   11.69810   11.68968   11.67957   11.66778   11.65431   11.63916   11.62233   11.60382   11.58364   11.56179   11.53826   11.51307   11.48622   11.45770   11.42752   11.39568   11.36220   11.32706   11.29027   11.25185   11.21178   11.17008   11.12675   11.08180   11.03522   10.98703   10.93723   10.88582   10.83282   10.77822   10.72203   10.66426   10.60492   10.54401   10.48153   10.41751   10.35193   10.28481   10.21617   10.14599   10.07430   10.00111    9.92641    9.85022    9.77255    9.69341    9.61280    9.53074    9.44724    9.36231    9.27595    9.18818    9.09901    9.00844    8.91650    8.82320    8.72853    8.63253    8.53519    8.43654    8.33658    8.23533    8.13280    8.02900    7.92396    7.81767    7.71017    7.60146    7.49155    7.38047    7.26822    7.15483    7.04030    6.92467    6.80793    6.69012    6.57123    6.45131    6.33035    6.20838    6.08541    5.96147    5.83657    5.71073    5.58398    5.45632    5.32778    5.19837    5.06813    4.93706    4.80519    4.67253    4.53912    4.40496    4.27009    4.13451    3.99826    3.86136    3.72382    3.58566    3.44692    3.30761    3.16776    3.02738    2.88650    2.74515    2.60334    2.46110    2.31845    2.17542    2.03203    1.88830    1.74426    1.59992    1.45532    1.31048    1.16542    1.02017    0.87475    0.72918    0.58349    0.43770    0.29184    0.14593    0.00000
   0.00000    0.14843    0.29684    0.44520    0.59348    0.74166    0.88972    1.03764    1.18537    1.33292    1.48023    1.62731    1.77411    1.92061    2.06680    2.21264    2.35811    2.50320    2.64786    2.79209    2.93585    3.07913    3.22190    3.36414    3.50582    3.64692    3.78742    3.92730    4.06653    4.20510    4.34297    4.48014    4.61656    4.75224    4.88714    5.02124    5.15452    5.28697    5.41856    5.54927    5.67908    5.80797    5.93593    6.06293    6.18895    6.31398    6.43800    6.56099    6.68293    6.80380    6.92358    7.04227    7.15984    7.27627    7.39156    7.50567    7.61860    7.73034    7.84086    7.95015    8.05819    8.16498    8.27049    8.37472    8.47764    8.57925    8.67954    8.77848    8.87606    8.97228    9.06713    9.16058    9.25263    9.34326    9.43247    9.52024    9.60657    9.69143    9.77483    9.85675    9.93719   10.01612   10.09355   10.16946   10.24385   10.31670   10.38801   10.45778   10.52598   10.59262   10.65768   10.72117   10.78306   10.84336   10.90206   10.95916   11.01464   11.06850   11.12073   11.17133   11.22030   11.26762   11.31330   11.35732   11.39969   11.44040   11.47944   11.51682   11.55252   11.58654   11.61889   11.64955   11.67852   11.70581   11.73140   11.75530   11.77750   11.79801   11.81681   11.83391   11.84930   11.86299   11.87496   11.88523   11.89379   11.90064   11.90578   11.90920   11.91092   11.91092   11.90920   11.90578   11.90064   11.89379   11.88523   11.87496   11.86299   11.84930   11.83391   11.81681   11.79801   11.77750   11.75530   11.73140   11.70581   11.67852   11.64955   11.61889   11.58654   11.55252   11.51682   11.47944   11.44040   11.39969   11.35732   11.31330   11.26762   11.22030   11.17133   11.12073   11.06850   11.01464   10.95916   10.90206   10.84336   10.78306   10.72117   10.65768   10.59262   10.52598   10.45778   10.38801   10.31670   10.24385   10.16946   10.09355   10.01612    9.93719    9.85675    9.77483    9.69143    9.60657    9.52024    9.43247    9.34326    9.25263    9.16058    9.06713    8.97228    8.87606    8.77848    8.67954    8.57925    8.47764    8.37472    8.27049    8.16498    8.05819    7.95015    7.84086    7.73034    7.61860    7.50567    7.39156    7.27627    7.15984    7.04227    6.92358    6.80380    6.68293    6.56099    6.43800    6.31398    6.18895    6.06293    5.93593    5.80797    5.67908    5.54927    5.41856    5.28697    5.15452    5.02124    4.88714    4.75224    4.61656    4.48014    4.34297    4.20510    4.06653    3.92730    3.78742    3.64692    3.50582    3.36414    3.22190    3.07913    2.93585    2.79209    2.64786    2.50320    2.35811    2.21264    2.06680    1.92061    1.77411    1.62731    1.48023    1.33292    1.18537    1.03764    0.88972    0.74166    0.59348    0.44520    0.29684    0.14843    0.00000
   0.00000    0.15096    0.30189    0.45277    0.60357    0.75427    0.90485    1.05527    1.20552    1.35557    1.50539    1.65496    1.80425    1.95324    2.10191    2.25022    2.39817    2.54571    2.69282    2.83950    2.98569    3.13140    3.27658    3.42122    3.56530    3.70878    3.85166    3.99390    4.13548    4.27638    4.41657    4.55604    4.69477    4.83272    4.96989    5.10624    5.24176    5.37643    5.51022    5.64312    5.77510    5.90615    6.03625    6.16537    6.29349    6.42061    6.54669    6.67172    6.79569    6.91856    7.04034    7.16100    7.28051    7.39887    7.51606    7.63206    7.74686    7.86044    7.97278    8.08387    8.19369    8.30223    8.40948    8.51541    8.62003    8.72330    8.82522    8.92578    9.02496    9.12275    9.21914    9.31412    9.40766    9.49977    9.59043    9.67963    9.76735    9.85359    9.93834   10.02159   10.10332   10.18353   10.26221   10.33934   10.41493   10.48896   10.56142   10.63230   10.70160   10.76931   10.83541   10.89992   10.96280   11.02407   11.08371   11.14171   11.19808   11.25280   11.30586   11.35727   11.40702   11.45510   11.50150   11.54623   11.58927   11.63062   11.67029   11.70825   11.74452   11.77909   11.81194   11.84309   11.87253   11.90024   11.92624   11.95052   11.97307   11.99390   12.01300   12.03037   12.04600   12.05990   12.07207   12.08250   12.09120   12.09816   12.10337   12.10685   12.10859   12.10859   12.10685   12.10337   12.09816   12.09120   12.08250   12.07207   12.05990   12.04600   12.03037   12.01300   11.99390   11.97307   11.95052   11.92624   11.90024   11.87253   11.84309   11.81194   11.77909   11.74452   11.70825   11.67029   11.63062   11.58927   11.54623   11.50150   11.45510   11.40702   11.35727   11.30586   11.25280   11.19808   11.14171   11.08371   11.02407   10.96280   10.89992   10.83541   10.76931   10.70160   10.63230   10.56142   10.48896   10.41493   10.33934   10.26221   10.18353   10.10332   10.02159    9.93834    9.85359    9.76735    9.67963    9.59043    9.49977    9.40766    9.31412    9.21914    9.12275    9.02496    8.92578    8.82522    8.72330    8.62003    8.51541    8.40948    8.30223    8.19369    8.08387    7.97278    7.86044    7.74686    7.63206    7.51606    7.39887    7.28051    7.16100    7.04034    6.91856    6.79569    6.67172    6.54669    6.42061    6.29349    6.16537    6.03625    5.90615    5.77510    5.64312    5.51022    5.37643    5.24176    5.10624    4.96989    4.83272    4.69477    4.55604    4.41657    4.27638    4.13548    3.99390    3.85166    3.70878    3.56530    3.42122    3.27658    3.13140    2.98569    2.83950    2.69282    2.54571    2.39817    2.25022    2.10191    1.95324    1.80425    1.65496    1.50539    1.35557    1.20552    1.05527    0.90485    0.75427    0.60357    0.45277    0.30189    0.15096    0.00000
   0.00000    0.15350    0.30698    0.46041    0.61376    0.76701    0.92012    1.07309    1.22587    1.37845    1.53080    1.68289    1.83470    1.98620    2.13737    2.28819    2.43862    2.58864    2.73824    2.88737    3.03603    3.18418    3.33180    3.47887    3.62537    3.77126    3.91653    4.06115    4.20510    4.34836    4.49090    4.63270    4.77374    4.91400    5.05345    5.19208    5.32986    5.46677    5.60278    5.73789    5.87206    6.00529    6.13754    6.26880    6.39904    6.52826    6.65643    6.78352    6.90953    7.03444    7.15822    7.28086    7.40234    7.52265    7.64176    7.75966    7.87634    7.99177    8.10595    8.21886    8.33047    8.44078    8.54978    8.65744    8.76375    8.86870    8.97228    9.07447    9.17526    9.27463    9.37258    9.46908    9.56414    9.65773    9.74985    9.84048    9.92962   10.01725   10.10336   10.18794   10.27098   10.35248   10.43241   10.51078   10.58757   10.66278   10.73640   10.80841   10.87881   10.94760   11.01476   11.08028   11.14417   11.20641   11.26699   11.32591   11.38317   11.43876   11.49266   11.54488   11.59541   11.64425   11.69138   11.73681   11.78054   11.82254   11.86283   11.90139   11.93823   11.97334   12.00671   12.03835   12.06824   12.09640   12.12280   12.14746   12.17037   12.19152   12.21092   12.22856   12.24444   12.25856   12.27092   12.28151   12.29035   12.29741   12.30271   12.30624   12.30801   12.30801   12.30624   12.30271   12.29741   12.29035   12.28151   12.27092   12.25856   12.24444   12.22856   12.21092   12.19152   12.17037   12.14746   12.12280   12.09640   12.06824   12.03835   12.00671   11.97334   11.93823   11.90139   11.86283   11.82254   11.78054   11.73681   11.69138   11.64425   11.59541   11.54488   11.49266   11.43876   11.38317   11.32591   11.26699   11.20641   11.14417   11.08028   11.01476   10.94760   10.87881   10.80841   10.73640   10.66278   10.58757   10.51078   10.43241   10.35248   10.27098   10.18794   10.10336   10.01725    9.92962    9.84048    9.74985    9.65773    9.56414    9.46908    9.37258    9.27463    9.17526    9.07447    8.97228    8.86870    8.76375    8.65744    8.54978    8.44078    8.33047    8.21886    8.10595    7.99177    7.87634    7.75966    7.64176    7.52265    7.40234    7.28086    7.15822    7.03444    6.90953    6.78352    6.65643    6.52826    6.39904    6.26880    6.13754    6.00529    5.87206    5.73789    5.60278    5.46677    5.32986    5.19208    5.05345    4.91400    4.77374    4.63270    4.49090    4.34836    4.20510    4.06115    3.91653    3.77126    3.62537    3.47887    3.33180    3.18418    3.03603    2.88737    2.73824    2.58864    2.43862    2.28819    2.13737    1.98620    1.83470    1.68289    1.53080    1.37845    1.22587    1.07309    0.92012    0.76701    0.61376    0.46041    0.30698    0.15350    0.00000
   0.00000    0.15608    0.31213    0.46813    0.62405    0.77987    0.93555    1.09108    1.24643    1.40156    1.55646    1.71110    1.86545    2.01949    2.17319    2.32653    2.47948    2.63201    2.78410    2.93573    3.08687    3.23750    3.38758    3.53710    3.68604    3.83436    3.98205    4.12907    4.27542    4.42106    4.56596    4.71012    4.85350    4.99608    5.13784    5.27877    5.41882    5.55799    5.69626    5.83359    5.96998    6.10540    6.23982    6.37324    6.50563    6.63697    6.76723    6.89641    7.02449    7.15144    7.27724    7.40188    7.52535    7.64761    7.76867    7.88849    8.00706    8.12437    8.24040    8.35514    8.46856    8.58065    8.69141    8.80081    8.90884    9.01548    9.12072    9.22456    9.32696    9.42793    9.52745    9.62550    9.72208    9.81717    9.91076   10.00284   10.09340   10.18242   10.26990   10.35583   10.44019   10.52298   10.60419   10.68380   10.76181   10.83820   10.91298   10.98613   11.05765   11.12752   11.19573   11.26229   11.32718   11.39040   11.45193   11.51178   11.56994   11.62639   11.68114   11.73418   11.78551   11.83510   11.88298   11.92912   11.97352   12.01618   12.05710   12.09626   12.13367   12.16933   12.20322   12.23535   12.26571   12.29430   12.32112   12.34616   12.36942   12.39090   12.41060   12.42852   12.44464   12.45898   12.47153   12.48229   12.49126   12.49844   12.50382   12.50741   12.50920   12.50920   12.50741   12.50382   12.49844   12.49126   12.48229   12.47153   12.45898   12.44464   12.42852   12.41060   12.39090   12.36942   12.34616   12.32112   12.29430   12.26571   12.23535   12.20322   12.16933   12.13367   12.09626   12.05710   12.01618   11.97352   11.92912   11.88298   11.83510   11.78551   11.73418   11.68114   11.62639   11.56994   11.51178   11.45193   11.39040   11.32718   11.26229   11.19573   11.12752   11.05765   10.98613   10.91298   10.83820   10.76181   10.68380   10.60419   10.52298   10.44019   10.35583   10.26990   10.18242   10.09340   10.00284    9.91076    9.81717    9.72208    9.62550    9.52745    9.42793    9.32696    9.22456    9.12072    9.01548    8.90884    8.80081    8.69141    8.58065    8.46856    8.35514    8.24040    8.12437    8.00706    7.88849    7.76867    7.64761    7.52535    7.40188    7.27724    7.15144    7.02449    6.89641    6.76723    6.63697    6.50563    6.37324    6.23982    6.10540    5.96998    5.83359    5.69626    5.55799    5.41882    5.27877    5.13784    4.99608    4.85350    4.71012    4.56596    4.42106    4.27542    4.12907    3.98205    3.83436    3.68604    3.53710    3.38758    3.23750    3.08687    2.93573    2.78410    2.63201    2.47948    2.32653    2.17319    2.01949    1.86545    1.71110    1.55646    1.40156    1.24643    1.09108    0.93555    0.77987    0.62405    0.46813    0.31213    0.15608    0.00000
   0.00000    0.15868    0.31733    0.47593    0.63445    0.79286    0.95114    1.10926    1.26719    1.42491    1.58239    1.73960    1.89652    2.05312    2.20938    2.36526    2.52075    2.67582    2.83044    2.98458    3.13823    3.29135    3.44392    3.59592    3.74732    3.89810    4.04823    4.19768    4.34644    4.49448    4.64178    4.78831    4.93406    5.07899    5.22308    5.36632    5.50867    5.65013    5.79066    5.93024    6.06886    6.20650    6.34312    6.47872    6.61326    6.74674    6.87913    7.01041    7.14057    7.26958    7.39743    7.52409    7.64955    7.77380    7.89681    8.01856    8.13905    8.25825    8.37615    8.49273    8.60797    8.72187    8.83440    8.94555    9.05531    9.16366    9.27058    9.37607    9.48011    9.58269    9.68379    9.78340    9.88152    9.97811   10.07319   10.16673   10.25872   10.34915   10.43801   10.52529   10.61098   10.69507   10.77756   10.85842   10.93765   11.01525   11.09120   11.16549   11.23813   11.30909   11.37837   11.44597   11.51187   11.57607   11.63857   11.69935   11.75841   11.81574   11.87134   11.92520   11.97732   12.02769   12.07630   12.12316   12.16825   12.21157   12.25312   12.29289   12.33088   12.36708   12.40150   12.43412   12.46495   12.49398   12.52121   12.54664   12.57026   12.59207   12.61207   12.63026   12.64664   12.66120   12.67394   12.68487   12.69397   12.70126   12.70672   12.71036   12.71219   12.71219   12.71036   12.70672   12.70126   12.69397   12.68487   12.67394   12.66120   12.64664   12.63026   12.61207   12.59207   12.57026   12.54664   12.52121   12.49398   12.46495   12.43412   12.40150   12.36708   12.33088   12.29289   12.25312   12.21157   12.16825   12.12316   12.07630   12.02769   11.97732   11.92520   11.87134   11.81574   11.75841   11.69935   11.63857   11.57607   11.51187   11.44597   11.37837   11.30909   11.23813   11.16549   11.09120   11.01525   10.93765   10.85842   10.77756   10.69507   10.61098   10.52529   10.43801   10.34915   10.25872   10.16673   10.07319    9.97811    9.88152    9.78340    9.68379    9.58269    9.48011    9.37607    9.27058    9.16366    9.05531    8.94555    8.83440    8.72187    8.60797    8.49273    8.37615    8.25825    8.13905    8.01856    7.89681    7.77380    7.64955    7.52409    7.39743    7.26958    7.14057    7.01041    6.87913    6.74674    6.61326    6.47872    6.34312    6.20650    6.06886    5.93024    5.79066    5.65013    5.50867    5.36632    5.22308    5.07899    4.93406    4.78831    4.64178    4.49448    4.34644    4.19768    4.04823    3.89810    3.74732    3.59592    3.44392    3.29135    3.13823    2.98458    2.83044    2.67582    2.52075    2.36526    2.20938    2.05312    1.89652    1.73960    1.58239    1.42491    1.26719    1.10926    0.95114    0.79286    0.63445    0.47593    0.31733    0.15868    0.00000
   0.00000    0.16131    0.32259    0.48381    0.64496    0.80599    0.96689    1.12763    1.28817    1.44850    1.60858    1.76839    1.92791    2.08710    2.24593    2.40439    2.56245    2.72008    2.87724    3.03393    3.19011    3.34575    3.50084    3.65534    3.80923    3.96248    4.11508    4.26699    4.41819    4.56866    4.71837    4.86730    5.01543    5.16273    5.30917    5.45475    5.59943    5.74319    5.88601    6.02787    6.16874    6.30861    6.44745    6.58524    6.72197    6.85761    6.99214    7.12554    7.25780    7.38889    7.51880    7.64750    7.77498    7.90122    8.02620    8.14991    8.27233    8.39343    8.51322    8.63166    8.74874    8.86445    8.97877    9.09169    9.20319    9.31326    9.42188    9.52904    9.63473    9.73893    9.84162    9.94281   10.04247   10.14058   10.23715   10.33216   10.42559   10.51744   10.60770   10.69634   10.78337   10.86878   10.95255   11.03467   11.11514   11.19394   11.27107   11.34652   11.42028   11.49234   11.56270   11.63134   11.69827   11.76346   11.82692   11.88864   11.94861   12.00683   12.06328   12.11797   12.17089   12.22203   12.27139   12.31897   12.36475   12.40874   12.45092   12.49130   12.52987   12.56663   12.60157   12.63469   12.66599   12.69547   12.72311   12.74893   12.77291   12.79505   12.81536   12.83383   12.85045   12.86523   12.87817   12.88926   12.89851   12.90590   12.91145   12.91515   12.91700   12.91700   12.91515   12.91145   12.90590   12.89851   12.88926   12.87817   12.86523   12.85045   12.83383   12.81536   12.79505   12.77291   12.74893   12.72311   12.69547   12.66599   12.63469   12.60157   12.56663   12.52987   12.49130   12.45092   12.40874   12.36475   12.31897   12.27139   12.22203   12.17089   12.11797   12.06328   12.00683   11.94861   11.88864   11.82692   11.76346   11.69827   11.63134   11.56270   11.49234   11.42028   11.34652   11.27107   11.19394   11.11514   11.03467   10.95255   10.86878   10.78337   10.69634   10.60770   10.51744   10.42559   10.33216   10.23715   10.14058   10.04247    9.94281    9.84162    9.73893    9.63473    9.52904    9.42188    9.31326    9.20319    9.09169    8.97877    8.86445    8.74874    8.63166    8.51322    8.39343    8.27233    8.14991    8.02620    7.90122    7.77498    7.64750    7.51880    7.38889    7.25780    7.12554    6.99214    6.85761    6.72197    6.58524    6.44745    6.30861    6.16874    6.02787    5.88601    5.74319    5.59943    5.45475    5.30917    5.16273    5.01543    4.86730    4.71837    4.56866    4.41819    4.26699    4.11508    3.96248    3.80923    3.65534    3.50084    3.34575    3.19011    3.03393    2.87724    2.72008    2.56245    2.40439    2.24593    2.08710    1.92791    1.76839    1.60858    1.44850    1.28817    1.12763    0.96689    0.80599    0.64496    0.48381    0.32259    0.16131    0.00000
   0.00000    0.16396    0.32790    0.49178    0.65557    0.81926    0.98280    1.14618    1.30937    1.47233    1.63505    1.79748    1.95962    2.12142    2.28287    2.44393    2.60458    2.76479    2.92454    3.08379    3.24253    3.40072    3.55834    3.71537    3.87177    4.02753    4.18261    4.33700    4.49067    4.64359    4.79574    4.94709    5.09763    5.24732    5.39614    5.54408    5.69110    5.83719    5.98232    6.12647    6.26962    6.41174    6.55282    6.69284    6.83177    6.96958    7.10628    7.24182    7.37620    7.50939    7.64137    7.77213    7.90165    8.02990    8.15687    8.28255    8.40691    8.52995    8.65163    8.77195    8.89088    9.00843    9.12455    9.23926    9.35251    9.46432    9.57465    9.68349    9.79083    9.89667   10.00097   10.10374   10.20496   10.30461   10.40268   10.49917   10.59406   10.68733   10.77899   10.86901   10.95739   11.04412   11.12919   11.21258   11.29429   11.37431   11.45263   11.52924   11.60414   11.67731   11.74875   11.81844   11.88639   11.95258   12.01702   12.07968   12.14057   12.19967   12.25699   12.31252   12.36624   12.41816   12.46828   12.51657   12.56305   12.60770   12.65053   12.69152   12.73068   12.76799   12.80347   12.83709   12.86886   12.89878   12.92685   12.95305   12.97740   12.99988   13.02049   13.03924   13.05611   13.07112   13.08425   13.09551   13.10489   13.11240   13.11803   13.12178   13.12366   13.12366   13.12178   13.11803   13.11240   13.10489   13.09551   13.08425   13.07112   13.05611   13.03924   13.02049   12.99988   12.97740   12.95305   12.92685   12.89878   12.86886   12.83709   12.80347   12.76799   12.73068   12.69152   12.65053   12.60770   12.56305   12.51657   12.46828   12.41816   12.36624   12.31252   12.25699   12.19967   12.14057   12.07968   12.01702   11.95258   11.88639   11.81844   11.74875   11.67731   11.60414   11.52924   11.45263   11.37431   11.29429   11.21258   11.12919   11.04412   10.95739   10.86901   10.77899   10.68733   10.59406   10.49917   10.40268   10.30461   10.20496   10.10374   10.00097    9.89667    9.79083    9.68349    9.57465    9.46432    9.35251    9.23926    9.12455    9.00843    8.89088    8.77195    8.65163    8.52995    8.40691    8.28255    8.15687    8.02990    7.90165    7.77213    7.64137    7.50939    7.37620    7.24182    7.10628    6.96958    6.83177    6.69284    6.55282    6.41174    6.26962    6.12647    5.98232    5.83719    5.69110    5.54408    5.39614    5.24732    5.09763    4.94709    4.79574    4.64359    4.49067    4.33700    4.18261    4.02753    3.87177    3.71537    3.55834    3.40072    3.24253    3.08379    2.92454    2.76479    2.60458    2.44393    2.28287    2.12142    1.95962    1.79748    1.63505    1.47233    1.30937    1.14618    0.98280    0.81926    0.65557    0.49178    0.32790    0.16396    0.00000
   0.00000    0.16665    0.33326    0.49982    0.66630    0.83266    0.99888    1.16493    1.33078    1.49641    1.66179    1.82688    1.99166    2.15611    2.32019    2.48388    2.64715    2.80997    2.97232    3.13417    3.29549    3.45625    3.61644    3.77602    3.93496    4.09325    4.25085    4.40774    4.56390    4.71929    4.87390    5.02770    5.18067    5.33278    5.48400    5.63432    5.78371    5.93215    6.07962    6.22608    6.37153    6.51593    6.65927    6.80152    6.94267    7.08269    7.22156    7.35927    7.49578    7.63109    7.76517    7.89801    8.02958    8.15986    8.28884    8.41651    8.54284    8.66781    8.79141    8.91362    9.03443    9.15381    9.27176    9.38826    9.50329    9.61684    9.72890    9.83944    9.94846   10.05593   10.16186   10.26623   10.36901   10.47021   10.56980   10.66778   10.76413   10.85885   10.95192   11.04333   11.13307   11.22113   11.30750   11.39218   11.47514   11.55638   11.63590   11.71368   11.78972   11.86401   11.93653   12.00729   12.07627   12.14347   12.20888   12.27250   12.33431   12.39431   12.45250   12.50886   12.56340   12.61611   12.66697   12.71600   12.76318   12.80850   12.85197   12.89358   12.93333   12.97121   13.00721   13.04134   13.07359   13.10396   13.13245   13.15904   13.18375   13.20657   13.22749   13.24652   13.26365   13.27888   13.29220   13.30363   13.31316   13.32078   13.32649   13.33030   13.33221   13.33221   13.33030   13.32649   13.32078   13.31316   13.30363   13.29220   13.27888   13.26365   13.24652   13.22749   13.20657   13.18375   13.15904   13.13245   13.10396   13.07359   13.04134   13.00721   12.97121   12.93333   12.89358   12.85197   12.80850   12.76318   12.71600   12.66697   12.61611   12.56340   12.50886   12.45250   12.39431   12.33431   12.27250   12.20888   12.14347   12.07627   12.00729   11.93653   11.86401   11.78972   11.71368   11.63590   11.55638   11.47514   11.39218   11.30750   11.22113   11.13307   11.04333   10.95192   10.85885   10.76413   10.66778   10.56980   10.47021   10.36901   10.26623   10.16186   10.05593    9.94846    9.83944    9.72890    9.61684    9.50329    9.38826    9.27176    9.15381    9.03443    8.91362    8.79141    8.66781    8.54284    8.41651    8.28884    8.15986    8.02958    7.89801    7.76517    7.63109    7.49578    7.35927    7.22156    7.08269    6.94267    6.80152    6.65927    6.51593    6.37153    6.22608    6.07962    5.93215    5.78371    5.63432    5.48400    5.33278    5.18067    5.02770    4.87390    4.71929    4.56390    4.40774    4.25085    4.09325    3.93496    3.77602    3.61644    3.45625    3.29549    3.13417    2.97232    2.80997    2.64715    2.48388    2.32019    2.15611    1.99166    1.82688    1.66179    1.49641    1.33078    1.16493    0.99888    0.83266    0.66630    0.49982    0.33326    0.16665    0.00000
   0.00000    0.16936    0.33868    0.50795    0.67714    0.84620    1.01513    1.18388    1.35243    1.52075    1.68881    1.85658    2.02404    2.19116    2.35790    2.52425    2.69016    2.85563    3.02060    3.18507    3.34900    3.51237    3.67515    3.83730    3.99881    4.15965    4.31980    4.47922    4.63789    4.79578    4.95288    5.10915    5.26457    5.41912    5.57277    5.72550    5.87728    6.02809    6.17791    6.32671    6.47448    6.62118    6.76680    6.91132    7.05470    7.19695    7.33802    7.47790    7.61658    7.75403    7.89022    8.02515    8.15879    8.29113    8.42214    8.55181    8.68011    8.80704    8.93258    9.05670    9.17939    9.30064    9.42043    9.53874    9.65556    9.77087    9.88466    9.99691   10.10762   10.21676   10.32432   10.43029   10.53466   10.63741   10.73854   10.83802   10.93585   11.03202   11.12651   11.21932   11.31043   11.39983   11.48752   11.57348   11.65771   11.74019   11.82091   11.89987   11.97706   12.05247   12.12609   12.19792   12.26794   12.33616   12.40255   12.46712   12.52986   12.59077   12.64983   12.70704   12.76239   12.81589   12.86752   12.91728   12.96516   13.01117   13.05528   13.09751   13.13785   13.17629   13.21284   13.24747   13.28020   13.31103   13.33993   13.36693   13.39200   13.41516   13.43639   13.45570   13.47308   13.48854   13.50207   13.51366   13.52333   13.53106   13.53686   13.54073   13.54266   13.54266   13.54073   13.53686   13.53106   13.52333   13.51366   13.50207   13.48854   13.47308   13.45570   13.43639   13.41516   13.39200   13.36693   13.33993   13.31103   13.28020   13.24747   13.21284   13.17629   13.13785   13.09751   13.05528   13.01117   12.96516   12.91728   12.86752   12.81589   12.76239   12.70704   12.64983   12.59077   12.52986   12.46712   12.40255   12.33616   12.26794   12.19792   12.12609   12.05247   11.97706   11.89987   11.82091   11.74019   11.65771   11.57348   11.48752   11.39983   11.31043   11.21932   11.12651   11.03202   10.93585   10.83802   10.73854   10.63741   10.53466   10.43029   10.32432   10.21676   10.10762    9.99691    9.88466    9.77087    9.65556    9.53874    9.42043    9.30064    9.17939    9.05670    8.93258    8.80704    8.68011    8.55181    8.42214    8.29113    8.15879    8.02515    7.89022    7.75403    7.61658    7.47790    7.33802    7.19695    7.05470    6.91132    6.76680    6.62118    6.47448    6.32671    6.17791    6.02809    5.87728    5.72550    5.57277    5.41912    5.26457    5.10915    4.95288    4.79578    4.63789    4.47922    4.31980    4.15965    3.99881    3.83730    3.67515    3.51237    3.34900    3.18507    3.02060    2.85563    2.69016    2.52425    2.35790    2.19116    2.02404    1.85658    1.68881    1.52075    1.35243    1.18388    1.01513    0.84620    0.67714    0.50795    0.33868    0.16936    0.00000
   0.00000    0.17210    0.34416    0.51617    0.68809    0.85989    1.03155    1.20303    1.37430    1.54534    1.71612    1.88660    2.05677    2.22658    2.39602    2.56504    2.73364    2.90176    3.06940    3.23652    3.40309    3.56908    3.73447    3.89923    4.06334    4.22676    4.38947    4.55144    4.71265    4.87308    5.03268    5.19145    5.34935    5.50637    5.66246    5.81762    5.97182    6.12502    6.27722    6.42838    6.57849    6.72751    6.87544    7.02224    7.16789    7.31237    7.45567    7.59775    7.73861    7.87821    8.01654    8.15358    8.28932    8.42372    8.55678    8.68847    8.81877    8.94768    9.07516    9.20121    9.32580    9.44893    9.57057    9.69071    9.80933    9.92642   10.04196   10.15594   10.26835   10.37916   10.48837   10.59596   10.70193   10.80625   10.90892   11.00992   11.10924   11.20687   11.30279   11.39701   11.48950   11.58026   11.66927   11.75653   11.84202   11.92575   12.00769   12.08783   12.16618   12.24273   12.31745   12.39036   12.46143   12.53066   12.59805   12.66358   12.72726   12.78907   12.84901   12.90707   12.96325   13.01754   13.06994   13.12043   13.16903   13.21571   13.26049   13.30334   13.34428   13.38329   13.42037   13.45552   13.48873   13.52001   13.54934   13.57673   13.60218   13.62567   13.64722   13.66681   13.68445   13.70013   13.71386   13.72563   13.73543   13.74328   13.74917   13.75309   13.75505   13.75505   13.75309   13.74917   13.74328   13.73543   13.72563   13.71386   13.70013   13.68445   13.66681   13.64722   13.62567   13.60218   13.57673   13.54934   13.52001   13.48873   13.45552   13.42037   13.38329   13.34428   13.30334   13.26049   13.21571   13.16903   13.12043   13.06994   13.01754   12.96325   12.90707   12.84901   12.78907   12.72726   12.66358   12.59805   12.53066   12.46143   12.39036   12.31745   12.24273   12.16618   12.08783   12.00769   11.92575   11.84202   11.75653   11.66927   11.58026   11.48950   11.39701   11.30279   11.20687   11.10924   11.00992   10.90892   10.80625   10.70193   10.59596   10.48837   10.37916   10.26835   10.15594   10.04196    9.92642    9.80933    9.69071    9.57057    9.44893    9.32580    9.20121    9.07516    8.94768    8.81877    8.68847    8.55678    8.42372    8.28932    8.15358    8.01654    7.87821    7.73861    7.59775    7.45567    7.31237    7.16789    7.02224    6.87544    6.72751    6.57849    6.42838    6.27722    6.12502    5.97182    5.81762    5.66246    5.50637    5.34935    5.19145    5.03268    4.87308    4.71265    4.55144    4.38947    4.22676    4.06334    3.89923    3.73447    3.56908    3.40309    3.23652    3.06940    2.90176    2.73364    2.56504    2.39602    2.22658    2.05677    1.88660    1.71612    1.54534    1.37430    1.20303    1.03155    0.85989    0.68809    0.51617    0.34416    0.17210    0.00000
   0.00000    0.17487    0.34970    0.52448    0.69916    0.87373    1.04815    1.22238    1.39641    1.57020    1.74372    1.91695    2.08984    2.26238    2.43454    2.60628    2.77757    2.94839    3.11872    3.28851    3.45774    3.62639    3.79443    3.96182    4.12854    4.29457    4.45988    4.62443    4.78821    4.95118    5.11333    5.27462    5.43502    5.59452    5.75309    5.91071    6.06734    6.22297    6.37757    6.53111    6.68358    6.83495    6.98520    7.13430    7.28224    7.42899    7.57453    7.71883    7.86189    8.00367    8.14416    8.28333    8.42117    8.55766    8.69278    8.82651    8.95883    9.08973    9.21918    9.34717    9.47369    9.59871    9.72222    9.84420    9.96464   10.08352   10.20083   10.31655   10.43067   10.54317   10.65404   10.76327   10.87084   10.97675   11.08097   11.18349   11.28431   11.38342   11.48079   11.57642   11.67030   11.76242   11.85277   11.94134   12.02812   12.11309   12.19625   12.27760   12.35712   12.43480   12.51064   12.58462   12.65675   12.72701   12.79540   12.86190   12.92652   12.98925   13.05007   13.10899   13.16600   13.22109   13.27426   13.32550   13.37481   13.42218   13.46761   13.51109   13.55263   13.59221   13.62983   13.66550   13.69920   13.73093   13.76069   13.78849   13.81430   13.83814   13.86000   13.87988   13.89778   13.91369   13.92762   13.93955   13.94951   13.95747   13.96344   13.96742   13.96941   13.96941   13.96742   13.96344   13.95747   13.94951   13.93955   13.92762   13.91369   13.89778   13.87988   13.86000   13.83814   13.81430   13.78849   13.76069   13.73093   13.69920   13.66550   13.62983   13.59221   13.55263   13.51109   13.46761   13.42218   13.37481   13.32550   13.27426   13.22109   13.16600   13.10899   13.05007   12.98925   12.92652   12.86190   12.79540   12.72701   12.65675   12.58462   12.51064   12.43480   12.35712   12.27760   12.19625   12.11309   12.02812   11.94134   11.85277   11.76242   11.67030   11.57642   11.48079   11.38342   11.28431   11.18349   11.08097   10.97675   10.87084   10.76327   10.65404   10.54317   10.43067   10.31655   10.20083   10.08352    9.96464    9.84420    9.72222    9.59871    9.47369    9.34717    9.21918    9.08973    8.95883    8.82651    8.69278    8.55766    8.42117    8.28333    8.14416    8.00367    7.86189    7.71883    7.57453    7.42899    7.28224    7.13430    6.98520    6.83495    6.68358    6.53111    6.37757    6.22297    6.06734    5.91071    5.75309    5.59452    5.43502    5.27462    5.11333    4.95118    4.78821    4.62443    4.45988    4.29457    4.12854    3.96182    3.79443    3.62639    3.45774    3.28851    3.11872    2.94839    2.77757    2.60628    2.43454    2.26238    2.08984    1.91695    1.74372    1.57020    1.39641    1.22238    1.04815    0.87373    0.69916    0.52448    0.34970    0.17487    0.00000
   0.00000    0.17767    0.35530    0.53287    0.71036    0.88772    1.06492    1.24195    1.41876    1.59533    1.77163    1.94762    2.12328    2.29857    2.47347    2.64795    2.82198    2.99553    3.16856    3.34106    3.51299    3.68432    3.85503    4.02508    4.19445    4.36311    4.53104    4.69820    4.86457    5.03012    5.19483    5.35866    5.52160    5.68362    5.84468    6.00478    6.16387    6.32194    6.47897    6.63492    6.78978    6.94351    7.09611    7.24754    7.39778    7.54682    7.69462    7.84117    7.98644    8.13042    8.27308    8.41441    8.55438    8.69298    8.83018    8.96597    9.10032    9.23323    9.36467    9.49462    9.62307    9.75000    9.87539    9.99923   10.12150   10.24219   10.36128   10.47876   10.59460   10.70881   10.82136   10.93223   11.04143   11.14892   11.25471   11.35878   11.46111   11.56170   11.66053   11.75759   11.85287   11.94637   12.03806   12.12795   12.21601   12.30225   12.38664   12.46919   12.54989   12.62872   12.70568   12.78076   12.85395   12.92524   12.99463   13.06212   13.12768   13.19133   13.25304   13.31283   13.37067   13.42656   13.48051   13.53250   13.58252   13.63059   13.67668   13.72080   13.76294   13.80309   13.84126   13.87745   13.91164   13.94383   13.97402   14.00222   14.02841   14.05259   14.07477   14.09494   14.11309   14.12924   14.14336   14.15547   14.16557   14.17365   14.17970   14.18374   14.18576   14.18576   14.18374   14.17970   14.17365   14.16557   14.15547   14.14336   14.12924   14.11309   14.09494   14.07477   14.05259   14.02841   14.00222   13.97402   13.94383   13.91164   13.87745   13.84126   13.80309   13.76294   13.72080   13.67668   13.63059   13.58252   13.53250   13.48051   13.42656   13.37067   13.31283   13.25304   13.19133   13.12768   13.06212   12.99463   12.92524   12.85395   12.78076   12.70568   12.62872   12.54989   12.46919   12.38664   12.30225   12.21601   12.12795   12.03806   11.94637   11.85287   11.75759   11.66053   11.56170   11.46111   11.35878   11.25471   11.14892   11.04143   10.93223   10.82136   10.70881   10.59460   10.47876   10.36128   10.24219   10.12150    9.99923    9.87539    9.75000    9.62307    9.49462    9.36467    9.23323    9.10032    8.96597    8.83018    8.69298    8.55438    8.41441    8.27308    8.13042    7.98644    7.84117    7.69462    7.54682    7.39778    7.24754    7.09611    6.94351    6.78978    6.63492    6.47897    6.32194    6.16387    6.00478    5.84468    5.68362    5.52160    5.35866    5.19483    5.03012    4.86457    4.69820    4.53104    4.36311    4.19445    4.02508    3.85503    3.68432    3.51299    3.34106    3.16856    2.99553    2.82198    2.64795    2.47347    2.29857    2.12328    1.94762    1.77163    1.59533    1.41876    1.24195    1.06492    0.88772    0.71036    0.53287    0.35530    0.17767    0.00000
   0.00000    0.18050    0.36096    0.54136    0.72167    0.90185    1.08188    1.26173    1.44135    1.62073    1.79983    1.97862    2.15707    2.33515    2.51283    2.69008    2.86687    3.04317    3.21895    3.39418    3.56883    3.74287    3.91628    4.08902    4.26107    4.43239    4.60296    4.77276    4.94175    5.10990    5.27720    5.44361    5.60910    5.77366    5.93725    6.09985    6.26143    6.42197    6.58144    6.73983    6.89709    7.05322    7.20819    7.36197    7.51454    7.66588    7.81597    7.96478    8.11229    8.25849    8.40335    8.54685    8.68897    8.82969    8.96899    9.10686    9.24327    9.37820    9.51164    9.64357    9.77397    9.90283   10.03012   10.15584   10.27996   10.40247   10.52335   10.64260   10.76019   10.87611   10.99035   11.10288   11.21371   11.32282   11.43018   11.53580   11.63966   11.74174   11.84204   11.94054   12.03724   12.13211   12.22516   12.31638   12.40574   12.49325   12.57889   12.66265   12.74453   12.82452   12.90260   12.97878   13.05304   13.12537   13.19578   13.26425   13.33077   13.39534   13.45795   13.51860   13.57729   13.63399   13.68872   13.74146   13.79221   13.84097   13.88773   13.93248   13.97523   14.01597   14.05469   14.09139   14.12607   14.15873   14.18936   14.21796   14.24453   14.26906   14.29155   14.31201   14.33043   14.34680   14.36113   14.37341   14.38365   14.39185   14.39799   14.40209   14.40414   14.40414   14.40209   14.39799   14.39185   14.38365   14.37341   14.36113   14.34680   14.33043   14.31201   14.29155   14.26906   14.24453   14.21796   14.18936   14.15873   14.12607   14.09139   14.05469   14.01597   13.97523   13.93248   13.88773   13.84097   13.79221   13.74146   13.68872   13.63399   13.57729   13.51860   13.45795   13.39534   13.33077   13.26425   13.19578   13.12537   13.05304   12.97878   12.90260   12.82452   12.74453   12.66265   12.57889   12.49325   12.40574   12.31638   12.22516   12.13211   12.03724   11.94054   11.84204   11.74174   11.63966   11.53580   11.43018   11.32282   11.21371   11.10288   10.99035   10.87611   10.76019   10.64260   10.52335   10.40247   10.27996   10.15584   10.03012    9.90283    9.77397    9.64357    9.51164    9.37820    9.24327    9.10686    8.96899    8.82969    8.68897    8.54685    8.40335    8.25849    8.11229    7.96478    7.81597    7.66588    7.51454    7.36197    7.20819    7.05322    6.89709    6.73983    6.58144    6.42197    6.26143    6.09985    5.93725    5.77366    5.60910    5.44361    5.27720    5.10990    4.94175    4.77276    4.60296    4.43239    4.26107    4.08902    3.91628    3.74287    3.56883    3.39418    3.21895    3.04317    2.86687    2.69008    2.51283    2.33515    2.15707    1.97862    1.79983    1.62073    1.44135    1.26173    1.08188    0.90185    0.72167    0.54136    0.36096    0.18050    0.00000
   0.00000    0.18336    0.36668    0.54994    0.73311    0.91615    1.09903    1.28172    1.46419    1.64641    1.82835    2.00997    2.19124    2.37214    2.55262    2.73267    2.91225    3.09134    3.26989    3.44788    3.62528    3.80206    3.97820    4.15366    4.32840    4.50242    4.67567    4.84812    5.01976    5.19055    5.36046    5.52947    5.69755    5.86467    6.03081    6.19594    6.36003    6.52306    6.68501    6.84585    7.00555    7.16409    7.32145    7.47760    7.63253    7.78620    7.93859    8.08969    8.23947    8.38790    8.53498    8.68067    8.82496    8.96782    9.10925    9.24921    9.38769    9.52467    9.66013    9.79405    9.92642   10.05722   10.18643   10.31404   10.44003   10.56437   10.68707   10.80810   10.92745   11.04510   11.16103   11.27525   11.38772   11.49845   11.60741   11.71459   11.81998   11.92357   12.02535   12.12530   12.22342   12.31969   12.41411   12.50666   12.59733   12.68611   12.77300   12.85799   12.94106   13.02221   13.10144   13.17872   13.25406   13.32744   13.39887   13.46833   13.53581   13.60131   13.66483   13.72635   13.78588   13.84340   13.89892   13.95242   14.00390   14.05335   14.10078   14.14618   14.18954   14.23086   14.27013   14.30736   14.34254   14.37566   14.40673   14.43573   14.46268   14.48756   14.51038   14.53113   14.54980   14.56641   14.58094   14.59340   14.60379   14.61210   14.61833   14.62249   14.62456   14.62456   14.62249   14.61833   14.61210   14.60379   14.59340   14.58094   14.56641   14.54980   14.53113   14.51038   14.48756   14.46268   14.43573   14.40673   14.37566   14.34254   14.30736   14.27013   14.23086   14.18954   14.14618   14.10078   14.05335   14.00390   13.95242   13.89892   13.84340   13.78588   13.72635   13.66483   13.60131   13.53581   13.46833   13.39887   13.32744   13.25406   13.17872   13.10144   13.02221   12.94106   12.85799   12.77300   12.68611   12.59733   12.50666   12.41411   12.31969   12.22342   12.12530   12.02535   11.92357   11.81998   11.71459   11.60741   11.49845   11.38772   11.27525   11.16103   11.04510   10.92745   10.80810   10.68707   10.56437   10.44003   10.31404   10.18643   10.05722    9.92642    9.79405    9.66013    9.52467    9.38769    9.24921    9.10925    8.96782    8.82496    8.68067    8.53498    8.38790    8.23947    8.08969    7.93859    7.78620    7.63253    7.47760    7.32145    7.16409    7.00555    6.84585    6.68501    6.52306    6.36003    6.19594    6.03081    5.86467    5.69755    5.52947    5.36046    5.19055    5.01976    4.84812    4.67567    4.50242    4.32840    4.15366    3.97820    3.80206    3.62528    3.44788    3.26989    3.09134    2.91225    2.73267    2.55262    2.37214    2.19124    2.00997    1.82835    1.64641    1.46419    1.28172    1.09903    0.91615    0.73311    0.54994    0.36668    0.18336    0.00000
   0.00000    0.18625    0.37247    0.55862    0.74467    0.93060    1.11637    1.30194    1.48729    1.67238    1.85718    2.04166    2.22578    2.40953    2.59285    2.77573    2.95814    3.14003    3.32139    3.50217    3.68235    3.86191    4.04080    4.21900    4.39648    4.57321    4.74917    4.92431    5.09862    5.27207    5.44463    5.61626    5.78695    5.95666    6.12538    6.29306    6.45969    6.62524    6.78969    6.95301    7.11517    7.27615    7.43592    7.59447    7.75177    7.90779    8.06251    8.21592    8.36798    8.51868    8.66799    8.81589    8.96237    9.10740    9.25097    9.39304    9.53361    9.67265    9.81015    9.94609   10.08045   10.21321   10.34435   10.47386   10.60173   10.72793   10.85246   10.97528   11.09640   11.21580   11.33345   11.44935   11.56349   11.67585   11.78641   11.89517   12.00211   12.10722   12.21048   12.31190   12.41145   12.50913   12.60492   12.69882   12.79081   12.88088   12.96903   13.05525   13.13952   13.22185   13.30221   13.38061   13.45703   13.53147   13.60393   13.67438   13.74283   13.80928   13.87370   13.93611   13.99648   14.05483   14.11113   14.16540   14.21761   14.26777   14.31587   14.36191   14.40589   14.44779   14.48763   14.52538   14.56106   14.59465   14.62616   14.65558   14.68290   14.70814   14.73127   14.75232   14.77126   14.78810   14.80284   14.81547   14.82600   14.83443   14.84075   14.84496   14.84707   14.84707   14.84496   14.84075   14.83443   14.82600   14.81547   14.80284   14.78810   14.77126   14.75232   14.73127   14.70814   14.68290   14.65558   14.62616   14.59465   14.56106   14.52538   14.48763   14.44779   14.40589   14.36191   14.31587   14.26777   14.21761   14.16540   14.11113   14.05483   13.99648   13.93611   13.87370   13.80928   13.74283   13.67438   13.60393   13.53147   13.45703   13.38061   13.30221   13.22185   13.13952   13.05525   12.96903   12.88088   12.79081   12.69882   12.60492   12.50913   12.41145   12.31190   12.21048   12.10722   12.00211   11.89517   11.78641   11.67585   11.56349   11.44935   11.33345   11.21580   11.09640   10.97528   10.85246   10.72793   10.60173   10.47386   10.34435   10.21321   10.08045    9.94609    9.81015    9.67265    9.53361    9.39304    9.25097    9.10740    8.96237    8.81589    8.66799    8.51868    8.36798    8.21592    8.06251    7.90779    7.75177    7.59447    7.43592    7.27615    7.11517    6.95301    6.78969    6.62524    6.45969    6.29306    6.12538    5.95666    5.78695    5.61626    5.44463    5.27207    5.09862    4.92431    4.74917    4.57321    4.39648    4.21900    4.04080    3.86191    3.68235    3.50217    3.32139    3.14003    2.95814    2.77573    2.59285    2.40953    2.22578    2.04166    1.85718    1.67238    1.48729    1.30194    1.11637    0.93060    0.74467    0.55862    0.37247    0.18625    0.00000
   0.00000    0.18917    0.37832    0.56739    0.75637    0.94522    1.13390    1.32238    1.51064    1.69863    1.88633    2.07370    2.26071    2.44733    2.63353    2.81927    3.00453    3.18927    3.37345    3.55706    3.74006    3.92241    4.10409    4.28506    4.46531    4.64479    4.82347    5.00134    5.17835    5.35449    5.52971    5.70400    5.87733    6.04966    6.22097    6.39124    6.56044    6.72853    6.89550    7.06132    7.22597    7.38941    7.55163    7.71259    7.87229    8.03068    8.18776    8.34349    8.49786    8.65084    8.80241    8.95255    9.10124    9.24845    9.39417    9.53838    9.68106    9.82219    9.96174   10.09971   10.23607   10.37081   10.50390   10.63534   10.76510   10.89318   11.01954   11.14418   11.26709   11.38824   11.50762   11.62523   11.74104   11.85504   11.96722   12.07757   12.18607   12.29271   12.39748   12.50037   12.60136   12.70045   12.79763   12.89288   12.98620   13.07758   13.16700   13.25445   13.33994   13.42344   13.50496   13.58448   13.66200   13.73750   13.81098   13.88244   13.95187   14.01926   14.08460   14.14789   14.20912   14.26829   14.32540   14.38043   14.43338   14.48425   14.53303   14.57972   14.62431   14.66681   14.70720   14.74549   14.78167   14.81573   14.84768   14.87751   14.90522   14.93081   14.95427   14.97561   14.99481   15.01189   15.02684   15.03965   15.05033   15.05887   15.06528   15.06955   15.07169   15.07169   15.06955   15.06528   15.05887   15.05033   15.03965   15.02684   15.01189   14.99481   14.97561   14.95427   14.93081   14.90522   14.87751   14.84768   14.81573   14.78167   14.74549   14.70720   14.66681   14.62431   14.57972   14.53303   14.48425   14.43338   14.38043   14.32540   14.26829   14.20912   14.14789   14.08460   14.01926   13.95187   13.88244   13.81098   13.73750   13.66200   13.58448   13.50496   13.42344   13.33994   13.25445   13.16700   13.07758   12.98620   12.89288   12.79763   12.70045   12.60136   12.50037   12.39748   12.29271   12.18607   12.07757   11.96722   11.85504   11.74104   11.62523   11.50762   11.38824   11.26709   11.14418   11.01954   10.89318   10.76510   10.63534   10.50390   10.37081   10.23607   10.09971    9.96174    9.82219    9.68106    9.53838    9.39417    9.24845    9.10124    8.95255    8.80241    8.65084    8.49786    8.34349    8.18776    8.03068    7.87229    7.71259    7.55163    7.38941    7.22597    7.06132    6.89550    6.72853    6.56044    6.39124    6.22097    6.04966    5.87733    5.70400    5.52971    5.35449    5.17835    5.00134    4.82347    4.64479    4.46531    4.28506    4.10409    3.92241    3.74006    3.55706    3.37345    3.18927    3.00453    2.81927    2.63353    2.44733    2.26071    2.07370    1.88633    1.69863    1.51064    1.32238    1.13390    0.94522    0.75637    0.56739    0.37832    0.18917    0.00000
   0.00000    0.19213    0.38423    0.57626    0.76820    0.95999    1.15162    1.34305    1.53425    1.72518    1.91581    2.10610    2.29603    2.48556    2.67466    2.86330    3.05144    3.23905    3.42610    3.61256    3.79840    3.98358    4.16808    4.35186    4.53490    4.71715    4.89860    5.07922    5.25896    5.43781    5.61574    5.79271    5.96870    6.14368    6.31762    6.49049    6.66228    6.83295    7.00247    7.17081    7.33797    7.50390    7.66858    7.83199    7.99411    8.15490    8.31435    8.47244    8.62913    8.78441    8.93826    9.09066    9.24157    9.39099    9.53889    9.68526    9.83006    9.97329   10.11492   10.25494   10.39332   10.53005   10.66512   10.79849   10.93017   11.06013   11.18835   11.31482   11.43952   11.56245   11.68358   11.80290   11.92040   12.03606   12.14987   12.26181   12.37189   12.48007   12.58635   12.69073   12.79318   12.89370   12.99227   13.08889   13.18355   13.27623   13.36693   13.45563   13.54234   13.62703   13.70971   13.79036   13.86897   13.94555   14.02007   14.09254   14.16295   14.23129   14.29755   14.36173   14.42383   14.48383   14.54174   14.59754   14.65123   14.70282   14.75228   14.79962   14.84484   14.88793   14.92889   14.96771   15.00439   15.03893   15.07132   15.10157   15.12967   15.15561   15.17940   15.20103   15.22051   15.23782   15.25297   15.26596   15.27679   15.28545   15.29195   15.29628   15.29845   15.29845   15.29628   15.29195   15.28545   15.27679   15.26596   15.25297   15.23782   15.22051   15.20103   15.17940   15.15561   15.12967   15.10157   15.07132   15.03893   15.00439   14.96771   14.92889   14.88793   14.84484   14.79962   14.75228   14.70282   14.65123   14.59754   14.54174   14.48383   14.42383   14.36173   14.29755   14.23129   14.16295   14.09254   14.02007   13.94555   13.86897   13.79036   13.70971   13.62703   13.54234   13.45563   13.36693   13.27623   13.18355   13.08889   12.99227   12.89370   12.79318   12.69073   12.58635   12.48007   12.37189   12.26181   12.14987   12.03606   11.92040   11.80290   11.68358   11.56245   11.43952   11.31482   11.18835   11.06013   10.93017   10.79849   10.66512   10.53005   10.39332   10.25494   10.11492    9.97329    9.83006    9.68526    9.53889    9.39099    9.24157    9.09066    8.93826    8.78441    8.62913    8.47244    8.31435    8.15490    7.99411    7.83199    7.66858    7.50390    7.33797    7.17081    7.00247    6.83295    6.66228    6.49049    6.31762    6.14368    5.96870    5.79271    5.61574    5.43781    5.25896    5.07922    4.89860    4.71715    4.53490    4.35186    4.16808    3.98358    3.79840    3.61256    3.42610    3.23905    3.05144    2.86330    2.67466    2.48556    2.29603    2.10610    1.91581    1.72518    1.53425    1.34305    1.15162    0.95999    0.76820    0.57626    0.38423    0.19213    0.00000
   0.00000    0.19512    0.39021    0.58524    0.78016    0.97494    1.16955    1.36396    1.55813    1.75203    1.94562    2.13887    2.33175    2.52423    2.71626    2.90782    3.09888    3.28940    3.47935    3.66869    3.85740    4.04545    4.23279    4.41941    4.60527    4.79033    4.97457    5.15796    5.34047    5.52206    5.70272    5.88240    6.06108    6.23873    6.41533    6.59084    6.76524    6.93851    7.11060    7.28151    7.45119    7.61963    7.78681    7.95269    8.11725    8.28046    8.44231    8.60277    8.76182    8.91942    9.07557    9.23024    9.38341    9.53506    9.68516    9.83369    9.98065   10.12599   10.26972   10.41180   10.55222   10.69097   10.82802   10.96335   11.09696   11.22881   11.35891   11.48723   11.61375   11.73846   11.86135   11.98240   12.10160   12.21893   12.33438   12.44794   12.55960   12.66934   12.77715   12.88301   12.98693   13.08889   13.18887   13.28686   13.38287   13.47686   13.56885   13.65881   13.74675   13.83264   13.91648   13.99827   14.07799   14.15565   14.23122   14.30471   14.37610   14.44540   14.51259   14.57767   14.64063   14.70147   14.76018   14.81676   14.87120   14.92350   14.97366   15.02166   15.06750   15.11119   15.15271   15.19207   15.22926   15.26428   15.29712   15.32778   15.35627   15.38257   15.40669   15.42862   15.44836   15.46591   15.48127   15.49444   15.50542   15.51420   15.52079   15.52518   15.52738   15.52738   15.52518   15.52079   15.51420   15.50542   15.49444   15.48127   15.46591   15.44836   15.42862   15.40669   15.38257   15.35627   15.32778   15.29712   15.26428   15.22926   15.19207   15.15271   15.11119   15.06750   15.02166   14.97366   14.92350   14.87120   14.81676   14.76018   14.70147   14.64063   14.57767   14.51259   14.44540   14.37610   14.30471   14.23122   14.15565   14.07799   13.99827   13.91648   13.83264   13.74675   13.65881   13.56885   13.47686   13.38287   13.28686   13.18887   13.08889   12.98693   12.88301   12.77715   12.66934   12.55960   12.44794   12.33438   12.21893   12.10160   11.98240   11.86135   11.73846   11.61375   11.48723   11.35891   11.22881   11.09696   10.96335   10.82802   10.69097   10.55222   10.41180   10.26972   10.12599    9.98065    9.83369    9.68516    9.53506    9.38341    9.23024    9.07557    8.91942    8.76182    8.60277    8.44231    8.28046    8.11725    7.95269    7.78681    7.61963    7.45119    7.28151    7.11060    6.93851    6.76524    6.59084    6.41533    6.23873    6.06108    5.88240    5.70272    5.52206    5.34047    5.15796    4.97457    4.79033    4.60527    4.41941    4.23279    4.04545    3.85740    3.66869    3.47935    3.28940    3.09888    2.90782    2.71626    2.52423    2.33175    2.13887    1.94562    1.75203    1.55813    1.36396    1.16955    0.97494    0.78016    0.58524    0.39021    0.19512    0.00000
   0.00000    0.19815    0.39627    0.59431    0.79225    0.99006    1.18768    1.38511    1.58228    1.77918    1.97577    2.17202    2.36788    2.56333    2.75833    2.95285    3.14686    3.34032    3.53319    3.72546    3.91707    4.10801    4.29824    4.48772    4.67643    4.86433    5.05139    5.23759    5.42289    5.60726    5.79067    5.97309    6.15449    6.33485    6.51413    6.69230    6.86935    7.04523    7.21993    7.39342    7.56566    7.73664    7.90633    8.07470    8.24173    8.40739    8.57166    8.73452    8.89594    9.05590    9.21437    9.37134    9.52678    9.68067    9.83299    9.98372   10.13284   10.28032   10.42616   10.57033   10.71281   10.85358   10.99263   11.12994   11.26549   11.39927   11.53125   11.66143   11.78978   11.91630   12.04096   12.16375   12.28466   12.40368   12.52079   12.63598   12.74923   12.86053   12.96988   13.07726   13.18265   13.28605   13.38745   13.48683   13.58419   13.67952   13.77280   13.86403   13.95320   14.04030   14.12532   14.20825   14.28909   14.36783   14.44445   14.51897   14.59136   14.66162   14.72974   14.79572   14.85956   14.92124   14.98077   15.03813   15.09332   15.14634   15.19719   15.24585   15.29233   15.33661   15.37871   15.41861   15.45631   15.49180   15.52510   15.55618   15.58506   15.61172   15.63616   15.65839   15.67841   15.69620   15.71177   15.72512   15.73625   15.74515   15.75183   15.75628   15.75850   15.75850   15.75628   15.75183   15.74515   15.73625   15.72512   15.71177   15.69620   15.67841   15.65839   15.63616   15.61172   15.58506   15.55618   15.52510   15.49180   15.45631   15.41861   15.37871   15.33661   15.29233   15.24585   15.19719   15.14634   15.09332   15.03813   14.98077   14.92124   14.85956   14.79572   14.72974   14.66162   14.59136   14.51897   14.44445   14.36783   14.28909   14.20825   14.12532   14.04030   13.95320   13.86403   13.77280   13.67952   13.58419   13.48683   13.38745   13.28605   13.18265   13.07726   12.96988   12.86053   12.74923   12.63598   12.52079   12.40368   12.28466   12.16375   12.04096   11.91630   11.78978   11.66143   11.53125   11.39927   11.26549   11.12994   10.99263   10.85358   10.71281   10.57033   10.42616   10.28032   10.13284    9.98372    9.83299    9.68067    9.52678    9.37134    9.21437    9.05590    8.89594    8.73452    8.57166    8.40739    8.24173    8.07470    7.90633    7.73664    7.56566    7.39342    7.21993    7.04523    6.86935    6.69230    6.51413    6.33485    6.15449    5.97309    5.79067    5.60726    5.42289    5.23759    5.05139    4.86433    4.67643    4.48772    4.29824    4.10801    3.91707    3.72546    3.53319    3.34032    3.14686    2.95285    2.75833    2.56333    2.36788    2.17202    1.97577    1.77918    1.58228    1.38511    1.18768    0.99006    0.79225    0.59431    0.39627    0.19815    0.00000
   0.00000    0.20121    0.40239    0.60349    0.80449    1.00535    1.20603    1.40649    1.60671    1.80665    2.00627    2.20554    2.40442    2.60288    2.80088    2.99840    3.19539    3.39182    3.58765    3.78287    3.97742    4.17128    4.36442    4.55680    4.74840    4.93917    5.12909    5.31812    5.50624    5.69341    5.87961    6.06480    6.24895    6.43204    6.61403    6.79490    6.97461    7.15315    7.33048    7.50657    7.68140    7.85495    8.02717    8.19806    8.36758    8.53572    8.70243    8.86771    9.03152    9.19385    9.35467    9.51396    9.67169    9.82785    9.98241   10.13535   10.28666   10.43631   10.58427   10.73055   10.87510   11.01793   11.15900   11.29830   11.43581   11.57152   11.70540   11.83746   11.96766   12.09599   12.22244   12.34699   12.46963   12.59035   12.70912   12.82595   12.94081   13.05369   13.16459   13.27348   13.38037   13.48523   13.58805   13.68883   13.78756   13.88422   13.97881   14.07131   14.16173   14.25004   14.33624   14.42033   14.50229   14.58212   14.65981   14.73535   14.80874   14.87997   14.94904   15.01593   15.08064   15.14317   15.20352   15.26166   15.31761   15.37136   15.42290   15.47223   15.51934   15.56423   15.60690   15.64735   15.68556   15.72154   15.75529   15.78679   15.81606   15.84308   15.86786   15.89039   15.91068   15.92871   15.94450   15.95803   15.96930   15.97833   15.98509   15.98960   15.99186   15.99186   15.98960   15.98509   15.97833   15.96930   15.95803   15.94450   15.92871   15.91068   15.89039   15.86786   15.84308   15.81606   15.78679   15.75529   15.72154   15.68556   15.64735   15.60690   15.56423   15.51934   15.47223   15.42290   15.37136   15.31761   15.26166   15.20352   15.14317   15.08064   15.01593   14.94904   14.87997   14.80874   14.73535   14.65981   14.58212   14.50229   14.42033   14.33624   14.25004   14.16173   14.07131   13.97881   13.88422   13.78756   13.68883   13.58805   13.48523   13.38037   13.27348   13.16459   13.05369   12.94081   12.82595   12.70912   12.59035   12.46963   12.34699   12.22244   12.09599   11.96766   11.83746   11.70540   11.57152   11.43581   11.29830   11.15900   11.01793   10.87510   10.73055   10.58427   10.43631   10.28666   10.13535    9.98241    9.82785    9.67169    9.51396    9.35467    9.19385    9.03152    8.86771    8.70243    8.53572    8.36758    8.19806    8.02717    7.85495    7.68140    7.50657    7.33048    7.15315    6.97461    6.79490    6.61403    6.43204    6.24895    6.06480    5.87961    5.69341    5.50624    5.31812    5.12909    4.93917    4.74840    4.55680    4.36442    4.17128    3.97742    3.78287    3.58765    3.39182    3.19539    2.99840    2.80088    2.60288    2.40442    2.20554    2.00627    1.80665    1.60671    1.40649    1.20603    1.00535    0.80449    0.60349    0.40239    0.20121    0.00000
   0.00000    0.20431    0.40858    0.61278    0.81687    1.02081    1.22458    1.42813    1.63143    1.83444    2.03712    2.23945    2.44138    2.64289    2.84393    3.04447    3.24447    3.44391    3.64274    3.84094    4.03846    4.23528    4.43137    4.62668    4.82119    5.01486    5.20766    5.39957    5.59054    5.78054    5.96956    6.15754    6.34448    6.53032    6.71506    6.89865    7.08106    7.26228    7.44226    7.62099    7.79843    7.97456    8.14936    8.32279    8.49483    8.66546    8.83464    9.00236    9.16860    9.33332    9.49651    9.65813    9.81818    9.97663   10.13345   10.28863   10.44214   10.59397   10.74409   10.89248   11.03913   11.18402   11.32713   11.46844   11.60793   11.74559   11.88140   12.01534   12.14740   12.27756   12.40582   12.53214   12.65652   12.77895   12.89941   13.01789   13.13437   13.24885   13.36130   13.47173   13.58011   13.68644   13.79070   13.89289   13.99299   14.09100   14.18690   14.28069   14.37236   14.46189   14.54929   14.63453   14.71763   14.79856   14.87731   14.95390   15.02829   15.10050   15.17051   15.23831   15.30391   15.36730   15.42846   15.48740   15.54411   15.59859   15.65083   15.70083   15.74858   15.79408   15.83733   15.87832   15.91705   15.95351   15.98772   16.01965   16.04931   16.07670   16.10181   16.12465   16.14520   16.16348   16.17948   16.19319   16.20462   16.21376   16.22062   16.22519   16.22748   16.22748   16.22519   16.22062   16.21376   16.20462   16.19319   16.17948   16.16348   16.14520   16.12465   16.10181   16.07670   16.04931   16.01965   15.98772   15.95351   15.91705   15.87832   15.83733   15.79408   15.74858   15.70083   15.65083   15.59859   15.54411   15.48740   15.42846   15.36730   15.30391   15.23831   15.17051   15.10050   15.02829   14.95390   14.87731   14.79856   14.71763   14.63453   14.54929   14.46189   14.37236   14.28069   14.18690   14.09100   13.99299   13.89289   13.79070   13.68644   13.58011   13.47173   13.36130   13.24885   13.13437   13.01789   12.89941   12.77895   12.65652   12.53214   12.40582   12.27756   12.14740   12.01534   11.88140   11.74559   11.60793   11.46844   11.32713   11.18402   11.03913   10.89248   10.74409   10.59397   10.44214   10.28863   10.13345    9.97663    9.81818    9.65813    9.49651    9.33332    9.16860    9.00236    8.83464    8.66546    8.49483    8.32279    8.14936    7.97456    7.79843    7.62099    7.44226    7.26228    7.08106    6.89865    6.71506    6.53032    6.34448    6.15754    5.96956    5.78054    5.59054    5.39957    5.20766    5.01486    4.82119    4.62668    4.43137    4.23528    4.03846    3.84094    3.64274    3.44391    3.24447    3.04447    2.84393    2.64289    2.44138    2.23945    2.03712    1.83444    1.63143    1.42813    1.22458    1.02081    0.81687    0.61278    0.40858    0.20431    0.00000
   0.00000    0.20744    0.41484    0.62217    0.82939    1.03646    1.24335    1.45002    1.65643    1.86255    2.06833    2.27376    2.47878    2.68336    2.88747    3.09107    3.29413    3.49660    3.69847    3.89968    4.10021    4.30002    4.49908    4.69736    4.89482    5.09142    5.28714    5.48194    5.67580    5.86867    6.06053    6.25135    6.44109    6.62973    6.81723    7.00357    7.18871    7.37263    7.55530    7.73669    7.91677    8.09552    8.27291    8.44891    8.62349    8.79664    8.96832    9.13851    9.30719    9.47432    9.63990    9.80389    9.96628   10.12704   10.28614   10.44357   10.59931   10.75334   10.90563   11.05616   11.20493   11.35190   11.49706   11.64040   11.78189   11.92151   12.05926   12.19511   12.32905   12.46106   12.59113   12.71924   12.84538   12.96953   13.09168   13.21183   13.32994   13.44602   13.56005   13.67201   13.78191   13.88971   13.99542   14.09903   14.20052   14.29988   14.39711   14.49219   14.58512   14.67589   14.76448   14.85090   14.93513   15.01717   15.09700   15.17463   15.25004   15.32323   15.39419   15.46291   15.52940   15.59364   15.65564   15.71537   15.77285   15.82806   15.88101   15.93168   15.98007   16.02618   16.07001   16.11155   16.15080   16.18776   16.22242   16.25478   16.28484   16.31259   16.33804   16.36118   16.38201   16.40053   16.41674   16.43064   16.44222   16.45148   16.45843   16.46307   16.46538   16.46538   16.46307   16.45843   16.45148   16.44222   16.43064   16.41674   16.40053   16.38201   16.36118   16.33804   16.31259   16.28484   16.25478   16.22242   16.18776   16.15080   16.11155   16.07001   16.02618   15.98007   15.93168   15.88101   15.82806   15.77285   15.71537   15.65564   15.59364   15.52940   15.46291   15.39419   15.32323   15.25004   15.17463   15.09700   15.01717   14.93513   14.85090   14.76448   14.67589   14.58512   14.49219   14.39711   14.29988   14.20052   14.09903   13.99542   13.88971   13.78191   13.67201   13.56005   13.44602   13.32994   13.21183   13.09168   12.96953   12.84538   12.71924   12.59113   12.46106   12.32905   12.19511   12.05926   11.92151   11.78189   11.64040   11.49706   11.35190   11.20493   11.05616   10.90563   10.75334   10.59931   10.44357   10.28614   10.12704    9.96628    9.80389    9.63990    9.47432    9.30719    9.13851    8.96832    8.79664    8.62349    8.44891    8.27291    8.09552    7.91677    7.73669    7.55530    7.37263    7.18871    7.00357    6.81723    6.62973    6.44109    6.25135    6.06053    5.86867    5.67580    5.48194    5.28714    5.09142    4.89482    4.69736    4.49908    4.30002    4.10021    3.89968    3.69847    3.49660    3.29413    3.09107    2.88747    2.68336    2.47878    2.27376    2.06833    1.86255    1.65643    1.45002    1.24335    1.03646    0.82939    0.62217    0.41484    0.20744    0.00000
   0.00000    0.21061    0.42118    0.63168    0.84206    1.05229    1.26234    1.47216    1.68172    1.89099    2.09991    2.30847    2.51661    2.72431    2.93152    3.13822    3.34436    3.54991    3.75484    3.95911    4.16268    4.36551    4.56759    4.76886    4.96930    5.16887    5.36754    5.56527    5.76204    5.95781    6.15255    6.34623    6.53881    6.73027    6.92057    7.10969    7.29759    7.48424    7.66962    7.85370    8.03645    8.21784    8.39785    8.57644    8.75360    8.92929    9.10349    9.27617    9.44731    9.61689    9.78488    9.95126   10.11601   10.27910   10.44051   10.60021   10.75820   10.91444   11.06892   11.22162   11.37252   11.52159   11.66883   11.81421   11.95771   12.09932   12.23902   12.37679   12.51262   12.64649   12.77839   12.90831   13.03622   13.16211   13.28597   13.40779   13.52755   13.64525   13.76086   13.87438   13.98579   14.09509   14.20226   14.30729   14.41018   14.51091   14.60947   14.70585   14.80005   14.89206   14.98186   15.06946   15.15483   15.23798   15.31890   15.39757   15.47401   15.54818   15.62010   15.68976   15.75714   15.82224   15.88507   15.94561   16.00386   16.05981   16.11346   16.16481   16.21385   16.26058   16.30499   16.34708   16.38685   16.42430   16.45942   16.49221   16.52267   16.55079   16.57658   16.60003   16.62114   16.63990   16.65633   16.67040   16.68214   16.69153   16.69857   16.70326   16.70561   16.70561   16.70326   16.69857   16.69153   16.68214   16.67040   16.65633   16.63990   16.62114   16.60003   16.57658   16.55079   16.52267   16.49221   16.45942   16.42430   16.38685   16.34708   16.30499   16.26058   16.21385   16.16481   16.11346   16.05981   16.00386   15.94561   15.88507   15.82224   15.75714   15.68976   15.62010   15.54818   15.47401   15.39757   15.31890   15.23798   15.15483   15.06946   14.98186   14.89206   14.80005   14.70585   14.60947   14.51091   14.41018   14.30729   14.20226   14.09509   13.98579   13.87438   13.76086   13.64525   13.52755   13.40779   13.28597   13.16211   13.03622   12.90831   12.77839   12.64649   12.51262   12.37679   12.23902   12.09932   11.95771   11.81421   11.66883   11.52159   11.37252   11.22162   11.06892   10.91444   10.75820   10.60021   10.44051   10.27910   10.11601    9.95126    9.78488    9.61689    9.44731    9.27617    9.10349    8.92929    8.75360    8.57644    8.39785    8.21784    8.03645    7.85370    7.66962    7.48424    7.29759    7.10969    6.92057    6.73027    6.53881    6.34623    6.15255    5.95781    5.76204    5.56527    5.36754    5.16887    4.96930    4.76886    4.56759    4.36551    4.16268    3.95911    3.75484    3.54991    3.34436    3.13822    2.93152    2.72431    2.51661    2.30847    2.09991    1.89099    1.68172    1.47216    1.26234    1.05229    0.84206    0.63168    0.42118    0.21061    0.00000
   0.00000    0.21382    0.42759    0.64129    0.85488    1.06831    1.28156    1.49457    1.70732    1.91976    2.13186    2.34358    2.55489    2.76574    2.97609    3.18592    3.39519    3.60385    3.81188    4.01923    4.22587    4.43177    4.63689    4.84119    5.04465    5.24722    5.44887    5.64957    5.84929    6.04799    6.24564    6.44220    6.63766    6.83197    7.02510    7.21702    7.40771    7.59713    7.78525    7.97205    8.15749    8.34155    8.52420    8.70542    8.88517    9.06343    9.24017    9.41537    9.58901    9.76105    9.93148   10.10027   10.26740   10.43284   10.59657   10.75858   10.91883   11.07732   11.23401   11.38888   11.54193   11.69313   11.84245   11.98989   12.13543   12.27904   12.42071   12.56042   12.69816   12.83391   12.96766   13.09938   13.22908   13.35672   13.48231   13.60582   13.72724   13.84656   13.96377   14.07885   14.19180   14.30260   14.41124   14.51771   14.62200   14.72410   14.82401   14.92170   15.01718   15.11044   15.20145   15.29023   15.37676   15.46103   15.54304   15.62277   15.70023   15.77540   15.84829   15.91887   15.98715   16.05313   16.11679   16.17814   16.23716   16.29386   16.34822   16.40025   16.44994   16.49729   16.54229   16.58494   16.62524   16.66318   16.69876   16.73198   16.76284   16.79134   16.81746   16.84122   16.86260   16.88162   16.89826   16.91252   16.92441   16.93392   16.94106   16.94581   16.94819   16.94819   16.94581   16.94106   16.93392   16.92441   16.91252   16.89826   16.88162   16.86260   16.84122   16.81746   16.79134   16.76284   16.73198   16.69876   16.66318   16.62524   16.58494   16.54229   16.49729   16.44994   16.40025   16.34822   16.29386   16.23716   16.17814   16.11679   16.05313   15.98715   15.91887   15.84829   15.77540   15.70023   15.62277   15.54304   15.46103   15.37676   15.29023   15.20145   15.11044   15.01718   14.92170   14.82401   14.72410   14.62200   14.51771   14.41124   14.30260   14.19180   14.07885   13.96377   13.84656   13.72724   13.60582   13.48231   13.35672   13.22908   13.09938   12.96766   12.83391   12.69816   12.56042   12.42071   12.27904   12.13543   11.98989   11.84245   11.69313   11.54193   11.38888   11.23401   11.07732   10.91883   10.75858   10.59657   10.43284   10.26740   10.10027    9.93148    9.76105    9.58901    9.41537    9.24017    9.06343    8.88517    8.70542    8.52420    8.34155    8.15749    7.97205    7.78525    7.59713    7.40771    7.21702    7.02510    6.83197    6.63766    6.44220    6.24564    6.04799    5.84929    5.64957    5.44887    5.24722    5.04465    4.84119    4.63689    4.43177    4.22587    4.01923    3.81188    3.60385    3.39519    3.18592    2.97609    2.76574    2.55489    2.34358    2.13186    1.91976    1.70732    1.49457    1.28156    1.06831    0.85488    0.64129    0.42759    0.21382    0.00000
   0.00000    0.21706    0.43408    0.65103    0.86785    1.08452    1.30100    1.51725    1.73322    1.94888    2.16419    2.37912    2.59362    2.80766    3.02120    3.23419    3.44662    3.65843    3.86959    4.08006    4.28982    4.49881    4.70701    4.91438    5.12088    5.32649    5.53115    5.73485    5.93755    6.13921    6.33981    6.53930    6.73765    6.93484    7.13083    7.32559    7.51910    7.71131    7.90220    8.09175    8.27991    8.46667    8.65200    8.83586    9.01823    9.19909    9.37840    9.55615    9.73230    9.90683   10.07972   10.25094   10.42047   10.58829   10.75437   10.91869   11.08124   11.24198   11.40090   11.55798   11.71320   11.86653   12.01797   12.16749   12.31507   12.46070   12.60435   12.74602   12.88569   13.02333   13.15894   13.29249   13.42399   13.55340   13.68072   13.80593   13.92903   14.04999   14.16880   14.28546   14.39995   14.51226   14.62238   14.73030   14.83601   14.93950   15.04076   15.13977   15.23654   15.33105   15.42329   15.51326   15.60095   15.68635   15.76945   15.85025   15.92874   16.00492   16.07877   16.15029   16.21948   16.28633   16.35084   16.41299   16.47280   16.53024   16.58532   16.63804   16.68838   16.73635   16.78194   16.82515   16.86598   16.90442   16.94046   16.97412   17.00538   17.03425   17.06072   17.08478   17.10645   17.12571   17.14257   17.15702   17.16906   17.17870   17.18592   17.19074   17.19315   17.19315   17.19074   17.18592   17.17870   17.16906   17.15702   17.14257   17.12571   17.10645   17.08478   17.06072   17.03425   17.00538   16.97412   16.94046   16.90442   16.86598   16.82515   16.78194   16.73635   16.68838   16.63804   16.58532   16.53024   16.47280   16.41299   16.35084   16.28633   16.21948   16.15029   16.07877   16.00492   15.92874   15.85025   15.76945   15.68635   15.60095   15.51326   15.42329   15.33105   15.23654   15.13977   15.04076   14.93950   14.83601   14.73030   14.62238   14.51226   14.39995   14.28546   14.16880   14.04999   13.92903   13.80593   13.68072   13.55340   13.42399   13.29249   13.15894   13.02333   12.88569   12.74602   12.60435   12.46070   12.31507   12.16749   12.01797   11.86653   11.71320   11.55798   11.40090   11.24198   11.08124   10.91869   10.75437   10.58829   10.42047   10.25094   10.07972    9.90683    9.73230    9.55615    9.37840    9.19909    9.01823    8.83586    8.65200    8.46667    8.27991    8.09175    7.90220    7.71131    7.51910    7.32559    7.13083    6.93484    6.73765    6.53930    6.33981    6.13921    5.93755    5.73485    5.53115    5.32649    5.12088    4.91438    4.70701    4.49881    4.28982    4.08006    3.86959    3.65843    3.44662    3.23419    3.02120    2.80766    2.59362    2.37912    2.16419    1.94888    1.73322    1.51725    1.30100    1.08452    0.86785    0.65103    0.43408    0.21706    0.00000
   0.00000    0.22034    0.44065    0.66088    0.88098    1.10093    1.32068    1.54019    1.75943    1.97835    2.19691    2.41508    2.63282    2.85008    3.06684    3.28304    3.49866    3.71365    3.92799    4.14162    4.35452    4.56664    4.77796    4.98843    5.19802    5.40669    5.61441    5.82114    6.02685    6.23151    6.43508    6.63752    6.83881    7.03891    7.23780    7.43543    7.63178    7.82682    8.02051    8.21283    8.40375    8.59323    8.78126    8.96779    9.15281    9.33629    9.51820    9.69851    9.87721   10.05425   10.22962   10.40330   10.57526   10.74548   10.91393   11.08059   11.24545   11.40847   11.56964   11.72894   11.88635   12.04184   12.19541   12.34702   12.49667   12.64433   12.78999   12.93363   13.07524   13.21479   13.35227   13.48768   13.62098   13.75217   13.88124   14.00817   14.13295   14.25556   14.37600   14.49425   14.61029   14.72413   14.83574   14.94511   15.05225   15.15713   15.25975   15.36009   15.45816   15.55393   15.64741   15.73858   15.82743   15.91397   15.99818   16.08005   16.15958   16.23676   16.31158   16.38405   16.45415   16.52188   16.58724   16.65021   16.71079   16.76899   16.82479   16.87820   16.92920   16.97779   17.02398   17.06775   17.10911   17.14805   17.18456   17.21866   17.25033   17.27957   17.30638   17.33076   17.35270   17.37221   17.38929   17.40392   17.41612   17.42588   17.43320   17.43809   17.44053   17.44053   17.43809   17.43320   17.42588   17.41612   17.40392   17.38929   17.37221   17.35270   17.33076   17.30638   17.27957   17.25033   17.21866   17.18456   17.14805   17.10911   17.06775   17.02398   16.97779   16.92920   16.87820   16.82479   16.76899   16.71079   16.65021   16.58724   16.52188   16.45415   16.38405   16.31158   16.23676   16.15958   16.08005   15.99818   15.91397   15.82743   15.73858   15.64741   15.55393   15.45816   15.36009   15.25975   15.15713   15.05225   14.94511   14.83574   14.72413   14.61029   14.49425   14.37600   14.25556   14.13295   14.00817   13.88124   13.75217   13.62098   13.48768   13.35227   13.21479   13.07524   12.93363   12.78999   12.64433   12.49667   12.34702   12.19541   12.04184   11.88635   11.72894   11.56964   11.40847   11.24545   11.08059   10.91393   10.74548   10.57526   10.40330   10.22962   10.05425    9.87721    9.69851    9.51820    9.33629    9.15281    8.96779    8.78126    8.59323    8.40375    8.21283    8.02051    7.82682    7.63178    7.43543    7.23780    7.03891    6.83881    6.63752    6.43508    6.23151    6.02685    5.82114    5.61441    5.40669    5.19802    4.98843    4.77796    4.56664    4.35452    4.14162    3.92799    3.71365    3.49866    3.28304    3.06684    2.85008    2.63282    2.41508    2.19691    1.97835    1.75943    1.54019    1.32068    1.10093    0.88098    0.66088    0.44065    0.22034    0.00000
   0.00000    0.22367    0.44730    0.67084    0.89427    1.11753    1.34060    1.56342    1.78595    2.00817    2.23002    2.45147    2.67249    2.89301    3.11302    3.33247    3.55133    3.76954    3.98709    4.20392    4.42000    4.63529    4.84976    5.06336    5.27607    5.48785    5.69865    5.90845    6.11721    6.32490    6.53147    6.73691    6.94116    7.14421    7.34602    7.54655    7.74578    7.94367    8.14019    8.33531    8.52901    8.72125    8.91200    9.10124    9.28894    9.47507    9.65960    9.84251   10.02376   10.20335   10.38123   10.55739   10.73180   10.90444   11.07528   11.24431   11.41149   11.57682   11.74026   11.90180   12.06141   12.21909   12.37480   12.52853   12.68026   12.82997   12.97765   13.12328   13.26684   13.40832   13.54769   13.68496   13.82009   13.95308   14.08391   14.21257   14.33904   14.46332   14.58539   14.70523   14.82285   14.93821   15.05133   15.16217   15.27074   15.37703   15.48102   15.58270   15.68207   15.77912   15.87383   15.96621   16.05624   16.14392   16.22924   16.31219   16.39276   16.47096   16.54676   16.62018   16.69120   16.75981   16.82602   16.88981   16.95119   17.01014   17.06666   17.12076   17.17242   17.22165   17.26843   17.31277   17.35466   17.39410   17.43109   17.46562   17.49770   17.52732   17.55447   17.57916   17.60139   17.62115   17.63845   17.65327   17.66563   17.67551   17.68293   17.68787   17.69034   17.69034   17.68787   17.68293   17.67551   17.66563   17.65327   17.63845   17.62115   17.60139   17.57916   17.55447   17.52732   17.49770   17.46562   17.43109   17.39410   17.35466   17.31277   17.26843   17.22165   17.17242   17.12076   17.06666   17.01014   16.95119   16.88981   16.82602   16.75981   16.69120   16.62018   16.54676   16.47096   16.39276   16.31219   16.22924   16.14392   16.05624   15.96621   15.87383   15.77912   15.68207   15.58270   15.48102   15.37703   15.27074   15.16217   15.05133   14.93821   14.82285   14.70523   14.58539   14.46332   14.33904   14.21257   14.08391   13.95308   13.82009   13.68496   13.54769   13.40832   13.26684   13.12328   12.97765   12.82997   12.68026   12.52853   12.37480   12.21909   12.06141   11.90180   11.74026   11.57682   11.41149   11.24431   11.07528   10.90444   10.73180   10.55739   10.38123   10.20335   10.02376    9.84251    9.65960    9.47507    9.28894    9.10124    8.91200    8.72125    8.52901    8.33531    8.14019    7.94367    7.74578    7.54655    7.34602    7.14421    6.94116    6.73691    6.53147    6.32490    6.11721    5.90845    5.69865    5.48785    5.27607    5.06336    4.84976    4.63529    4.42000    4.20392    3.98709    3.76954    3.55133    3.33247    3.11302    2.89301    2.67249    2.45147    2.23002    2.00817    1.78595    1.56342    1.34060    1.11753    0.89427    0.67084    0.44730    0.22367    0.00000
   0.00000    0.22703    0.45402    0.68093    0.90772    1.13434    1.36076    1.58692    1.81280    2.03836    2.26354    2.48831    2.71264    2.93647    3.15977    3.38251    3.60463    3.82611    4.04690    4.26696    4.48626    4.70476    4.92242    5.13920    5.35506    5.56997    5.78390    5.99680    6.20864    6.41939    6.62901    6.83747    7.04472    7.25075    7.45551    7.65898    7.86111    8.06189    8.26127    8.45923    8.65573    8.85076    9.04427    9.23624    9.42664    9.61544    9.80262    9.98815   10.17200   10.35414   10.53456   10.71322   10.89011   11.06519   11.23845   11.40986   11.57940   11.74705   11.91278   12.07658   12.23842   12.39829   12.55617   12.71203   12.86587   13.01765   13.16737   13.31500   13.46053   13.60395   13.74523   13.88437   14.02134   14.15614   14.28875   14.41915   14.54733   14.67329   14.79700   14.91846   15.03765   15.15456   15.26918   15.38151   15.49153   15.59922   15.70459   15.80762   15.90831   16.00663   16.10260   16.19619   16.28741   16.37623   16.46267   16.54670   16.62833   16.70754   16.78434   16.85871   16.93065   17.00015   17.06722   17.13183   17.19400   17.25372   17.31097   17.36576   17.41809   17.46795   17.51533   17.56024   17.60267   17.64261   17.68008   17.71505   17.74754   17.77753   17.80503   17.83004   17.85255   17.87257   17.89008   17.90509   17.91761   17.92762   17.93513   17.94013   17.94264   17.94264   17.94013   17.93513   17.92762   17.91761   17.90509   17.89008   17.87257   17.85255   17.83004   17.80503   17.77753   17.74754   17.71505   17.68008   17.64261   17.60267   17.56024   17.51533   17.46795   17.41809   17.36576   17.31097   17.25372   17.19400   17.13183   17.06722   17.00015   16.93065   16.85871   16.78434   16.70754   16.62833   16.54670   16.46267   16.37623   16.28741   16.19619   16.10260   16.00663   15.90831   15.80762   15.70459   15.59922   15.49153   15.38151   15.26918   15.15456   15.03765   14.91846   14.79700   14.67329   14.54733   14.41915   14.28875   14.15614   14.02134   13.88437   13.74523   13.60395   13.46053   13.31500   13.16737   13.01765   12.86587   12.71203   12.55617   12.39829   12.23842   12.07658   11.91278   11.74705   11.57940   11.40986   11.23845   11.06519   10.89011   10.71322   10.53456   10.35414   10.17200    9.98815    9.80262    9.61544    9.42664    9.23624    9.04427    8.85076    8.65573    8.45923    8.26127    8.06189    7.86111    7.65898    7.45551    7.25075    7.04472    6.83747    6.62901    6.41939    6.20864    5.99680    5.78390    5.56997    5.35506    5.13920    4.92242    4.70476    4.48626    4.26696    4.04690    3.82611    3.60463    3.38251    3.15977    2.93647    2.71264    2.48831    2.26354    2.03836    1.81280    1.58692    1.36076    1.13434    0.90772    0.68093    0.45402    0.22703    0.00000
   0.00000    0.23044    0.46083    0.69115    0.92133    1.15135    1.38116    1.61072    1.83998    2.06891    2.29746    2.52560    2.75328    2.98045    3.20709    3.43315    3.65858    3.88336    4.10744    4.33077    4.55333    4.77507    4.99595    5.21594    5.43500    5.65309    5.87017    6.08621    6.30117    6.51502    6.72772    6.93923    7.14952    7.35855    7.56630    7.77273    7.97781    8.18150    8.38377    8.58460    8.78394    8.98178    9.17808    9.37280    9.56594    9.75744    9.94730   10.13547   10.32194   10.50667   10.68965   10.87084   11.05022   11.22777   11.40347   11.57728   11.74920   11.91919   12.08724   12.25332   12.41741   12.57950   12.73956   12.89757   13.05353   13.20740   13.35917   13.50882   13.65634   13.80171   13.94492   14.08595   14.22478   14.36140   14.49579   14.62795   14.75786   14.88550   15.01087   15.13395   15.25473   15.37320   15.48935   15.60316   15.71463   15.82375   15.93051   16.03489   16.13690   16.23652   16.33374   16.42856   16.52096   16.61095   16.69850   16.78363   16.86632   16.94655   17.02434   17.09967   17.17254   17.24294   17.31086   17.37631   17.43928   17.49976   17.55774   17.61324   17.66623   17.71672   17.76471   17.81019   17.85316   17.89361   17.93155   17.96697   17.99987   18.03025   18.05810   18.08342   18.10622   18.12648   18.14422   18.15942   18.17209   18.18223   18.18983   18.19490   18.19744   18.19744   18.19490   18.18983   18.18223   18.17209   18.15942   18.14422   18.12648   18.10622   18.08342   18.05810   18.03025   17.99987   17.96697   17.93155   17.89361   17.85316   17.81019   17.76471   17.71672   17.66623   17.61324   17.55774   17.49976   17.43928   17.37631   17.31086   17.24294   17.17254   17.09967   17.02434   16.94655   16.86632   16.78363   16.69850   16.61095   16.52096   16.42856   16.33374   16.23652   16.13690   16.03489   15.93051   15.82375   15.71463   15.60316   15.48935   15.37320   15.25473   15.13395   15.01087   14.88550   14.75786   14.62795   14.49579   14.36140   14.22478   14.08595   13.94492   13.80171   13.65634   13.50882   13.35917   13.20740   13.05353   12.89757   12.73956   12.57950   12.41741   12.25332   12.08724   11.91919   11.74920   11.57728   11.40347   11.22777   11.05022   10.87084   10.68965   10.50667   10.32194   10.13547    9.94730    9.75744    9.56594    9.37280    9.17808    8.98178    8.78394    8.58460    8.38377    8.18150    7.97781    7.77273    7.56630    7.35855    7.14952    6.93923    6.72772    6.51502    6.30117    6.08621    5.87017    5.65309    5.43500    5.21594    4.99595    4.77507    4.55333    4.33077    4.10744    3.88336    3.65858    3.43315    3.20709    2.98045    2.75328    2.52560    2.29746    2.06891    1.83998    1.61072    1.38116    1.15135    0.92133    0.69115    0.46083    0.23044    0.00000
   0.00000    0.23389    0.46773    0.70149    0.93512    1.16857    1.40182    1.63481    1.86749    2.09984    2.33181    2.56334    2.79442    3.02498    3.25499    3.48441    3.71320    3.94131    4.16872    4.39536    4.62122    4.84624    5.07039    5.29362    5.51591    5.73721    5.95749    6.17670    6.39482    6.61180    6.82761    7.04221    7.25557    7.46765    7.67842    7.88784    8.09589    8.30253    8.50773    8.71145    8.91366    9.11434    9.31345    9.51097    9.70686    9.90110   10.09366   10.28450   10.47361   10.66096   10.84652   11.03026   11.21217   11.39221   11.57037   11.74661   11.92093   12.09328   12.26366   12.43204   12.59841   12.76273   12.92500   13.08518   13.24327   13.39925   13.55309   13.70478   13.85431   14.00165   14.14679   14.28972   14.43042   14.56888   14.70508   14.83901   14.97065   15.10000   15.22703   15.35175   15.47413   15.59416   15.71184   15.82716   15.94009   16.05064   16.15880   16.26455   16.36789   16.46880   16.56729   16.66334   16.75694   16.84809   16.93678   17.02300   17.10675   17.18802   17.26681   17.34310   17.41690   17.48820   17.55699   17.62328   17.68704   17.74829   17.80702   17.86321   17.91688   17.96801   18.01661   18.06266   18.10617   18.14713   18.18555   18.22142   18.25473   18.28549   18.31369   18.33933   18.36241   18.38293   18.40089   18.41628   18.42911   18.43938   18.44708   18.45221   18.45478   18.45478   18.45221   18.44708   18.43938   18.42911   18.41628   18.40089   18.38293   18.36241   18.33933   18.31369   18.28549   18.25473   18.22142   18.18555   18.14713   18.10617   18.06266   18.01661   17.96801   17.91688   17.86321   17.80702   17.74829   17.68704   17.62328   17.55699   17.48820   17.41690   17.34310   17.26681   17.18802   17.10675   17.02300   16.93678   16.84809   16.75694   16.66334   16.56729   16.46880   16.36789   16.26455   16.15880   16.05064   15.94009   15.82716   15.71184   15.59416   15.47413   15.35175   15.22703   15.10000   14.97065   14.83901   14.70508   14.56888   14.43042   14.28972   14.14679   14.00165   13.85431   13.70478   13.55309   13.39925   13.24327   13.08518   12.92500   12.76273   12.59841   12.43204   12.26366   12.09328   11.92093   11.74661   11.57037   11.39221   11.21217   11.03026   10.84652   10.66096   10.47361   10.28450   10.09366    9.90110    9.70686    9.51097    9.31345    9.11434    8.91366    8.71145    8.50773    8.30253    8.09589    7.88784    7.67842    7.46765    7.25557    7.04221    6.82761    6.61180    6.39482    6.17670    5.95749    5.73721    5.51591    5.29362    5.07039    4.84624    4.62122    4.39536    4.16872    3.94131    3.71320    3.48441    3.25499    3.02498    2.79442    2.56334    2.33181    2.09984    1.86749    1.63481    1.40182    1.16857    0.93512    0.70149    0.46773    0.23389    0.00000
   0.00000    0.23738    0.47471    0.71196    0.94907    1.18601    1.42273    1.65919    1.89535    2.13116    2.36658    2.60156    2.83607    3.07005    3.30348    3.53631    3.76849    3.99998    4.23075    4.46075    4.68994    4.91828    5.14573    5.37226    5.59781    5.82236    6.04587    6.26830    6.48960    6.70975    6.92871    7.14643    7.36289    7.57805    7.79188    8.00433    8.21539    8.42501    8.63316    8.83980    9.04492    9.24847    9.45043    9.65076    9.84944   10.04644   10.24173   10.43527   10.62705   10.81704   11.00521   11.19153   11.37598   11.55854   11.73918   11.91788   12.09461   12.26936   12.44209   12.61279   12.78145   12.94802   13.11251   13.27489   13.43513   13.59323   13.74916   13.90291   14.05446   14.20379   14.35088   14.49573   14.63832   14.77862   14.91664   15.05235   15.18574   15.31680   15.44552   15.57188   15.69587   15.81748   15.93671   16.05353   16.16794   16.27994   16.38950   16.49662   16.60130   16.70352   16.80328   16.90057   16.99537   17.08769   17.17752   17.26485   17.34967   17.43198   17.51177   17.58903   17.66377   17.73597   17.80564   17.87276   17.93733   17.99935   18.05882   18.11572   18.17006   18.22184   18.27104   18.31767   18.36173   18.40321   18.44210   18.47842   18.51215   18.54329   18.57184   18.59780   18.62117   18.64195   18.66013   18.67572   18.68871   18.69910   18.70689   18.71209   18.71469   18.71469   18.71209   18.70689   18.69910   18.68871   18.67572   18.66013   18.64195   18.62117   18.59780   18.57184   18.54329   18.51215   18.47842   18.44210   18.40321   18.36173   18.31767   18.27104   18.22184   18.17006   18.11572   18.05882   17.99935   17.93733   17.87276   17.80564   17.73597   17.66377   17.58903   17.51177   17.43198   17.34967   17.26485   17.17752   17.08769   16.99537   16.90057   16.80328   16.70352   16.60130   16.49662   16.38950   16.27994   16.16794   16.05353   15.93671   15.81748   15.69587   15.57188   15.44552   15.31680   15.18574   15.05235   14.91664   14.77862   14.63832   14.49573   14.35088   14.20379   14.05446   13.90291   13.74916   13.59323   13.43513   13.27489   13.11251   12.94802   12.78145   12.61279   12.44209   12.26936   12.09461   11.91788   11.73918   11.55854   11.37598   11.19153   11.00521   10.81704   10.62705   10.43527   10.24173   10.04644    9.84944    9.65076    9.45043    9.24847    9.04492    8.83980    8.63316    8.42501    8.21539    8.00433    7.79188    7.57805    7.36289    7.14643    6.92871    6.70975    6.48960    6.26830    6.04587    5.82236    5.59781    5.37226    5.14573    4.91828    4.68994    4.46075    4.23075    3.99998    3.76849    3.53631    3.30348    3.07005    2.83607    2.60156    2.36658    2.13116    1.89535    1.65919    1.42273    1.18601    0.94907    0.71196    0.47471    0.23738    0.00000
   0.00000    0.24091    0.48178    0.72255    0.96320    1.20366    1.44391    1.68389    1.92355    2.16286    2.40178    2.64025    2.87824    3.11569    3.35258    3.58885    3.82446    4.05938    4.29355    4.52694    4.75951    4.99121    5.22201    5.45186    5.68072    5.90856    6.13534    6.36101    6.58554    6.80890    7.03104    7.25192    7.47152    7.68979    7.90671    8.12223    8.33632    8.54895    8.76009    8.96969    9.17774    9.38420    9.58903    9.79221    9.99371   10.19349   10.39154   10.58781   10.78229   10.97494   11.16574   11.35467   11.54170   11.72679   11.90994   12.09111   12.27029   12.44744   12.62255   12.79560   12.96656   13.13541   13.30214   13.46673   13.62915   13.78938   13.94742   14.10324   14.25682   14.40816   14.55722   14.70401   14.84849   14.99066   15.13051   15.26802   15.40317   15.53596   15.66636   15.79438   15.92000   16.04320   16.16398   16.28232   16.39822   16.51166   16.62264   16.73115   16.83717   16.94071   17.04175   17.14028   17.23630   17.32979   17.42077   17.50920   17.59510   17.67845   17.75925   17.83750   17.91318   17.98629   18.05683   18.12479   18.19018   18.25297   18.31318   18.37080   18.42582   18.47824   18.52806   18.57527   18.61987   18.66187   18.70124   18.73801   18.77216   18.80368   18.83259   18.85887   18.88253   18.90356   18.92197   18.93775   18.95090   18.96142   18.96931   18.97457   18.97720   18.97720   18.97457   18.96931   18.96142   18.95090   18.93775   18.92197   18.90356   18.88253   18.85887   18.83259   18.80368   18.77216   18.73801   18.70124   18.66187   18.61987   18.57527   18.52806   18.47824   18.42582   18.37080   18.31318   18.25297   18.19018   18.12479   18.05683   17.98629   17.91318   17.83750   17.75925   17.67845   17.59510   17.50920   17.42077   17.32979   17.23630   17.14028   17.04175   16.94071   16.83717   16.73115   16.62264   16.51166   16.39822   16.28232   16.16398   16.04320   15.92000   15.79438   15.66636   15.53596   15.40317   15.26802   15.13051   14.99066   14.84849   14.70401   14.55722   14.40816   14.25682   14.10324   13.94742   13.78938   13.62915   13.46673   13.30214   13.13541   12.96656   12.79560   12.62255   12.44744   12.27029   12.09111   11.90994   11.72679   11.54170   11.35467   11.16574   10.97494   10.78229   10.58781   10.39154   10.19349    9.99371    9.79221    9.58903    9.38420    9.17774    8.96969    8.76009    8.54895    8.33632    8.12223    7.90671    7.68979    7.47152    7.25192    7.03104    6.80890    6.58554    6.36101    6.13534    5.90856    5.68072    5.45186    5.22201    4.99121    4.75951    4.52694    4.29355    4.05938    3.82446    3.58885    3.35258    3.11569    2.87824    2.64025    2.40178    2.16286    1.92355    1.68389    1.44391    1.20366    0.96320    0.72255    0.48178    0.24091    0.00000
   0.00000    0.24449    0.48893    0.73329    0.97751    1.22154    1.46535    1.70889    1.95211    2.19497    2.43742    2.67943    2.92093    3.16190    3.40229    3.64205    3.88114    4.11952    4.35714    4.59396    4.82994    5.06505    5.29923    5.53244    5.76465    5.99582    6.22590    6.45486    6.68266    6.90926    7.13462    7.35870    7.58147    7.80290    8.02294    8.24156    8.45872    8.67440    8.88855    9.10115    9.31216    9.52155    9.72929    9.93534   10.13969   10.34229   10.54312   10.74215   10.93935   11.13470   11.32816   11.51972   11.70934   11.89700   12.08268   12.26635   12.44799   12.62757   12.80508   12.98049   13.15378   13.32493   13.49392   13.66073   13.82535   13.98774   14.14790   14.30581   14.46145   14.61480   14.76585   14.91458   15.06098   15.20503   15.34672   15.48604   15.62297   15.75749   15.88960   16.01929   16.14654   16.27134   16.39368   16.51356   16.63095   16.74585   16.85826   16.96816   17.07554   17.18040   17.28272   17.38251   17.47974   17.57443   17.66655   17.75610   17.84308   17.92748   18.00930   18.08852   18.16515   18.23918   18.31060   18.37941   18.44561   18.50919   18.57015   18.62848   18.68418   18.73725   18.78768   18.83548   18.88063   18.92314   18.96300   19.00022   19.03479   19.06670   19.09596   19.12257   19.14652   19.16781   19.18644   19.20241   19.21572   19.22637   19.23436   19.23969   19.24235   19.24235   19.23969   19.23436   19.22637   19.21572   19.20241   19.18644   19.16781   19.14652   19.12257   19.09596   19.06670   19.03479   19.00022   18.96300   18.92314   18.88063   18.83548   18.78768   18.73725   18.68418   18.62848   18.57015   18.50919   18.44561   18.37941   18.31060   18.23918   18.16515   18.08852   18.00930   17.92748   17.84308   17.75610   17.66655   17.57443   17.47974   17.38251   17.28272   17.18040   17.07554   16.96816   16.85826   16.74585   16.63095   16.51356   16.39368   16.27134   16.14654   16.01929   15.88960   15.75749   15.62297   15.48604   15.34672   15.20503   15.06098   14.91458   14.76585   14.61480   14.46145   14.30581   14.14790   13.98774   13.82535   13.66073   13.49392   13.32493   13.15378   12.98049   12.80508   12.62757   12.44799   12.26635   12.08268   11.89700   11.70934   11.51972   11.32816   11.13470   10.93935   10.74215   10.54312   10.34229   10.13969    9.93534    9.72929    9.52155    9.31216    9.10115    8.88855    8.67440    8.45872    8.24156    8.02294    7.80290    7.58147    7.35870    7.13462    6.90926    6.68266    6.45486    6.22590    5.99582    5.76465    5.53244    5.29923    5.06505    4.82994    4.59396    4.35714    4.11952    3.88114    3.64205    3.40229    3.16190    2.92093    2.67943    2.43742    2.19497    1.95211    1.70889    1.46535    1.22154    0.97751    0.73329    0.48893    0.24449    0.00000
   0.00000    0.24811    0.49618    0.74416    0.99199    1.23965    1.48707    1.73421    1.98103    2.22748    2.47352    2.71910    2.96417    3.20870    3.45263    3.69592    3.93853    4.18041    4.42152    4.66182    4.90126    5.13981    5.37741    5.61403    5.84963    6.08417    6.31760    6.54988    6.78098    7.01086    7.23948    7.46680    7.69278    7.91739    8.14059    8.36234    8.58261    8.80136    9.01857    9.23419    9.44820    9.66055    9.87123   10.08019   10.28741   10.49286   10.69650   10.89832   11.09827   11.29633   11.49249   11.68670   11.87894   12.06919   12.25742   12.44361   12.62774   12.80978   12.98971   13.16750   13.34314   13.51661   13.68788   13.85694   14.02376   14.18834   14.35064   14.51065   14.66836   14.82375   14.97680   15.12749   15.27582   15.42177   15.56532   15.70645   15.84517   15.98144   16.11527   16.24664   16.37554   16.50195   16.62586   16.74728   16.86617   16.98255   17.09639   17.20768   17.31643   17.42262   17.52624   17.62728   17.72575   17.82162   17.91490   18.00558   18.09365   18.17910   18.26194   18.34215   18.41973   18.49468   18.56699   18.63665   18.70367   18.76803   18.82974   18.88879   18.94517   18.99889   19.04995   19.09833   19.14403   19.18706   19.22742   19.26509   19.30007   19.33238   19.36200   19.38892   19.41317   19.43472   19.45357   19.46974   19.48321   19.49399   19.50208   19.50747   19.51016   19.51016   19.50747   19.50208   19.49399   19.48321   19.46974   19.45357   19.43472   19.41317   19.38892   19.36200   19.33238   19.30007   19.26509   19.22742   19.18706   19.14403   19.09833   19.04995   18.99889   18.94517   18.88879   18.82974   18.76803   18.70367   18.63665   18.56699   18.49468   18.41973   18.34215   18.26194   18.17910   18.09365   18.00558   17.91490   17.82162   17.72575   17.62728   17.52624   17.42262   17.31643   17.20768   17.09639   16.98255   16.86617   16.74728   16.62586   16.50195   16.37554   16.24664   16.11527   15.98144   15.84517   15.70645   15.56532   15.42177   15.27582   15.12749   14.97680   14.82375   14.66836   14.51065   14.35064   14.18834   14.02376   13.85694   13.68788   13.51661   13.34314   13.16750   12.98971   12.80978   12.62774   12.44361   12.25742   12.06919   11.87894   11.68670   11.49249   11.29633   11.09827   10.89832   10.69650   10.49286   10.28741   10.08019    9.87123    9.66055    9.44820    9.23419    9.01857    8.80136    8.58261    8.36234    8.14059    7.91739    7.69278    7.46680    7.23948    7.01086    6.78098    6.54988    6.31760    6.08417    5.84963    5.61403    5.37741    5.13981    4.90126    4.66182    4.42152    4.18041    3.93853    3.69592    3.45263    3.20870    2.96417    2.71910    2.47352    2.22748    1.98103    1.73421    1.48707    1.23965    0.99199    0.74416    0.49618    0.24811    0.00000
   0.00000    0.25178    0.50352    0.75517    1.00667    1.25798    1.50906    1.75985    2.01032    2.26041    2.51008    2.75928    3.00796    3.25609    3.50360    3.75047    3.99664    4.24207    4.48672    4.73054    4.97348    5.21551    5.45658    5.69665    5.93568    6.17362    6.41043    6.64608    6.88053    7.11373    7.34564    7.57623    7.80546    8.03329    8.25968    8.48460    8.70801    8.92988    9.15017    9.36885    9.58589    9.80124   10.01488   10.22678   10.43691   10.64523   10.85172   11.05634   11.25908   11.45989   11.65875   11.85565   12.05054   12.24340   12.43421   12.62295   12.80959   12.99410   13.17647   13.35667   13.53468   13.71049   13.88406   14.05538   14.22444   14.39120   14.55566   14.71780   14.87760   15.03503   15.19010   15.34278   15.49305   15.64090   15.78632   15.92929   16.06981   16.20785   16.34341   16.47647   16.60702   16.73505   16.86055   16.98351   17.10393   17.22178   17.33706   17.44977   17.55989   17.66741   17.77234   17.87465   17.97435   18.07142   18.16586   18.25767   18.34683   18.43335   18.51721   18.59841   18.67695   18.75282   18.82602   18.89654   18.96438   19.02953   19.09199   19.15176   19.20884   19.26321   19.31489   19.36386   19.41012   19.45367   19.49451   19.53264   19.56805   19.60075   19.63072   19.65798   19.68251   19.70432   19.72340   19.73977   19.75340   19.76431   19.77249   19.77795   19.78067   19.78067   19.77795   19.77249   19.76431   19.75340   19.73977   19.72340   19.70432   19.68251   19.65798   19.63072   19.60075   19.56805   19.53264   19.49451   19.45367   19.41012   19.36386   19.31489   19.26321   19.20884   19.15176   19.09199   19.02953   18.96438   18.89654   18.82602   18.75282   18.67695   18.59841   18.51721   18.43335   18.34683   18.25767   18.16586   18.07142   17.97435   17.87465   17.77234   17.66741   17.55989   17.44977   17.33706   17.22178   17.10393   16.98351   16.86055   16.73505   16.60702   16.47647   16.34341   16.20785   16.06981   15.92929   15.78632   15.64090   15.49305   15.34278   15.19010   15.03503   14.87760   14.71780   14.55566   14.39120   14.22444   14.05538   13.88406   13.71049   13.53468   13.35667   13.17647   12.99410   12.80959   12.62295   12.43421   12.24340   12.05054   11.85565   11.65875   11.45989   11.25908   11.05634   10.85172   10.64523   10.43691   10.22678   10.01488    9.80124    9.58589    9.36885    9.15017    8.92988    8.70801    8.48460    8.25968    8.03329    7.80546    7.57623    7.34564    7.11373    6.88053    6.64608    6.41043    6.17362    5.93568    5.69665    5.45658    5.21551    4.97348    4.73054    4.48672    4.24207    3.99664    3.75047    3.50360    3.25609    3.00796    2.75928    2.51008    2.26041    2.01032    1.75985    1.50906    1.25798    1.00667    0.75517    0.50352    0.25178    0.00000
   0.00000    0.25550    0.51096    0.76632    1.02153    1.27655    1.53133    1.78583    2.03998    2.29376    2.54710    2.79997    3.05231    3.30408    3.55523    3.80572    4.05550    4.30452    4.55275    4.80013    5.04662    5.29217    5.53675    5.78031    6.02281    6.26420    6.50444    6.74350    6.98132    7.21788    7.45313    7.68703    7.91954    8.15063    8.38025    8.60838    8.83496    9.05998    9.28339    9.50516    9.72525    9.94364   10.16028   10.37515   10.58821   10.79944   11.00880   11.21627   11.42181   11.62539   11.82700   12.02660   12.22416   12.41966   12.61308   12.80439   12.99356   13.18057   13.36540   13.54803   13.72844   13.90660   14.08249   14.25610   14.42740   14.59638   14.76302   14.92729   15.08919   15.24870   15.40579   15.56046   15.71269   15.86247   16.00977   16.15460   16.29692   16.43674   16.57404   16.70880   16.84102   16.97069   17.09778   17.22231   17.34424   17.46358   17.58032   17.69444   17.80594   17.91481   18.02105   18.12463   18.22557   18.32385   18.41946   18.51240   18.60267   18.69025   18.77514   18.85734   18.93684   19.01364   19.08773   19.15911   19.22778   19.29372   19.35694   19.41744   19.47520   19.53024   19.58254   19.63210   19.67892   19.72299   19.76433   19.80291   19.83875   19.87184   19.90217   19.92975   19.95458   19.97665   19.99596   20.01252   20.02632   20.03736   20.04564   20.05116   20.05392   20.05392   20.05116   20.04564   20.03736   20.02632   20.01252   19.99596   19.97665   19.95458   19.92975   19.90217   19.87184   19.83875   19.80291   19.76433   19.72299   19.67892   19.63210   19.58254   19.53024   19.47520   19.41744   19.35694   19.29372   19.22778   19.15911   19.08773   19.01364   18.93684   18.85734   18.77514   18.69025   18.60267   18.51240   18.41946   18.32385   18.22557   18.12463   18.02105   17.91481   17.80594   17.69444   17.58032   17.46358   17.34424   17.22231   17.09778   16.97069   16.84102   16.70880   16.57404   16.43674   16.29692   16.15460   16.00977   15.86247   15.71269   15.56046   15.40579   15.24870   15.08919   14.92729   14.76302   14.59638   14.42740   14.25610   14.08249   13.90660   13.72844   13.54803   13.36540   13.18057   12.99356   12.80439   12.61308   12.41966   12.22416   12.02660   11.82700   11.62539   11.42181   11.21627   11.00880   10.79944   10.58821   10.37515   10.16028    9.94364    9.72525    9.50516    9.28339    9.05998    8.83496    8.60838    8.38025    8.15063    7.91954    7.68703    7.45313    7.21788    6.98132    6.74350    6.50444    6.26420    6.02281    5.78031    5.53675    5.29217    5.04662    4.80013    4.55275    4.30452    4.05550    3.80572    3.55523    3.30408    3.05231    2.79997    2.54710    2.29376    2.03998    1.78583    1.53133    1.27655    1.02153    0.76632    0.51096    0.25550    0.00000
   0.00000    0.25927    0.51849    0.77761    1.03658    1.29536    1.55390    1.81214    2.07003    2.32754    2.58461    2.84119    3.09723    3.35269    3.60753    3.86168    4.11511    4.36778    4.61962    4.87061    5.12069    5.36981    5.61794    5.86503    6.11104    6.35592    6.59964    6.84214    7.08339    7.32334    7.56196    7.79921    8.03505    8.26943    8.50232    8.73369    8.96349    9.19169    9.41825    9.64315    9.86633   10.08778   10.30746   10.52533   10.74136   10.95552   11.16778   11.37812   11.58649   11.79288   11.99726   12.19959   12.39985   12.59801   12.79406   12.98796   13.17969   13.36922   13.55654   13.74162   13.92444   14.10498   14.28321   14.45912   14.63269   14.80390   14.97273   15.13917   15.30319   15.46478   15.62392   15.78060   15.93480   16.08651   16.23572   16.38240   16.52655   16.66816   16.80721   16.94369   17.07758   17.20889   17.33760   17.46369   17.58716   17.70799   17.82619   17.94174   18.05463   18.16485   18.27240   18.37727   18.47946   18.57895   18.67574   18.76982   18.86119   18.94984   19.03577   19.11897   19.19944   19.27717   19.35216   19.42441   19.49390   19.56064   19.62462   19.68585   19.74431   19.80000   19.85293   19.90308   19.95046   19.99506   20.03689   20.07594   20.11220   20.14568   20.17638   20.20429   20.22941   20.25174   20.27128   20.28804   20.30200   20.31317   20.32155   20.32713   20.32993   20.32993   20.32713   20.32155   20.31317   20.30200   20.28804   20.27128   20.25174   20.22941   20.20429   20.17638   20.14568   20.11220   20.07594   20.03689   19.99506   19.95046   19.90308   19.85293   19.80000   19.74431   19.68585   19.62462   19.56064   19.49390   19.42441   19.35216   19.27717   19.19944   19.11897   19.03577   18.94984   18.86119   18.76982   18.67574   18.57895   18.47946   18.37727   18.27240   18.16485   18.05463   17.94174   17.82619   17.70799   17.58716   17.46369   17.33760   17.20889   17.07758   16.94369   16.80721   16.66816   16.52655   16.38240   16.23572   16.08651   15.93480   15.78060   15.62392   15.46478   15.30319   15.13917   14.97273   14.80390   14.63269   14.45912   14.28321   14.10498   13.92444   13.74162   13.55654   13.36922   13.17969   12.98796   12.79406   12.59801   12.39985   12.19959   11.99726   11.79288   11.58649   11.37812   11.16778   10.95552   10.74136   10.52533   10.30746   10.08778    9.86633    9.64315    9.41825    9.19169    8.96349    8.73369    8.50232    8.26943    8.03505    7.79921    7.56196    7.32334    7.08339    6.84214    6.59964    6.35592    6.11104    5.86503    5.61794    5.36981    5.12069    4.87061    4.61962    4.36778    4.11511    3.86168    3.60753    3.35269    3.09723    2.84119    2.58461    2.32754    2.07003    1.81214    1.55390    1.29536    1.03658    0.77761    0.51849    0.25927    0.00000
   0.00000    0.26308    0.52612    0.78905    1.05184    1.31442    1.57675    1.83879    2.10047    2.36176    2.62260    2.88294    3.14274    3.40194    3.66050    3.91837    4.17550    4.43184    4.68736    4.94200    5.19571    5.44845    5.70018    5.95084    6.20041    6.44882    6.69604    6.94203    7.18674    7.43014    7.67217    7.91281    8.15200    8.38972    8.62592    8.86057    9.09362    9.32504    9.55479    9.78284   10.00916   10.23370   10.45644   10.67734   10.89637   11.11350   11.32870   11.54193   11.75317   11.96239   12.16956   12.37465   12.57764   12.77849   12.97719   13.17370   13.36801   13.56009   13.74992   13.93747   14.12273   14.30566   14.48626   14.66449   14.84035   15.01381   15.18485   15.35346   15.51961   15.68330   15.84451   16.00321   16.15940   16.31306   16.46418   16.61274   16.75873   16.90214   17.04295   17.18115   17.31674   17.44970   17.58002   17.70769   17.83270   17.95505   18.07471   18.19170   18.30598   18.41757   18.52645   18.63261   18.73604   18.83675   18.93472   19.02995   19.12243   19.21216   19.29913   19.38334   19.46478   19.54345   19.61934   19.69245   19.76278   19.83032   19.89507   19.95702   20.01618   20.07254   20.12609   20.17684   20.22479   20.26992   20.31224   20.35175   20.38844   20.42232   20.45337   20.48161   20.50703   20.52963   20.54940   20.56635   20.58048   20.59178   20.60026   20.60591   20.60873   20.60873   20.60591   20.60026   20.59178   20.58048   20.56635   20.54940   20.52963   20.50703   20.48161   20.45337   20.42232   20.38844   20.35175   20.31224   20.26992   20.22479   20.17684   20.12609   20.07254   20.01618   19.95702   19.89507   19.83032   19.76278   19.69245   19.61934   19.54345   19.46478   19.38334   19.29913   19.21216   19.12243   19.02995   18.93472   18.83675   18.73604   18.63261   18.52645   18.41757   18.30598   18.19170   18.07471   17.95505   17.83270   17.70769   17.58002   17.44970   17.31674   17.18115   17.04295   16.90214   16.75873   16.61274   16.46418   16.31306   16.15940   16.00321   15.84451   15.68330   15.51961   15.35346   15.18485   15.01381   14.84035   14.66449   14.48626   14.30566   14.12273   13.93747   13.74992   13.56009   13.36801   13.17370   12.97719   12.77849   12.57764   12.37465   12.16956   11.96239   11.75317   11.54193   11.32870   11.11350   10.89637   10.67734   10.45644   10.23370   10.00916    9.78284    9.55479    9.32504    9.09362    8.86057    8.62592    8.38972    8.15200    7.91281    7.67217    7.43014    7.18674    6.94203    6.69604    6.44882    6.20041    5.95084    5.70018    5.44845    5.19571    4.94200    4.68736    4.43184    4.17550    3.91837    3.66050    3.40194    3.14274    2.88294    2.62260    2.36176    2.10047    1.83879    1.57675    1.31442    1.05184    0.78905    0.52612    0.26308    0.00000
   0.00000    0.26695    0.53385    0.80064    1.06729    1.33373    1.59991    1.86579    2.13131    2.39643    2.66109    2.92524    3.18883    3.45182    3.71416    3.97579    4.23667    4.49675    4.75598    5.01431    5.27170    5.52810    5.78347    6.03776    6.29092    6.54291    6.79369    7.04320    7.29142    7.53830    7.78378    8.02785    8.27044    8.51153    8.75108    8.98904    9.22537    9.46005    9.69303    9.92427   10.15375   10.38143   10.60726   10.83123   11.05329   11.27342   11.49157   11.70774   11.92187   12.13395   12.34394   12.55182   12.75755   12.96112   13.16250   13.36166   13.55857   13.75322   13.94558   14.13562   14.32333   14.50869   14.69166   14.87224   15.05040   15.22613   15.39940   15.57020   15.73851   15.90431   16.06760   16.22834   16.38653   16.54216   16.69520   16.84565   16.99349   17.13871   17.28130   17.42124   17.55853   17.69316   17.82510   17.95436   18.08093   18.20478   18.32593   18.44435   18.56004   18.67300   18.78321   18.89066   18.99536   19.09729   19.19645   19.29283   19.38643   19.47724   19.56526   19.65048   19.73290   19.81251   19.88930   19.96329   20.03445   20.10279   20.16831   20.23100   20.29086   20.34788   20.40207   20.45342   20.50192   20.54759   20.59040   20.63038   20.66750   20.70177   20.73319   20.76176   20.78748   20.81034   20.83034   20.84749   20.86178   20.87322   20.88179   20.88751   20.89037   20.89037   20.88751   20.88179   20.87322   20.86178   20.84749   20.83034   20.81034   20.78748   20.76176   20.73319   20.70177   20.66750   20.63038   20.59040   20.54759   20.50192   20.45342   20.40207   20.34788   20.29086   20.23100   20.16831   20.10279   20.03445   19.96329   19.88930   19.81251   19.73290   19.65048   19.56526   19.47724   19.38643   19.29283   19.19645   19.09729   18.99536   18.89066   18.78321   18.67300   18.56004   18.44435   18.32593   18.20478   18.08093   17.95436   17.82510   17.69316   17.55853   17.42124   17.28130   17.13871   16.99349   16.84565   16.69520   16.54216   16.38653   16.22834   16.06760   15.90431   15.73851   15.57020   15.39940   15.22613   15.05040   14.87224   14.69166   14.50869   14.32333   14.13562   13.94558   13.75322   13.55857   13.36166   13.16250   12.96112   12.75755   12.55182   12.34394   12.13395   11.92187   11.70774   11.49157   11.27342   11.05329   10.83123   10.60726   10.38143   10.15375    9.92427    9.69303    9.46005    9.22537    8.98904    8.75108    8.51153    8.27044    8.02785    7.78378    7.53830    7.29142    7.04320    6.79369    6.54291    6.29092    6.03776    5.78347    5.52810    5.27170    5.01431    4.75598    4.49675    4.23667    3.97579    3.71416    3.45182    3.18883    2.92524    2.66109    2.39643    2.13131    1.86579    1.59991    1.33373    1.06729    0.80064    0.53385    0.26695    0.00000
   0.00000    0.27087    0.54168    0.81239    1.08294    1.35329    1.62337    1.89315    2.16256    2.43155    2.70008    2.96809    3.23554    3.50237    3.76852    4.03397    4.29864    4.56250    4.82549    5.08757    5.34868    5.60879    5.86785    6.12580    6.38260    6.63821    6.89259    7.14568    7.39744    7.64784    7.89682    8.14436    8.39039    8.63490    8.87782    9.11913    9.35879    9.59676    9.83300   10.06748   10.30015   10.53099   10.75996   10.98702   11.21214   11.43530   11.65645   11.87557   12.09263   12.30759   12.52044   12.73113   12.93964   13.14595   13.35004   13.55186   13.75140   13.94864   14.14355   14.33611   14.52630   14.71409   14.89947   15.08241   15.26290   15.44091   15.61643   15.78944   15.95992   16.12785   16.29323   16.45603   16.61624   16.77384   16.92882   17.08117   17.23088   17.37792   17.52230   17.66399   17.80299   17.93929   18.07287   18.20373   18.33185   18.45724   18.57987   18.69974   18.81685   18.93118   19.04272   19.15148   19.25745   19.36061   19.46096   19.55850   19.65323   19.74512   19.83419   19.92043   20.00382   20.08438   20.16209   20.23695   20.30895   20.37810   20.44439   20.50781   20.56837   20.62606   20.68089   20.73283   20.78191   20.82810   20.87142   20.91186   20.94941   20.98408   21.01587   21.04477   21.07078   21.09391   21.11415   21.13149   21.14595   21.15752   21.16619   21.17197   21.17486   21.17486   21.17197   21.16619   21.15752   21.14595   21.13149   21.11415   21.09391   21.07078   21.04477   21.01587   20.98408   20.94941   20.91186   20.87142   20.82810   20.78191   20.73283   20.68089   20.62606   20.56837   20.50781   20.44439   20.37810   20.30895   20.23695   20.16209   20.08438   20.00382   19.92043   19.83419   19.74512   19.65323   19.55850   19.46096   19.36061   19.25745   19.15148   19.04272   18.93118   18.81685   18.69974   18.57987   18.45724   18.33185   18.20373   18.07287   17.93929   17.80299   17.66399   17.52230   17.37792   17.23088   17.08117   16.92882   16.77384   16.61624   16.45603   16.29323   16.12785   15.95992   15.78944   15.61643   15.44091   15.26290   15.08241   14.89947   14.71409   14.52630   14.33611   14.14355   13.94864   13.75140   13.55186   13.35004   13.14595   12.93964   12.73113   12.52044   12.30759   12.09263   11.87557   11.65645   11.43530   11.21214   10.98702   10.75996   10.53099   10.30015   10.06748    9.83300    9.59676    9.35879    9.11913    8.87782    8.63490    8.39039    8.14436    7.89682    7.64784    7.39744    7.14568    6.89259    6.63821    6.38260    6.12580    5.86785    5.60879    5.34868    5.08757    4.82549    4.56250    4.29864    4.03397    3.76852    3.50237    3.23554    2.96809    2.70008    2.43155    2.16256    1.89315    1.62337    1.35329    1.08294    0.81239    0.54168    0.27087    0.00000
   0.00000    0.27483    0.54962    0.82429    1.09881    1.37311    1.64715    1.92087    2.19422    2.46714    2.73960    3.01152    3.28286    3.55358    3.82361    4.09291    4.36143    4.62911    4.89591    5.16179    5.42668    5.69054    5.95333    6.21499    6.47548    6.73476    6.99277    7.24948    7.50484    7.75880    8.01132    8.26236    8.51188    8.75983    9.00618    9.25089    9.49391    9.73521    9.97474   10.21248   10.44839   10.68243   10.91456   11.14475   11.37297   11.59919   11.82336   12.04547   12.26548   12.48336   12.69909   12.91262   13.12394   13.33302   13.53983   13.74434   13.94654   14.14639   14.34388   14.53898   14.73167   14.92192   15.10972   15.29504   15.47787   15.65818   15.83597   16.01120   16.18387   16.35395   16.52144   16.68631   16.84855   17.00814   17.16508   17.31935   17.47093   17.61981   17.76598   17.90944   18.05016   18.18814   18.32337   18.45583   18.58553   18.71244   18.83657   18.95790   19.07643   19.19214   19.30503   19.41510   19.52234   19.62674   19.72829   19.82700   19.92285   20.01583   20.10596   20.19321   20.27760   20.35910   20.43772   20.51346   20.58631   20.65627   20.72333   20.78749   20.84876   20.90712   20.96258   21.01513   21.06477   21.11150   21.15532   21.19623   21.23421   21.26928   21.30144   21.33067   21.35698   21.38037   21.40084   21.41839   21.43301   21.44471   21.45348   21.45933   21.46226   21.46226   21.45933   21.45348   21.44471   21.43301   21.41839   21.40084   21.38037   21.35698   21.33067   21.30144   21.26928   21.23421   21.19623   21.15532   21.11150   21.06477   21.01513   20.96258   20.90712   20.84876   20.78749   20.72333   20.65627   20.58631   20.51346   20.43772   20.35910   20.27760   20.19321   20.10596   20.01583   19.92285   19.82700   19.72829   19.62674   19.52234   19.41510   19.30503   19.19214   19.07643   18.95790   18.83657   18.71244   18.58553   18.45583   18.32337   18.18814   18.05016   17.90944   17.76598   17.61981   17.47093   17.31935   17.16508   17.00814   16.84855   16.68631   16.52144   16.35395   16.18387   16.01120   15.83597   15.65818   15.47787   15.29504   15.10972   14.92192   14.73167   14.53898   14.34388   14.14639   13.94654   13.74434   13.53983   13.33302   13.12394   12.91262   12.69909   12.48336   12.26548   12.04547   11.82336   11.59919   11.37297   11.14475   10.91456   10.68243   10.44839   10.21248    9.97474    9.73521    9.49391    9.25089    9.00618    8.75983    8.51188    8.26236    8.01132    7.75880    7.50484    7.24948    6.99277    6.73476    6.47548    6.21499    5.95333    5.69054    5.42668    5.16179    4.89591    4.62911    4.36143    4.09291    3.82361    3.55358    3.28286    3.01152    2.73960    2.46714    2.19422    1.92087    1.64715    1.37311    1.09881    0.82429    0.54962    0.27483    0.00000
   0.00000    0.27886    0.55766    0.83635    1.11488    1.39320    1.67124    1.94896    2.22630    2.50321    2.77964    3.05552    3.33082    3.60547    3.87943    4.15264    4.42505    4.69661    4.96727    5.23699    5.50570    5.77336    6.03993    6.30535    6.56958    6.83256    7.09426    7.35463    7.61362    7.87119    8.12730    8.38189    8.63493    8.88638    9.13619    9.38432    9.63074    9.87541   10.11828   10.35933   10.59850   10.83577   11.07110   11.30446   11.53581   11.76511   11.99235   12.21748   12.44047   12.66129   12.87992   13.09633   13.31048   13.52235   13.73192   13.93915   14.14402   14.34651   14.54660   14.74426   14.93947   15.13220   15.32244   15.51016   15.69536   15.87799   16.05806   16.23554   16.41041   16.58266   16.75227   16.91922   17.08351   17.24511   17.40401   17.56021   17.71367   17.86441   18.01239   18.15762   18.30007   18.43975   18.57663   18.71071   18.84199   18.97044   19.09607   19.21887   19.33882   19.45593   19.57017   19.68156   19.79007   19.89571   19.99847   20.09835   20.19533   20.28941   20.38060   20.46888   20.55425   20.63671   20.71625   20.79287   20.86656   20.93733   21.00517   21.07008   21.13205   21.19109   21.24719   21.30034   21.35055   21.39782   21.44214   21.48351   21.52194   21.55741   21.58993   21.61949   21.64611   21.66976   21.69047   21.70821   21.72300   21.73483   21.74371   21.74962   21.75258   21.75258   21.74962   21.74371   21.73483   21.72300   21.70821   21.69047   21.66976   21.64611   21.61949   21.58993   21.55741   21.52194   21.48351   21.44214   21.39782   21.35055   21.30034   21.24719   21.19109   21.13205   21.07008   21.00517   20.93733   20.86656   20.79287   20.71625   20.63671   20.55425   20.46888   20.38060   20.28941   20.19533   20.09835   19.99847   19.89571   19.79007   19.68156   19.57017   19.45593   19.33882   19.21887   19.09607   18.97044   18.84199   18.71071   18.57663   18.43975   18.30007   18.15762   18.01239   17.86441   17.71367   17.56021   17.40401   17.24511   17.08351   16.91922   16.75227   16.58266   16.41041   16.23554   16.05806   15.87799   15.69536   15.51016   15.32244   15.13220   14.93947   14.74426   14.54660   14.34651   14.14402   13.93915   13.73192   13.52235   13.31048   13.09633   12.87992   12.66129   12.44047   12.21748   11.99235   11.76511   11.53581   11.30446   11.07110   10.83577   10.59850   10.35933   10.11828    9.87541    9.63074    9.38432    9.13619    8.88638    8.63493    8.38189    8.12730    7.87119    7.61362    7.35463    7.09426    6.83256    6.56958    6.30535    6.03993    5.77336    5.50570    5.23699    4.96727    4.69661    4.42505    4.15264    3.87943    3.60547    3.33082    3.05552    2.77964    2.50321    2.22630    1.94896    1.67124    1.39320    1.11488    0.83635    0.55766    0.27886    0.00000
   0.00000    0.28293    0.56581    0.84858    1.13118    1.41356    1.69566    1.97743    2.25882    2.53977    2.82022    3.10012    3.37942    3.65806    3.93599    4.21316    4.48952    4.76501    5.03958    5.31319    5.58577    5.85728    6.12768    6.39690    6.66491    6.93166    7.19709    7.46117    7.72384    7.98506    8.24478    8.50297    8.75958    9.01456    9.26787    9.51948    9.76934   10.01741   10.26366   10.50804   10.75051   10.99105   11.22962   11.46617   11.70068   11.93312   12.16344   12.39162   12.61762   12.84142   13.06299   13.28229   13.49930   13.71399   13.92634   14.13631   14.34389   14.54904   14.75175   14.95199   15.14974   15.34498   15.53768   15.72783   15.91540   16.10038   16.28275   16.46249   16.63958   16.81401   16.98575   17.15481   17.32115   17.48478   17.64566   17.80379   17.95916   18.11175   18.26156   18.40857   18.55277   18.69415   18.83269   18.96840   19.10127   19.23127   19.35841   19.48268   19.60407   19.72257   19.83818   19.95089   20.06069   20.16758   20.27155   20.37259   20.47071   20.56590   20.65815   20.74746   20.83382   20.91723   20.99769   21.07520   21.14975   21.22133   21.28995   21.35560   21.41829   21.47800   21.53474   21.58850   21.63928   21.68709   21.73191   21.77375   21.81261   21.84849   21.88137   21.91128   21.93819   21.96211   21.98305   22.00099   22.01595   22.02792   22.03689   22.04287   22.04586   22.04586   22.04287   22.03689   22.02792   22.01595   22.00099   21.98305   21.96211   21.93819   21.91128   21.88137   21.84849   21.81261   21.77375   21.73191   21.68709   21.63928   21.58850   21.53474   21.47800   21.41829   21.35560   21.28995   21.22133   21.14975   21.07520   20.99769   20.91723   20.83382   20.74746   20.65815   20.56590   20.47071   20.37259   20.27155   20.16758   20.06069   19.95089   19.83818   19.72257   19.60407   19.48268   19.35841   19.23127   19.10127   18.96840   18.83269   18.69415   18.55277   18.40857   18.26156   18.11175   17.95916   17.80379   17.64566   17.48478   17.32115   17.15481   16.98575   16.81401   16.63958   16.46249   16.28275   16.10038   15.91540   15.72783   15.53768   15.34498   15.14974   14.95199   14.75175   14.54904   14.34389   14.13631   13.92634   13.71399   13.49930   13.28229   13.06299   12.84142   12.61762   12.39162   12.16344   11.93312   11.70068   11.46617   11.22962   10.99105   10.75051   10.50804   10.26366   10.01741    9.76934    9.51948    9.26787    9.01456    8.75958    8.50297    8.24478    7.98506    7.72384    7.46117    7.19709    6.93166    6.66491    6.39690    6.12768    5.85728    5.58577    5.31319    5.03958    4.76501    4.48952    4.21316    3.93599    3.65806    3.37942    3.10012    2.82022    2.53977    2.25882    1.97743    1.69566    1.41356    1.13118    0.84858    0.56581    0.28293    0.00000
   0.00000    0.28706    0.57407    0.86097    1.14769    1.43419    1.72041    2.00629    2.29178    2.57681    2.86135    3.14532    3.42867    3.71136    3.99332    4.27451    4.55486    4.83433    5.11286    5.39041    5.66691    5.94233    6.21660    6.48968    6.76152    7.03207    7.30128    7.56910    7.83550    8.10042    8.36381    8.62563    8.88585    9.14440    9.40126    9.65638    9.90972   10.16124   10.41089   10.65865   10.90447   11.14832   11.39015   11.62994   11.86764   12.10323   12.33668   12.56794   12.79698   13.02379   13.24832   13.47055   13.69045   13.90799   14.12314   14.33588   14.54618   14.75402   14.95938   15.16222   15.36253   15.56029   15.75548   15.94806   16.13804   16.32538   16.51006   16.69208   16.87141   17.04803   17.22194   17.39311   17.56153   17.72718   17.89006   18.05015   18.20743   18.36189   18.51353   18.66233   18.80829   18.95138   19.09160   19.22895   19.36341   19.49497   19.62363   19.74938   19.87221   19.99212   20.10909   20.22312   20.33422   20.44236   20.54754   20.64977   20.74903   20.84532   20.93864   21.02898   21.11634   21.20072   21.28210   21.36050   21.43590   21.50830   21.57770   21.64410   21.70750   21.76789   21.82527   21.87964   21.93100   21.97934   22.02467   22.06698   22.10628   22.14255   22.17581   22.20605   22.23326   22.25746   22.27863   22.29677   22.31190   22.32399   22.33307   22.33912   22.34214   22.34214   22.33912   22.33307   22.32399   22.31190   22.29677   22.27863   22.25746   22.23326   22.20605   22.17581   22.14255   22.10628   22.06698   22.02467   21.97934   21.93100   21.87964   21.82527   21.76789   21.70750   21.64410   21.57770   21.50830   21.43590   21.36050   21.28210   21.20072   21.11634   21.02898   20.93864   20.84532   20.74903   20.64977   20.54754   20.44236   20.33422   20.22312   20.10909   19.99212   19.87221   19.74938   19.62363   19.49497   19.36341   19.22895   19.09160   18.95138   18.80829   18.66233   18.51353   18.36189   18.20743   18.05015   17.89006   17.72718   17.56153   17.39311   17.22194   17.04803   16.87141   16.69208   16.51006   16.32538   16.13804   15.94806   15.75548   15.56029   15.36253   15.16222   14.95938   14.75402   14.54618   14.33588   14.12314   13.90799   13.69045   13.47055   13.24832   13.02379   12.79698   12.56794   12.33668   12.10323   11.86764   11.62994   11.39015   11.14832   10.90447   10.65865   10.41089   10.16124    9.90972    9.65638    9.40126    9.14440    8.88585    8.62563    8.36381    8.10042    7.83550    7.56910    7.30128    7.03207    6.76152    6.48968    6.21660    5.94233    5.66691    5.39041    5.11286    4.83433    4.55486    4.27451    3.99332    3.71136    3.42867    3.14532    2.86135    2.57681    2.29178    2.00629    1.72041    1.43419    1.14769    0.86097    0.57407    0.28706    0.00000
   0.00000    0.29125    0.58245    0.87353    1.16443    1.45511    1.74550    2.03554    2.32519    2.61437    2.90303    3.19113    3.47860    3.76538    4.05143    4.33668    4.62108    4.90459    5.18713    5.46867    5.74915    6.02851    6.30671    6.58369    6.85941    7.13381    7.40685    7.67848    7.94864    8.21730    8.48441    8.74991    9.01378    9.27595    9.53640    9.79507   10.05193   10.30693   10.56004   10.81121   11.06040   11.30759   11.55273   11.79578   12.03672   12.27550   12.51209   12.74647   12.97859   13.20843   13.43596   13.66114   13.88395   14.10436   14.32235   14.53788   14.75094   14.96149   15.16951   15.37498   15.57788   15.77818   15.97587   16.17092   16.36331   16.55303   16.74005   16.92437   17.10595   17.28479   17.46086   17.63416   17.80467   17.97237   18.13725   18.29931   18.45851   18.61486   18.76835   18.91895   19.06667   19.21148   19.35339   19.49238   19.62845   19.76157   19.89176   20.01900   20.14328   20.26459   20.38294   20.49831   20.61070   20.72010   20.82651   20.92992   21.03032   21.12773   21.22212   21.31349   21.40185   21.48719   21.56951   21.64879   21.72505   21.79827   21.86846   21.93561   21.99972   22.06079   22.11881   22.17379   22.22573   22.27461   22.32045   22.36323   22.40297   22.43965   22.47327   22.50385   22.53136   22.55583   22.57723   22.59558   22.61087   22.62310   22.63228   22.63839   22.64145   22.64145   22.63839   22.63228   22.62310   22.61087   22.59558   22.57723   22.55583   22.53136   22.50385   22.47327   22.43965   22.40297   22.36323   22.32045   22.27461   22.22573   22.17379   22.11881   22.06079   21.99972   21.93561   21.86846   21.79827   21.72505   21.64879   21.56951   21.48719   21.40185   21.31349   21.22212   21.12773   21.03032   20.92992   20.82651   20.72010   20.61070   20.49831   20.38294   20.26459   20.14328   20.01900   19.89176   19.76157   19.62845   19.49238   19.35339   19.21148   19.06667   18.91895   18.76835   18.61486   18.45851   18.29931   18.13725   17.97237   17.80467   17.63416   17.46086   17.28479   17.10595   16.92437   16.74005   16.55303   16.36331   16.17092   15.97587   15.77818   15.57788   15.37498   15.16951   14.96149   14.75094   14.53788   14.32235   14.10436   13.88395   13.66114   13.43596   13.20843   12.97859   12.74647   12.51209   12.27550   12.03672   11.79578   11.55273   11.30759   11.06040   10.81121   10.56004   10.30693   10.05193    9.79507    9.53640    9.27595    9.01378    8.74991    8.48441    8.21730    7.94864    7.67848    7.40685    7.13381    6.85941    6.58369    6.30671    6.02851    5.74915    5.46867    5.18713    4.90459    4.62108    4.33668    4.05143    3.76538    3.47860    3.19113    2.90303    2.61437    2.32519    2.03554    1.74550    1.45511    1.16443    0.87353    0.58245    0.29125    0.00000
   0.00000    0.29550    0.59094    0.88626    1.18141    1.47632    1.77093    2.06520    2.35905    2.65244    2.94530    3.23757    3.52921    3.82014    4.11033    4.39970    4.68821    4.97580    5.26241    5.54799    5.83250    6.11586    6.39804    6.67897    6.95862    7.23692    7.51384    7.78931    8.06329    8.33574    8.60660    8.87584    9.14339    9.40923    9.67331    9.93557   10.19599   10.45452   10.71111   10.96574   11.21835   11.46891   11.71739   11.96375   12.20795   12.44996   12.68974   12.92726   13.16248   13.39539   13.62594   13.85411   14.07986   14.30317   14.52402   14.74237   14.95820   15.17148   15.38220   15.59032   15.79583   15.99870   16.19891   16.39644   16.59127   16.78338   16.97276   17.15938   17.34324   17.52430   17.70256   17.87801   18.05062   18.22038   18.38728   18.55131   18.71246   18.87070   19.02604   19.17846   19.32795   19.47450   19.61810   19.75874   19.89642   20.03112   20.16285   20.29158   20.41731   20.54005   20.65977   20.77648   20.89017   21.00084   21.10847   21.21307   21.31463   21.41314   21.50861   21.60103   21.69039   21.77670   21.85994   21.94012   22.01723   22.09128   22.16226   22.23016   22.29498   22.35673   22.41541   22.47100   22.52351   22.57294   22.61928   22.66254   22.70271   22.73980   22.77380   22.80470   22.83253   22.85726   22.87890   22.89745   22.91290   22.92527   22.93455   22.94073   22.94382   22.94382   22.94073   22.93455   22.92527   22.91290   22.89745   22.87890   22.85726   22.83253   22.80470   22.77380   22.73980   22.70271   22.66254   22.61928   22.57294   22.52351   22.47100   22.41541   22.35673   22.29498   22.23016   22.16226   22.09128   22.01723   21.94012   21.85994   21.77670   21.69039   21.60103   21.50861   21.41314   21.31463   21.21307   21.10847   21.00084   20.89017   20.77648   20.65977   20.54005   20.41731   20.29158   20.16285   20.03112   19.89642   19.75874   19.61810   19.47450   19.32795   19.17846   19.02604   18.87070   18.71246   18.55131   18.38728   18.22038   18.05062   17.87801   17.70256   17.52430   17.34324   17.15938   16.97276   16.78338   16.59127   16.39644   16.19891   15.99870   15.79583   15.59032   15.38220   15.17148   14.95820   14.74237   14.52402   14.30317   14.07986   13.85411   13.62594   13.39539   13.16248   12.92726   12.68974   12.44996   12.20795   11.96375   11.71739   11.46891   11.21835   10.96574   10.71111   10.45452   10.19599    9.93557    9.67331    9.40923    9.14339    8.87584    8.60660    8.33574    8.06329    7.78931    7.51384    7.23692    6.95862    6.67897    6.39804    6.11586    5.83250    5.54799    5.26241    4.97580    4.68821    4.39970    4.11033    3.82014    3.52921    3.23757    2.94530    2.65244    2.35905    2.06520    1.77093    1.47632    1.18141    0.88626    0.59094    0.29550    0.00000
   0.00000    0.29980    0.59955    0.89917    1.19861    1.49782    1.79672    2.09526    2.39339    2.69103    2.98814    3.28466    3.58052    3.87566    4.17004    4.46359    4.75626    5.04799    5.33872    5.62840    5.91698    6.20440    6.49061    6.77555    7.05917    7.34143    7.62227    7.90163    8.17948    8.45576    8.73043    9.00344    9.27473    9.54428    9.81202   10.07793   10.34195   10.60404   10.86416   11.12228   11.37835   11.63233   11.88418   12.13388   12.38138   12.62664   12.86964   13.11034   13.34870   13.58470   13.81831   14.04949   14.27821   14.50445   14.72818   14.94938   15.16801   15.38405   15.59748   15.80828   16.01641   16.22187   16.42462   16.62465   16.82194   17.01647   17.20822   17.39718   17.58332   17.76662   17.94709   18.12469   18.29942   18.47125   18.64019   18.80621   18.96930   19.12946   19.28666   19.44090   19.59218   19.74047   19.88577   20.02808   20.16738   20.30366   20.43692   20.56716   20.69436   20.81851   20.93962   21.05768   21.17267   21.28461   21.39347   21.49926   21.60198   21.70161   21.79816   21.89162   21.98199   22.06926   22.15344   22.23452   22.31249   22.38737   22.45913   22.52779   22.59333   22.65576   22.71508   22.77129   22.82438   22.87435   22.92120   22.96493   23.00555   23.04304   23.07741   23.10866   23.13678   23.16178   23.18366   23.20241   23.21803   23.23054   23.23991   23.24616   23.24929   23.24929   23.24616   23.23991   23.23054   23.21803   23.20241   23.18366   23.16178   23.13678   23.10866   23.07741   23.04304   23.00555   22.96493   22.92120   22.87435   22.82438   22.77129   22.71508   22.65576   22.59333   22.52779   22.45913   22.38737   22.31249   22.23452   22.15344   22.06926   21.98199   21.89162   21.79816   21.70161   21.60198   21.49926   21.39347   21.28461   21.17267   21.05768   20.93962   20.81851   20.69436   20.56716   20.43692   20.30366   20.16738   20.02808   19.88577   19.74047   19.59218   19.44090   19.28666   19.12946   18.96930   18.80621   18.64019   18.47125   18.29942   18.12469   17.94709   17.76662   17.58332   17.39718   17.20822   17.01647   16.82194   16.62465   16.42462   16.22187   16.01641   15.80828   15.59748   15.38405   15.16801   14.94938   14.72818   14.50445   14.27821   14.04949   13.81831   13.58470   13.34870   13.11034   12.86964   12.62664   12.38138   12.13388   11.88418   11.63233   11.37835   11.12228   10.86416   10.60404   10.34195   10.07793    9.81202    9.54428    9.27473    9.00344    8.73043    8.45576    8.17948    7.90163    7.62227    7.34143    7.05917    6.77555    6.49061    6.20440    5.91698    5.62840    5.33872    5.04799    4.75626    4.46359    4.17004    3.87566    3.58052    3.28466    2.98814    2.69103    2.39339    2.09526    1.79672    1.49782    1.19861    0.89917    0.59955    0.29980    0.00000
   0.00000    0.30417    0.60828    0.91226    1.21606    1.51962    1.82287    2.12575    2.42820    2.73017    3.03159    3.33239    3.63254    3.93195    4.23058    4.52836    4.82525    5.12117    5.41608    5.70992    6.00263    6.29415    6.58444    6.87344    7.16110    7.44735    7.73217    8.01548    8.29724    8.57741    8.85592    9.13275    9.40783    9.68112    9.95258   10.22217   10.48983   10.75553   11.01922   11.28087   11.54043   11.79786   12.05313   12.30620   12.55704   12.80559   13.05184   13.29575   13.53729   13.77641   14.01310   14.24732   14.47905   14.70824   14.93489   15.15895   15.38041   15.59923   15.81540   16.02889   16.23968   16.44775   16.65306   16.85562   17.05538   17.25235   17.44649   17.63778   17.82623   18.01180   18.19447   18.37425   18.55111   18.72503   18.89601   19.06404   19.22909   19.39116   19.55024   19.70632   19.85939   20.00943   20.15644   20.30042   20.44135   20.57922   20.71403   20.84577   20.97444   21.10003   21.22253   21.34193   21.45824   21.57145   21.68155   21.78854   21.89241   21.99317   22.09080   22.18531   22.27669   22.36493   22.45005   22.53202   22.61086   22.68656   22.75912   22.82853   22.89479   22.95791   23.01788   23.07470   23.12837   23.17888   23.22625   23.27045   23.31151   23.34941   23.38415   23.41573   23.44416   23.46943   23.49154   23.51050   23.52629   23.53893   23.54841   23.55473   23.55789   23.55789   23.55473   23.54841   23.53893   23.52629   23.51050   23.49154   23.46943   23.44416   23.41573   23.38415   23.34941   23.31151   23.27045   23.22625   23.17888   23.12837   23.07470   23.01788   22.95791   22.89479   22.82853   22.75912   22.68656   22.61086   22.53202   22.45005   22.36493   22.27669   22.18531   22.09080   21.99317   21.89241   21.78854   21.68155   21.57145   21.45824   21.34193   21.22253   21.10003   20.97444   20.84577   20.71403   20.57922   20.44135   20.30042   20.15644   20.00943   19.85939   19.70632   19.55024   19.39116   19.22909   19.06404   18.89601   18.72503   18.55111   18.37425   18.19447   18.01180   17.82623   17.63778   17.44649   17.25235   17.05538   16.85562   16.65306   16.44775   16.23968   16.02889   15.81540   15.59923   15.38041   15.15895   14.93489   14.70824   14.47905   14.24732   14.01310   13.77641   13.53729   13.29575   13.05184   12.80559   12.55704   12.30620   12.05313   11.79786   11.54043   11.28087   11.01922   10.75553   10.48983   10.22217    9.95258    9.68112    9.40783    9.13275    8.85592    8.57741    8.29724    8.01548    7.73217    7.44735    7.16110    6.87344    6.58444    6.29415    6.00263    5.70992    5.41608    5.12117    4.82525    4.52836    4.23058    3.93195    3.63254    3.33239    3.03159    2.73017    2.42820    2.12575    1.82287    1.51962    1.21606    0.91226    0.60828    0.30417    0.00000
   0.00000    0.30860    0.61713    0.92554    1.23376    1.54172    1.84938    2.15666    2.46351    2.76985    3.07564    3.38080    3.68528    3.98902    4.29196    4.59404    4.89519    5.19537    5.49451    5.79256    6.08945    6.38514    6.67957    6.97268    7.26442    7.55473    7.84356    8.13087    8.41660    8.70069    8.98311    9.26380    9.54271    9.81980   10.09502   10.36833   10.63968   10.90903   11.17633   11.44155   11.70464   11.96557   12.22429   12.48077   12.73497   12.98686   13.23639   13.48354   13.72828   13.97056   14.21037   14.44766   14.68241   14.91459   15.14418   15.37113   15.59544   15.81708   16.03601   16.25222   16.46568   16.67637   16.88427   17.08937   17.29163   17.49104   17.68759   17.88125   18.07201   18.25986   18.44477   18.62673   18.80573   18.98176   19.15480   19.32484   19.49186   19.65586   19.81683   19.97475   20.12962   20.28143   20.43016   20.57581   20.71838   20.85785   20.99421   21.12747   21.25761   21.38464   21.50853   21.62929   21.74692   21.86140   21.97274   22.08093   22.18597   22.28785   22.38657   22.48213   22.57452   22.66374   22.74979   22.83267   22.91238   22.98890   23.06225   23.13242   23.19941   23.26321   23.32383   23.38127   23.43551   23.48658   23.53445   23.57913   23.62063   23.65893   23.69405   23.72597   23.75471   23.78025   23.80260   23.82175   23.83772   23.85049   23.86007   23.86645   23.86965   23.86965   23.86645   23.86007   23.85049   23.83772   23.82175   23.80260   23.78025   23.75471   23.72597   23.69405   23.65893   23.62063   23.57913   23.53445   23.48658   23.43551   23.38127   23.32383   23.26321   23.19941   23.13242   23.06225   22.98890   22.91238   22.83267   22.74979   22.66374   22.57452   22.48213   22.38657   22.28785   22.18597   22.08093   21.97274   21.86140   21.74692   21.62929   21.50853   21.38464   21.25761   21.12747   20.99421   20.85785   20.71838   20.57581   20.43016   20.28143   20.12962   19.97475   19.81683   19.65586   19.49186   19.32484   19.15480   18.98176   18.80573   18.62673   18.44477   18.25986   18.07201   17.88125   17.68759   17.49104   17.29163   17.08937   16.88427   16.67637   16.46568   16.25222   16.03601   15.81708   15.59544   15.37113   15.14418   14.91459   14.68241   14.44766   14.21037   13.97056   13.72828   13.48354   13.23639   12.98686   12.73497   12.48077   12.22429   11.96557   11.70464   11.44155   11.17633   10.90903   10.63968   10.36833   10.09502    9.81980    9.54271    9.26380    8.98311    8.70069    8.41660    8.13087    7.84356    7.55473    7.26442    6.97268    6.67957    6.38514    6.08945    5.79256    5.49451    5.19537    4.89519    4.59404    4.29196    3.98902    3.68528    3.38080    3.07564    2.76985    2.46351    2.15666    1.84938    1.54172    1.23376    0.92554    0.61713    0.30860    0.00000
   0.00000    0.31308    0.62611    0.93900    1.25170    1.56414    1.87627    2.18801    2.49931    2.81009    3.12031    3.42989    3.73877    4.04690    4.35421    4.66063    4.96612    5.27061    5.57404    5.87635    6.17749    6.47740    6.77601    7.07329    7.36916    7.66358    7.95649    8.24785    8.53759    8.82566    9.11203    9.39663    9.67942    9.96035   10.23938   10.51645   10.79153   11.06457   11.33553   11.60436   11.87102   12.13548   12.39769   12.65762   12.91522   13.17047   13.42333   13.67376   13.92172   14.16720   14.41015   14.65054   14.88835   15.12354   15.35609   15.58597   15.81316   16.03762   16.25934   16.47829   16.69444   16.90779   17.11830   17.32595   17.53073   17.73261   17.93158   18.12763   18.32072   18.51086   18.69801   18.88218   19.06334   19.24148   19.41659   19.58865   19.75766   19.92360   20.08646   20.24624   20.40292   20.55650   20.70696   20.85430   20.99851   21.13958   21.27751   21.41229   21.54391   21.67237   21.79767   21.91979   22.03874   22.15451   22.26709   22.37648   22.48269   22.58569   22.68551   22.78211   22.87552   22.96572   23.05271   23.13650   23.21707   23.29443   23.36857   23.43950   23.50721   23.57170   23.63297   23.69102   23.74585   23.79746   23.84584   23.89101   23.93294   23.97166   24.00714   24.03941   24.06844   24.09426   24.11684   24.13620   24.15234   24.16524   24.17492   24.18138   24.18460   24.18460   24.18138   24.17492   24.16524   24.15234   24.13620   24.11684   24.09426   24.06844   24.03941   24.00714   23.97166   23.93294   23.89101   23.84584   23.79746   23.74585   23.69102   23.63297   23.57170   23.50721   23.43950   23.36857   23.29443   23.21707   23.13650   23.05271   22.96572   22.87552   22.78211   22.68551   22.58569   22.48269   22.37648   22.26709   22.15451   22.03874   21.91979   21.79767   21.67237   21.54391   21.41229   21.27751   21.13958   20.99851   20.85430   20.70696   20.55650   20.40292   20.24624   20.08646   19.92360   19.75766   19.58865   19.41659   19.24148   19.06334   18.88218   18.69801   18.51086   18.32072   18.12763   17.93158   17.73261   17.53073   17.32595   17.11830   16.90779   16.69444   16.47829   16.25934   16.03762   15.81316   15.58597   15.35609   15.12354   14.88835   14.65054   14.41015   14.16720   13.92172   13.67376   13.42333   13.17047   12.91522   12.65762   12.39769   12.13548   11.87102   11.60436   11.33553   11.06457   10.79153   10.51645   10.23938    9.96035    9.67942    9.39663    9.11203    8.82566    8.53759    8.24785    7.95649    7.66358    7.36916    7.07329    6.77601    6.47740    6.17749    5.87635    5.57404    5.27061    4.96612    4.66063    4.35421    4.04690    3.73877    3.42989    3.12031    2.81009    2.49931    2.18801    1.87627    1.56414    1.25170    0.93900    0.62611    0.31308    0.00000
   0.00000    0.31764    0.63521    0.95265    1.26990    1.58688    1.90354    2.21981    2.53562    2.85091    3.16562    3.47967    3.79302    4.10560    4.41733    4.72817    5.03805    5.34691    5.65469    5.96132    6.26676    6.57094    6.87380    7.17530    7.47536    7.77394    8.07098    8.36643    8.66024    8.95235    9.24271    9.53127    9.81799   10.10281   10.38569   10.66658   10.94543   11.22220   11.49685   11.76933   12.03961   12.30764   12.57338   12.83679   13.09784   13.35648   13.61269   13.86643   14.11767   14.36636   14.61248   14.85601   15.09690   15.33513   15.57068   15.80351   16.03359   16.26091   16.48544   16.70715   16.92603   17.14204   17.35518   17.56541   17.77272   17.97709   18.17851   18.37695   18.57240   18.76484   18.95425   19.14064   19.32397   19.50423   19.68142   19.85553   20.02653   20.19442   20.35919   20.52083   20.67933   20.83469   20.98688   21.13591   21.28178   21.42446   21.56395   21.70026   21.83337   21.96328   22.08998   22.21347   22.33374   22.45080   22.56463   22.67523   22.78260   22.88674   22.98765   23.08531   23.17973   23.27091   23.35885   23.44354   23.52498   23.60317   23.67811   23.74980   23.81823   23.88341   23.94533   24.00400   24.05941   24.11157   24.16047   24.20611   24.24849   24.28761   24.32347   24.35607   24.38541   24.41150   24.43432   24.45388   24.47018   24.48323   24.49301   24.49953   24.50279   24.50279   24.49953   24.49301   24.48323   24.47018   24.45388   24.43432   24.41150   24.38541   24.35607   24.32347   24.28761   24.24849   24.20611   24.16047   24.11157   24.05941   24.00400   23.94533   23.88341   23.81823   23.74980   23.67811   23.60317   23.52498   23.44354   23.35885   23.27091   23.17973   23.08531   22.98765   22.88674   22.78260   22.67523   22.56463   22.45080   22.33374   22.21347   22.08998   21.96328   21.83337   21.70026   21.56395   21.42446   21.28178   21.13591   20.98688   20.83469   20.67933   20.52083   20.35919   20.19442   20.02653   19.85553   19.68142   19.50423   19.32397   19.14064   18.95425   18.76484   18.57240   18.37695   18.17851   17.97709   17.77272   17.56541   17.35518   17.14204   16.92603   16.70715   16.48544   16.26091   16.03359   15.80351   15.57068   15.33513   15.09690   14.85601   14.61248   14.36636   14.11767   13.86643   13.61269   13.35648   13.09784   12.83679   12.57338   12.30764   12.03961   11.76933   11.49685   11.22220   10.94543   10.66658   10.38569   10.10281    9.81799    9.53127    9.24271    8.95235    8.66024    8.36643    8.07098    7.77394    7.47536    7.17530    6.87380    6.57094    6.26676    5.96132    5.65469    5.34691    5.03805    4.72817    4.41733    4.10560    3.79302    3.47967    3.16562    2.85091    2.53562    2.21981    1.90354    1.58688    1.26990    0.95265    0.63521    0.31764    0.00000
   0.00000    0.32226    0.64445    0.96650    1.28836    1.60995    1.93121    2.25206    2.57245    2.89231    3.21157    3.53017    3.84805    4.16513    4.48136    4.79667    5.11100    5.42429    5.73647    6.04749    6.35729    6.66580    6.97297    7.27874    7.58305    7.88584    8.18707    8.48667    8.78459    9.08078    9.37519    9.66777    9.95846   10.24721   10.53399   10.81873   11.10140   11.38196   11.66034   11.93652   12.21045   12.48208   12.75139   13.01833   13.28285   13.54493   13.80453   14.06162   14.31615   14.56809   14.81743   15.06411   15.30812   15.54942   15.78798   16.02378   16.25680   16.48700   16.71436   16.93886   17.16048   17.37918   17.59496   17.80780   18.01766   18.22454   18.42841   18.62926   18.82708   19.02184   19.21353   19.40215   19.58766   19.77007   19.94935   20.12550   20.29851   20.46836   20.63505   20.79856   20.95889   21.11603   21.26997   21.42071   21.56823   21.71252   21.85360   21.99144   22.12604   22.25740   22.38551   22.51037   22.63197   22.75032   22.86540   22.97721   23.08576   23.19103   23.29303   23.39175   23.48719   23.57936   23.66824   23.75383   23.83614   23.91517   23.99090   24.06335   24.13251   24.19838   24.26096   24.32024   24.37624   24.42894   24.47835   24.52447   24.56729   24.60682   24.64306   24.67600   24.70565   24.73200   24.75506   24.77483   24.79130   24.80448   24.81436   24.82095   24.82424   24.82424   24.82095   24.81436   24.80448   24.79130   24.77483   24.75506   24.73200   24.70565   24.67600   24.64306   24.60682   24.56729   24.52447   24.47835   24.42894   24.37624   24.32024   24.26096   24.19838   24.13251   24.06335   23.99090   23.91517   23.83614   23.75383   23.66824   23.57936   23.48719   23.39175   23.29303   23.19103   23.08576   22.97721   22.86540   22.75032   22.63197   22.51037   22.38551   22.25740   22.12604   21.99144   21.85360   21.71252   21.56823   21.42071   21.26997   21.11603   20.95889   20.79856   20.63505   20.46836   20.29851   20.12550   19.94935   19.77007   19.58766   19.40215   19.21353   19.02184   18.82708   18.62926   18.42841   18.22454   18.01766   17.80780   17.59496   17.37918   17.16048   16.93886   16.71436   16.48700   16.25680   16.02378   15.78798   15.54942   15.30812   15.06411   14.81743   14.56809   14.31615   14.06162   13.80453   13.54493   13.28285   13.01833   12.75139   12.48208   12.21045   11.93652   11.66034   11.38196   11.10140   10.81873   10.53399   10.24721    9.95846    9.66777    9.37519    9.08078    8.78459    8.48667    8.18707    7.88584    7.58305    7.27874    6.97297    6.66580    6.35729    6.04749    5.73647    5.42429    5.11100    4.79667    4.48136    4.16513    3.84805    3.53017    3.21157    2.89231    2.57245    2.25206    1.93121    1.60995    1.28836    0.96650    0.64445    0.32226    0.00000
   0.00000    0.32694    0.65382    0.98056    1.30709    1.63335    1.95927    2.28478    2.60982    2.93431    3.25819    3.58140    3.90386    4.22552    4.54630    4.86615    5.18499    5.50277    5.81943    6.13489    6.44910    6.76200    7.07353    7.38363    7.69225    7.99931    8.30478    8.60858    8.91068    9.21100    9.50951    9.80614   10.10086   10.39360   10.68432   10.97297   11.25950   11.54388   11.82604   12.10596   12.38358   12.65887   12.93178   13.20227   13.47032   13.73587   13.99889   14.25935   14.51721   14.77245   15.02502   15.27489   15.52204   15.76644   16.00805   16.24685   16.48282   16.71593   16.94615   17.17345   17.39783   17.61925   17.83770   18.05315   18.26559   18.47499   18.68134   18.88462   19.08482   19.28192   19.47590   19.66675   19.85447   20.03902   20.22041   20.39863   20.57365   20.74547   20.91409   21.07948   21.24165   21.40058   21.55628   21.70872   21.85790   22.00382   22.14647   22.28585   22.42195   22.55477   22.68429   22.81053   22.93346   23.05310   23.16944   23.28247   23.39219   23.49860   23.60169   23.70147   23.79794   23.89108   23.98091   24.06741   24.15060   24.23046   24.30699   24.38020   24.45009   24.51665   24.57988   24.63978   24.69636   24.74961   24.79953   24.84613   24.88939   24.92933   24.96594   24.99922   25.02918   25.05580   25.07910   25.09907   25.11571   25.12902   25.13901   25.14566   25.14899   25.14899   25.14566   25.13901   25.12902   25.11571   25.09907   25.07910   25.05580   25.02918   24.99922   24.96594   24.92933   24.88939   24.84613   24.79953   24.74961   24.69636   24.63978   24.57988   24.51665   24.45009   24.38020   24.30699   24.23046   24.15060   24.06741   23.98091   23.89108   23.79794   23.70147   23.60169   23.49860   23.39219   23.28247   23.16944   23.05310   22.93346   22.81053   22.68429   22.55477   22.42195   22.28585   22.14647   22.00382   21.85790   21.70872   21.55628   21.40058   21.24165   21.07948   20.91409   20.74547   20.57365   20.39863   20.22041   20.03902   19.85447   19.66675   19.47590   19.28192   19.08482   18.88462   18.68134   18.47499   18.26559   18.05315   17.83770   17.61925   17.39783   17.17345   16.94615   16.71593   16.48282   16.24685   16.00805   15.76644   15.52204   15.27489   15.02502   14.77245   14.51721   14.25935   13.99889   13.73587   13.47032   13.20227   12.93178   12.65887   12.38358   12.10596   11.82604   11.54388   11.25950   10.97297   10.68432   10.39360   10.10086    9.80614    9.50951    9.21100    8.91068    8.60858    8.30478    7.99931    7.69225    7.38363    7.07353    6.76200    6.44910    6.13489    5.81943    5.50277    5.18499    4.86615    4.54630    4.22552    3.90386    3.58140    3.25819    2.93431    2.60982    2.28478    1.95927    1.63335    1.30709    0.98056    0.65382    0.32694    0.00000
   0.00000    0.33170    0.66332    0.99481    1.32609    1.65709    1.98774    2.31798    2.64772    2.97692    3.30549    3.63336    3.96048    4.28678    4.61218    4.93663    5.26005    5.58238    5.90357    6.22354    6.54223    6.85958    7.17553    7.49002    7.80299    8.11439    8.42415    8.73221    9.03853    9.34304    9.64570    9.94645   10.24523   10.54201   10.83672   11.12932   11.41976   11.70800   11.99399   12.27769   12.55905   12.83802   13.11458   13.38868   13.66027   13.92933   14.19581   14.45969   14.72092   14.97947   15.23530   15.48840   15.73872   15.98624   16.23093   16.47276   16.71171   16.94774   17.18084   17.41098   17.63814   17.86230   18.08344   18.30152   18.51655   18.72849   18.93734   19.14307   19.34566   19.54511   19.74140   19.93451   20.12443   20.31115   20.49466   20.67494   20.85199   21.02580   21.19634   21.36363   21.52765   21.68838   21.84583   21.99999   22.15084   22.29839   22.44263   22.58355   22.72115   22.85543   22.98637   23.11398   23.23826   23.35919   23.47678   23.59103   23.70193   23.80948   23.91367   24.01452   24.11200   24.20613   24.29691   24.38432   24.46838   24.54907   24.62641   24.70038   24.77099   24.83824   24.90213   24.96265   25.01981   25.07361   25.12405   25.17112   25.21483   25.25518   25.29216   25.32578   25.35604   25.38294   25.40647   25.42664   25.44345   25.45690   25.46699   25.47371   25.47707   25.47707   25.47371   25.46699   25.45690   25.44345   25.42664   25.40647   25.38294   25.35604   25.32578   25.29216   25.25518   25.21483   25.17112   25.12405   25.07361   25.01981   24.96265   24.90213   24.83824   24.77099   24.70038   24.62641   24.54907   24.46838   24.38432   24.29691   24.20613   24.11200   24.01452   23.91367   23.80948   23.70193   23.59103   23.47678   23.35919   23.23826   23.11398   22.98637   22.85543   22.72115   22.58355   22.44263   22.29839   22.15084   21.99999   21.84583   21.68838   21.52765   21.36363   21.19634   21.02580   20.85199   20.67494   20.49466   20.31115   20.12443   19.93451   19.74140   19.54511   19.34566   19.14307   18.93734   18.72849   18.51655   18.30152   18.08344   17.86230   17.63814   17.41098   17.18084   16.94774   16.71171   16.47276   16.23093   15.98624   15.73872   15.48840   15.23530   14.97947   14.72092   14.45969   14.19581   13.92933   13.66027   13.38868   13.11458   12.83802   12.55905   12.27769   11.99399   11.70800   11.41976   11.12932   10.83672   10.54201   10.24523    9.94645    9.64570    9.34304    9.03853    8.73221    8.42415    8.11439    7.80299    7.49002    7.17553    6.85958    6.54223    6.22354    5.90357    5.58238    5.26005    4.93663    4.61218    4.28678    3.96048    3.63336    3.30549    2.97692    2.64772    2.31798    1.98774    1.65709    1.32609    0.99481    0.66332    0.33170    0.00000
   0.00000    0.33652    0.67297    1.00928    1.34537    1.68118    2.01663    2.35166    2.68619    3.02015    3.35347    3.68609    4.01793    4.34893    4.67902    5.00813    5.33620    5.66315    5.98893    6.31346    6.63669    6.95856    7.27899    7.59793    7.91532    8.23110    8.54521    8.85759    9.16818    9.47694    9.78380   10.08871   10.39162   10.69248   10.99123   11.28783   11.58223   11.87439   12.16424   12.45176   12.73690   13.01961   13.29985   13.57758   13.85277   14.12537   14.39535   14.66267   14.92730   15.18920   15.44834   15.70468   15.95821   16.20888   16.45667   16.70156   16.94351   17.18250   17.41850   17.65150   17.88146   18.10838   18.33222   18.55296   18.77060   18.98510   19.19645   19.40465   19.60965   19.81147   20.01007   20.20545   20.39760   20.58650   20.77213   20.95450   21.13358   21.30938   21.48187   21.65105   21.81692   21.97947   22.13868   22.29456   22.44709   22.59628   22.74210   22.88458   23.02368   23.15942   23.29179   23.42078   23.54640   23.66863   23.78748   23.90295   24.01503   24.12372   24.22901   24.33092   24.42943   24.52455   24.61627   24.70460   24.78952   24.87106   24.94919   25.02393   25.09526   25.16320   25.22774   25.28889   25.34663   25.40098   25.45193   25.49948   25.54363   25.58439   25.62175   25.65571   25.68627   25.71344   25.73721   25.75759   25.77456   25.78815   25.79834   25.80513   25.80852   25.80852   25.80513   25.79834   25.78815   25.77456   25.75759   25.73721   25.71344   25.68627   25.65571   25.62175   25.58439   25.54363   25.49948   25.45193   25.40098   25.34663   25.28889   25.22774   25.16320   25.09526   25.02393   24.94919   24.87106   24.78952   24.70460   24.61627   24.52455   24.42943   24.33092   24.22901   24.12372   24.01503   23.90295   23.78748   23.66863   23.54640   23.42078   23.29179   23.15942   23.02368   22.88458   22.74210   22.59628   22.44709   22.29456   22.13868   21.97947   21.81692   21.65105   21.48187   21.30938   21.13358   20.95450   20.77213   20.58650   20.39760   20.20545   20.01007   19.81147   19.60965   19.40465   19.19645   18.98510   18.77060   18.55296   18.33222   18.10838   17.88146   17.65150   17.41850   17.18250   16.94351   16.70156   16.45667   16.20888   15.95821   15.70468   15.44834   15.18920   14.92730   14.66267   14.39535   14.12537   13.85277   13.57758   13.29985   13.01961   12.73690   12.45176   12.16424   11.87439   11.58223   11.28783   10.99123   10.69248   10.39162   10.08871    9.78380    9.47694    9.16818    8.85759    8.54521    8.23110    7.91532    7.59793    7.27899    6.95856    6.63669    6.31346    5.98893    5.66315    5.33620    5.00813    4.67902    4.34893    4.01793    3.68609    3.35347    3.02015    2.68619    2.35166    2.01663    1.68118    1.34537    1.00928    0.67297    0.33652    0.00000
   0.00000    0.34142    0.68276    1.02396    1.36494    1.70563    2.04595    2.38584    2.72522    3.06402    3.40216    3.73959    4.07623    4.41200    4.74684    5.08068    5.41345    5.74509    6.07553    6.40469    6.73253    7.05896    7.38394    7.70739    8.02926    8.34948    8.66800    8.98475    9.29968    9.61273    9.92385   10.23298   10.54006   10.84505   11.14790   11.44855   11.74695   12.04306   12.33683   12.62822   12.91717   13.20366   13.48763   13.76904   14.04785   14.32404   14.59755   14.86835   15.13641   15.40169   15.66416   15.92379   16.18055   16.43440   16.68533   16.93329   17.17827   17.42024   17.65917   17.89505   18.12784   18.35753   18.58409   18.80752   19.02778   19.24486   19.45874   19.66941   19.87685   20.08104   20.28198   20.47964   20.67402   20.86510   21.05288   21.23734   21.41847   21.59626   21.77071   21.94180   22.10953   22.27389   22.43487   22.59248   22.74669   22.89752   23.04494   23.18897   23.32958   23.46679   23.60058   23.73096   23.85792   23.98146   24.10157   24.21826   24.33152   24.44135   24.54775   24.65072   24.75026   24.84636   24.93903   25.02827   25.11407   25.19644   25.27537   25.35087   25.42294   25.49157   25.55676   25.61852   25.67685   25.73175   25.78321   25.83124   25.87583   25.91700   25.95473   25.98903   26.01990   26.04734   26.07135   26.09193   26.10908   26.12279   26.13308   26.13994   26.14337   26.14337   26.13994   26.13308   26.12279   26.10908   26.09193   26.07135   26.04734   26.01990   25.98903   25.95473   25.91700   25.87583   25.83124   25.78321   25.73175   25.67685   25.61852   25.55676   25.49157   25.42294   25.35087   25.27537   25.19644   25.11407   25.02827   24.93903   24.84636   24.75026   24.65072   24.54775   24.44135   24.33152   24.21826   24.10157   23.98146   23.85792   23.73096   23.60058   23.46679   23.32958   23.18897   23.04494   22.89752   22.74669   22.59248   22.43487   22.27389   22.10953   21.94180   21.77071   21.59626   21.41847   21.23734   21.05288   20.86510   20.67402   20.47964   20.28198   20.08104   19.87685   19.66941   19.45874   19.24486   19.02778   18.80752   18.58409   18.35753   18.12784   17.89505   17.65917   17.42024   17.17827   16.93329   16.68533   16.43440   16.18055   15.92379   15.66416   15.40169   15.13641   14.86835   14.59755   14.32404   14.04785   13.76904   13.48763   13.20366   12.91717   12.62822   12.33683   12.04306   11.74695   11.44855   11.14790   10.84505   10.54006   10.23298    9.92385    9.61273    9.29968    8.98475    8.66800    8.34948    8.02926    7.70739    7.38394    7.05896    6.73253    6.40469    6.07553    5.74509    5.41345    5.08068    4.74684    4.41200    4.07623    3.73959    3.40216    3.06402    2.72522    2.38584    2.04595    1.70563    1.36494    1.02396    0.68276    0.34142    0.00000
   0.00000    0.34639    0.69270    1.03886    1.38480    1.73044    2.07570    2.42052    2.76483    3.10854    3.45158    3.79389    4.13538    4.47600    4.81566    5.15430    5.49185    5.82824    6.16340    6.49726    6.82976    7.16083    7.49042    7.81844    8.14485    8.46957    8.79256    9.11374    9.43306    9.75046   10.06589   10.37929   10.69060   10.99978   11.30676   11.61151   11.91396   12.21408   12.51181   12.80711   13.09993   13.39023   13.67796   13.96309   14.24557   14.52538   14.80245   15.07677   15.34830   15.61700   15.88283   16.14578   16.40579   16.66286   16.91694   17.16801   17.41605   17.66102   17.90290   18.14168   18.37732   18.60981   18.83912   19.06524   19.28814   19.50782   19.72424   19.93740   20.14729   20.35387   20.55715   20.75711   20.95374   21.14702   21.33695   21.52351   21.70669   21.88649   22.06290   22.23591   22.40550   22.57169   22.73445   22.89379   23.04969   23.20216   23.35119   23.49677   23.63890   23.77758   23.91280   24.04456   24.17287   24.29771   24.41909   24.53700   24.65144   24.76241   24.86992   24.97395   25.07452   25.17161   25.26523   25.35538   25.44206   25.52526   25.60499   25.68126   25.75405   25.82337   25.88922   25.95160   26.01051   26.06595   26.11793   26.16643   26.21147   26.25305   26.29115   26.32579   26.35697   26.38468   26.40892   26.42970   26.44702   26.46087   26.47126   26.47819   26.48165   26.48165   26.47819   26.47126   26.46087   26.44702   26.42970   26.40892   26.38468   26.35697   26.32579   26.29115   26.25305   26.21147   26.16643   26.11793   26.06595   26.01051   25.95160   25.88922   25.82337   25.75405   25.68126   25.60499   25.52526   25.44206   25.35538   25.26523   25.17161   25.07452   24.97395   24.86992   24.76241   24.65144   24.53700   24.41909   24.29771   24.17287   24.04456   23.91280   23.77758   23.63890   23.49677   23.35119   23.20216   23.04969   22.89379   22.73445   22.57169   22.40550   22.23591   22.06290   21.88649   21.70669   21.52351   21.33695   21.14702   20.95374   20.75711   20.55715   20.35387   20.14729   19.93740   19.72424   19.50782   19.28814   19.06524   18.83912   18.60981   18.37732   18.14168   17.90290   17.66102   17.41605   17.16801   16.91694   16.66286   16.40579   16.14578   15.88283   15.61700   15.34830   15.07677   14.80245   14.52538   14.24557   13.96309   13.67796   13.39023   13.09993   12.80711   12.51181   12.21408   11.91396   11.61151   11.30676   10.99978   10.69060   10.37929   10.06589    9.75046    9.43306    9.11374    8.79256    8.46957    8.14485    7.81844    7.49042    7.16083    6.82976    6.49726    6.16340    5.82824    5.49185    5.15430    4.81566    4.47600    4.13538    3.79389    3.45158    3.10854    2.76483    2.42052    2.07570    1.73044    1.38480    1.03886    0.69270    0.34639    0.00000
   0.00000    0.35143    0.70278    1.05398    1.40495    1.75562    2.10590    2.45573    2.80503    3.15372    3.50173    3.84899    4.19542    4.54095    4.88550    5.22901    5.57140    5.91261    6.25256    6.59119    6.92842    7.26420    7.59845    7.93111    8.26212    8.59141    8.91892    9.24459    9.56836    9.89017   10.20996   10.52769   10.84328   11.15669   11.46787   11.77676   12.08332   12.38749   12.68922   12.98847   13.28520   13.57936   13.87090   14.15979   14.44598   14.72944   15.01012   15.28799   15.56302   15.83517   16.10440   16.37069   16.63400   16.89430   17.15157   17.40577   17.65689   17.90489   18.14975   18.39144   18.62996   18.86526   19.09734   19.32617   19.55174   19.77403   19.99301   20.20868   20.42102   20.63002   20.83565   21.03792   21.23681   21.43230   21.62438   21.81306   21.99830   22.18012   22.35850   22.53343   22.70490   22.87291   23.03746   23.19853   23.35613   23.51025   23.66088   23.80802   23.95167   24.09182   24.22848   24.36163   24.49128   24.61743   24.74007   24.85921   24.97483   25.08695   25.19556   25.30066   25.40225   25.50033   25.59490   25.68596   25.77352   25.85756   25.93809   26.01512   26.08863   26.15865   26.22515   26.28815   26.34764   26.40363   26.45612   26.50510   26.55058   26.59256   26.63104   26.66602   26.69750   26.72548   26.74996   26.77095   26.78843   26.80242   26.81291   26.81990   26.82340   26.82340   26.81990   26.81291   26.80242   26.78843   26.77095   26.74996   26.72548   26.69750   26.66602   26.63104   26.59256   26.55058   26.50510   26.45612   26.40363   26.34764   26.28815   26.22515   26.15865   26.08863   26.01512   25.93809   25.85756   25.77352   25.68596   25.59490   25.50033   25.40225   25.30066   25.19556   25.08695   24.97483   24.85921   24.74007   24.61743   24.49128   24.36163   24.22848   24.09182   23.95167   23.80802   23.66088   23.51025   23.35613   23.19853   23.03746   22.87291   22.70490   22.53343   22.35850   22.18012   21.99830   21.81306   21.62438   21.43230   21.23681   21.03792   20.83565   20.63002   20.42102   20.20868   19.99301   19.77403   19.55174   19.32617   19.09734   18.86526   18.62996   18.39144   18.14975   17.90489   17.65689   17.40577   17.15157   16.89430   16.63400   16.37069   16.10440   15.83517   15.56302   15.28799   15.01012   14.72944   14.44598   14.15979   13.87090   13.57936   13.28520   12.98847   12.68922   12.38749   12.08332   11.77676   11.46787   11.15669   10.84328   10.52769   10.20996    9.89017    9.56836    9.24459    8.91892    8.59141    8.26212    7.93111    7.59845    7.26420    6.92842    6.59119    6.25256    5.91261    5.57140    5.22901    4.88550    4.54095    4.19542    3.84899    3.50173    3.15372    2.80503    2.45573    2.10590    1.75562    1.40495    1.05398    0.70278    0.35143    0.00000
   0.00000    0.35655    0.71302    1.06933    1.42541    1.78118    2.13656    2.49147    2.84584    3.19959    3.55264    3.90492    4.25636    4.60687    4.95639    5.30484    5.65215    5.99824    6.34305    6.68651    7.02854    7.36909    7.70807    8.04543    8.38110    8.71502    9.04712    9.37733    9.70561   10.03189   10.35611   10.67821   10.99814   11.31584   11.63127   11.94435   12.25506   12.56333   12.86911   13.17237   13.47305   13.77111   14.06650   14.35919   14.64913   14.93628   15.22060   15.50206   15.78062   16.05625   16.32891   16.59858   16.86521   17.12878   17.38926   17.64662   17.90084   18.15190   18.39976   18.64440   18.88580   19.12395   19.35881   19.59038   19.81862   20.04354   20.26510   20.48329   20.69810   20.90952   21.11753   21.32212   21.52327   21.72098   21.91524   22.10603   22.29335   22.47719   22.65755   22.83440   23.00776   23.17761   23.34394   23.50676   23.66606   23.82183   23.97406   24.12277   24.26794   24.40957   24.54766   24.68220   24.81320   24.94066   25.06457   25.18493   25.30174   25.41501   25.52472   25.63089   25.73350   25.83257   25.92809   26.02006   26.10849   26.19337   26.27470   26.35249   26.42673   26.49743   26.56459   26.62821   26.68828   26.74482   26.79782   26.84728   26.89320   26.93559   26.97444   27.00975   27.04154   27.06979   27.09451   27.11569   27.13334   27.14747   27.15806   27.16512   27.16865   27.16865   27.16512   27.15806   27.14747   27.13334   27.11569   27.09451   27.06979   27.04154   27.00975   26.97444   26.93559   26.89320   26.84728   26.79782   26.74482   26.68828   26.62821   26.56459   26.49743   26.42673   26.35249   26.27470   26.19337   26.10849   26.02006   25.92809   25.83257   25.73350   25.63089   25.52472   25.41501   25.30174   25.18493   25.06457   24.94066   24.81320   24.68220   24.54766   24.40957   24.26794   24.12277   23.97406   23.82183   23.66606   23.50676   23.34394   23.17761   23.00776   22.83440   22.65755   22.47719   22.29335   22.10603   21.91524   21.72098   21.52327   21.32212   21.11753   20.90952   20.69810   20.48329   20.26510   20.04354   19.81862   19.59038   19.35881   19.12395   18.88580   18.64440   18.39976   18.15190   17.90084   17.64662   17.38926   17.12878   16.86521   16.59858   16.32891   16.05625   15.78062   15.50206   15.22060   14.93628   14.64913   14.35919   14.06650   13.77111   13.47305   13.17237   12.86911   12.56333   12.25506   11.94435   11.63127   11.31584   10.99814   10.67821   10.35611   10.03189    9.70561    9.37733    9.04712    8.71502    8.38110    8.04543    7.70807    7.36909    7.02854    6.68651    6.34305    5.99824    5.65215    5.30484    4.95639    4.60687    4.25636    3.90492    3.55264    3.19959    2.84584    2.49147    2.13656    1.78118    1.42541    1.06933    0.71302    0.35655    0.00000
   0.00000    0.36175    0.72341    1.08492    1.44619    1.80713    2.16768    2.52776    2.88727    3.24615    3.60432    3.96171    4.31822    4.67379    5.02835    5.38181    5.73410    6.08516    6.43490    6.78326    7.13016    7.47554    7.81932    8.16145    8.50185    8.84045    9.17720    9.51203    9.84487   10.17567   10.50437   10.83091   11.15523   11.47728   11.79700   12.11433   12.42924   12.74165   13.05154   13.35884   13.66352   13.96552   14.26481   14.56133   14.85506   15.14594   15.43395   15.71903   16.00116   16.28031   16.55643   16.82950   17.09948   17.36635   17.63007   17.89062   18.14797   18.40210   18.65298   18.90059   19.14491   19.38591   19.62358   19.85790   20.08885   20.31640   20.54055   20.76129   20.97859   21.19244   21.40283   21.60975   21.81318   22.01312   22.20956   22.40248   22.59188   22.77776   22.96009   23.13889   23.31413   23.48582   23.65395   23.81851   23.97951   24.13694   24.29079   24.44106   24.58775   24.73086   24.87038   25.00632   25.13868   25.26744   25.39262   25.51420   25.63220   25.74661   25.85743   25.96466   26.06831   26.16836   26.26483   26.35771   26.44701   26.53273   26.61486   26.69341   26.76838   26.83976   26.90758   26.97181   27.03247   27.08955   27.14306   27.19299   27.23935   27.28215   27.32137   27.35703   27.38911   27.41763   27.44258   27.46397   27.48179   27.49605   27.50674   27.51387   27.51743   27.51743   27.51387   27.50674   27.49605   27.48179   27.46397   27.44258   27.41763   27.38911   27.35703   27.32137   27.28215   27.23935   27.19299   27.14306   27.08955   27.03247   26.97181   26.90758   26.83976   26.76838   26.69341   26.61486   26.53273   26.44701   26.35771   26.26483   26.16836   26.06831   25.96466   25.85743   25.74661   25.63220   25.51420   25.39262   25.26744   25.13868   25.00632   24.87038   24.73086   24.58775   24.44106   24.29079   24.13694   23.97951   23.81851   23.65395   23.48582   23.31413   23.13889   22.96009   22.77776   22.59188   22.40248   22.20956   22.01312   21.81318   21.60975   21.40283   21.19244   20.97859   20.76129   20.54055   20.31640   20.08885   19.85790   19.62358   19.38591   19.14491   18.90059   18.65298   18.40210   18.14797   17.89062   17.63007   17.36635   17.09948   16.82950   16.55643   16.28031   16.00116   15.71903   15.43395   15.14594   14.85506   14.56133   14.26481   13.96552   13.66352   13.35884   13.05154   12.74165   12.42924   12.11433   11.79700   11.47728   11.15523   10.83091   10.50437   10.17567    9.84487    9.51203    9.17720    8.84045    8.50185    8.16145    7.81932    7.47554    7.13016    6.78326    6.43490    6.08516    5.73410    5.38181    5.02835    4.67379    4.31822    3.96171    3.60432    3.24615    2.88727    2.52776    2.16768    1.80713    1.44619    1.08492    0.72341    0.36175    0.00000
   0.00000    0.36702    0.73397    1.10074    1.46728    1.83348    2.19928    2.56460    2.92934    3.29343    3.65680    4.01935    4.38102    4.74173    5.10140    5.45994    5.81730    6.17338    6.52813    6.88146    7.23330    7.58358    7.93223    8.27919    8.62438    8.96774    9.30920    9.64870    9.98617   10.32156   10.65480   10.98583   11.31460   11.64104   11.96511   12.28675   12.60590   12.92252   13.23655   13.54795   13.85667   14.16266   14.46588   14.76629   15.06384   15.35849   15.65021   15.93896   16.22470   16.50739   16.78700   17.06351   17.33687   17.60707   17.87406   18.13782   18.39833   18.65556   18.90949   19.16009   19.40734   19.65122   19.89171   20.12880   20.36246   20.59267   20.81943   21.04272   21.26252   21.47882   21.69160   21.90086   22.10659   22.30877   22.50739   22.70246   22.89395   23.08186   23.26619   23.44692   23.62406   23.79759   23.96752   24.13384   24.29654   24.45563   24.61109   24.76293   24.91115   25.05574   25.19670   25.33403   25.46774   25.59781   25.72426   25.84707   25.96625   26.08181   26.19373   26.30203   26.40670   26.50774   26.60516   26.69895   26.78912   26.87567   26.95860   27.03791   27.11360   27.18568   27.25414   27.31899   27.38023   27.43785   27.49187   27.54228   27.58908   27.63228   27.67188   27.70787   27.74026   27.76905   27.79423   27.81582   27.83381   27.84820   27.85899   27.86619   27.86979   27.86979   27.86619   27.85899   27.84820   27.83381   27.81582   27.79423   27.76905   27.74026   27.70787   27.67188   27.63228   27.58908   27.54228   27.49187   27.43785   27.38023   27.31899   27.25414   27.18568   27.11360   27.03791   26.95860   26.87567   26.78912   26.69895   26.60516   26.50774   26.40670   26.30203   26.19373   26.08181   25.96625   25.84707   25.72426   25.59781   25.46774   25.33403   25.19670   25.05574   24.91115   24.76293   24.61109   24.45563   24.29654   24.13384   23.96752   23.79759   23.62406   23.44692   23.26619   23.08186   22.89395   22.70246   22.50739   22.30877   22.10659   21.90086   21.69160   21.47882   21.26252   21.04272   20.81943   20.59267   20.36246   20.12880   19.89171   19.65122   19.40734   19.16009   18.90949   18.65556   18.39833   18.13782   17.87406   17.60707   17.33687   17.06351   16.78700   16.50739   16.22470   15.93896   15.65021   15.35849   15.06384   14.76629   14.46588   14.16266   13.85667   13.54795   13.23655   12.92252   12.60590   12.28675   11.96511   11.64104   11.31460   10.98583   10.65480   10.32156    9.98617    9.64870    9.30920    8.96774    8.62438    8.27919    7.93223    7.58358    7.23330    6.88146    6.52813    6.17338    5.81730    5.45994    5.10140    4.74173    4.38102    4.01935    3.65680    3.29343    2.92934    2.56460    2.19928    1.83348    1.46728    1.10074    0.73397    0.36702    0.00000
   0.00000    0.37238    0.74468    1.11681    1.48870    1.86024    2.23137    2.60200    2.97205    3.34144    3.71007    4.07789    4.44479    4.81071    5.17556    5.53928    5.90176    6.26296    6.62278    6.98115    7.33800    7.69325    8.04685    8.39870    8.74875    9.09693    9.44317    9.78740   10.12957   10.46960   10.80744   11.14302   11.47629   11.80719   12.13566   12.46165   12.78510   13.10597   13.42419   13.73973   14.05254   14.36257   14.66976   14.97409   15.27551   15.57398   15.86945   16.16189   16.45127   16.73755   17.02069   17.30066   17.57744   17.85098   18.12127   18.38828   18.65197   18.91232   19.16932   19.42293   19.67313   19.91992   20.16325   20.40312   20.63951   20.87241   21.10179   21.32764   21.54995   21.76871   21.98390   22.19552   22.40355   22.60797   22.80880   23.00601   23.19959   23.38955   23.57587   23.75856   23.93759   24.11298   24.28471   24.45278   24.61719   24.77794   24.93502   25.08843   25.23818   25.38425   25.52665   25.66538   25.80044   25.93182   26.05953   26.18357   26.30394   26.42064   26.53367   26.64303   26.74872   26.85075   26.94912   27.04382   27.13486   27.22224   27.30597   27.38604   27.46245   27.53521   27.60432   27.66979   27.73160   27.78977   27.84430   27.89518   27.94242   27.98603   28.02599   28.06232   28.09501   28.12406   28.14949   28.17127   28.18943   28.20395   28.21485   28.22211   28.22574   28.22574   28.22211   28.21485   28.20395   28.18943   28.17127   28.14949   28.12406   28.09501   28.06232   28.02599   27.98603   27.94242   27.89518   27.84430   27.78977   27.73160   27.66979   27.60432   27.53521   27.46245   27.38604   27.30597   27.22224   27.13486   27.04382   26.94912   26.85075   26.74872   26.64303   26.53367   26.42064   26.30394   26.18357   26.05953   25.93182   25.80044   25.66538   25.52665   25.38425   25.23818   25.08843   24.93502   24.77794   24.61719   24.45278   24.28471   24.11298   23.93759   23.75856   23.57587   23.38955   23.19959   23.00601   22.80880   22.60797   22.40355   22.19552   21.98390   21.76871   21.54995   21.32764   21.10179   20.87241   20.63951   20.40312   20.16325   19.91992   19.67313   19.42293   19.16932   18.91232   18.65197   18.38828   18.12127   17.85098   17.57744   17.30066   17.02069   16.73755   16.45127   16.16189   15.86945   15.57398   15.27551   14.97409   14.66976   14.36257   14.05254   13.73973   13.42419   13.10597   12.78510   12.46165   12.13566   11.80719   11.47629   11.14302   10.80744   10.46960   10.12957    9.78740    9.44317    9.09693    8.74875    8.39870    8.04685    7.69325    7.33800    6.98115    6.62278    6.26296    5.90176    5.53928    5.17556    4.81071    4.44479    4.07789    3.71007    3.34144    2.97205    2.60200    2.23137    1.86024    1.48870    1.11681    0.74468    0.37238    0.00000
   0.00000    0.37783    0.75557    1.13314    1.51045    1.88742    2.26396    2.64000    3.01543    3.39019    3.76418    4.13733    4.50955    4.88076    5.25088    5.61983    5.98753    6.35390    6.71887    7.08236    7.44429    7.80459    8.16319    8.52002    8.87500    9.22806    9.57914    9.92817   10.27509   10.61983   10.96233   11.30252   11.64035   11.97576   12.30869   12.63908   12.96689   13.29205   13.61453   13.93426   14.25120   14.56530   14.87652   15.18482   15.49014   15.79246   16.09172   16.38790   16.68095   16.97085   17.25755   17.54102   17.82124   18.09816   18.37178   18.64205   18.90894   19.17245   19.43253   19.68918   19.94236   20.19206   20.43826   20.68093   20.92007   21.15566   21.38768   21.61611   21.84095   22.06218   22.27979   22.49376   22.70410   22.91079   23.11382   23.31318   23.50887   23.70088   23.88921   24.07384   24.25478   24.43202   24.60556   24.77539   24.94151   25.10392   25.26262   25.41761   25.56888   25.71643   25.86027   26.00040   26.13681   26.26950   26.39848   26.52375   26.64530   26.76314   26.87728   26.98770   27.09442   27.19743   27.29674   27.39235   27.48426   27.57248   27.65699   27.73782   27.81496   27.88840   27.95816   28.02424   28.08663   28.14534   28.20037   28.25173   28.29941   28.34341   28.38374   28.42041   28.45340   28.48272   28.50838   28.53036   28.54869   28.56334   28.57434   28.58166   28.58533   28.58533   28.58166   28.57434   28.56334   28.54869   28.53036   28.50838   28.48272   28.45340   28.42041   28.38374   28.34341   28.29941   28.25173   28.20037   28.14534   28.08663   28.02424   27.95816   27.88840   27.81496   27.73782   27.65699   27.57248   27.48426   27.39235   27.29674   27.19743   27.09442   26.98770   26.87728   26.76314   26.64530   26.52375   26.39848   26.26950   26.13681   26.00040   25.86027   25.71643   25.56888   25.41761   25.26262   25.10392   24.94151   24.77539   24.60556   24.43202   24.25478   24.07384   23.88921   23.70088   23.50887   23.31318   23.11382   22.91079   22.70410   22.49376   22.27979   22.06218   21.84095   21.61611   21.38768   21.15566   20.92007   20.68093   20.43826   20.19206   19.94236   19.68918   19.43253   19.17245   18.90894   18.64205   18.37178   18.09816   17.82124   17.54102   17.25755   16.97085   16.68095   16.38790   16.09172   15.79246   15.49014   15.18482   14.87652   14.56530   14.25120   13.93426   13.61453   13.29205   12.96689   12.63908   12.30869   11.97576   11.64035   11.30252   10.96233   10.61983   10.27509    9.92817    9.57914    9.22806    8.87500    8.52002    8.16319    7.80459    7.44429    7.08236    6.71887    6.35390    5.98753    5.61983    5.25088    4.88076    4.50955    4.13733    3.76418    3.39019    3.01543    2.64000    2.26396    1.88742    1.51045    1.13314    0.75557    0.37783    0.00000
   0.00000    0.38336    0.76662    1.14971    1.53254    1.91502    2.29706    2.67858    3.05949    3.43970    3.81913    4.19770    4.57531    4.95190    5.32736    5.70163    6.07462    6.44625    6.81645    7.18513    7.55222    7.91764    8.28131    8.64318    9.00316    9.36117    9.71717   10.07106   10.42280   10.77231   11.11952   11.46439   11.80683   12.14681   12.48425   12.81911   13.15132   13.48084   13.80760   14.13157   14.45269   14.77092   15.08621   15.39851   15.70778   16.01399   16.31708   16.61703   16.91379   17.20734   17.49763   17.78464   18.06832   18.34866   18.62563   18.89919   19.16932   19.43600   19.69919   19.95889   20.21507   20.46771   20.71678   20.96228   21.20419   21.44248   21.67715   21.90818   22.13555   22.35926   22.57930   22.79565   23.00831   23.21727   23.42251   23.62403   23.82183   24.01590   24.20623   24.39282   24.57567   24.75477   24.93011   25.10171   25.26954   25.43362   25.59394   25.75050   25.90330   26.05234   26.19762   26.33914   26.47690   26.61090   26.74115   26.86764   26.99038   27.10936   27.22459   27.33608   27.44382   27.54782   27.64807   27.74458   27.83736   27.92641   28.01172   28.09330   28.17115   28.24528   28.31569   28.38237   28.44534   28.50459   28.56013   28.61195   28.66007   28.70447   28.74517   28.78217   28.81546   28.84505   28.87094   28.89312   28.91161   28.92640   28.93749   28.94489   28.94858   28.94858   28.94489   28.93749   28.92640   28.91161   28.89312   28.87094   28.84505   28.81546   28.78217   28.74517   28.70447   28.66007   28.61195   28.56013   28.50459   28.44534   28.38237   28.31569   28.24528   28.17115   28.09330   28.01172   27.92641   27.83736   27.74458   27.64807   27.54782   27.44382   27.33608   27.22459   27.10936   26.99038   26.86764   26.74115   26.61090   26.47690   26.33914   26.19762   26.05234   25.90330   25.75050   25.59394   25.43362   25.26954   25.10171   24.93011   24.75477   24.57567   24.39282   24.20623   24.01590   23.82183   23.62403   23.42251   23.21727   23.00831   22.79565   22.57930   22.35926   22.13555   21.90818   21.67715   21.44248   21.20419   20.96228   20.71678   20.46771   20.21507   19.95889   19.69919   19.43600   19.16932   18.89919   18.62563   18.34866   18.06832   17.78464   17.49763   17.20734   16.91379   16.61703   16.31708   16.01399   15.70778   15.39851   15.08621   14.77092   14.45269   14.13157   13.80760   13.48084   13.15132   12.81911   12.48425   12.14681   11.80683   11.46439   11.11952   10.77231   10.42280   10.07106    9.71717    9.36117    9.00316    8.64318    8.28131    7.91764    7.55222    7.18513    6.81645    6.44625    6.07462    5.70163    5.32736    4.95190    4.57531    4.19770    3.81913    3.43970    3.05949    2.67858    2.29706    1.91502    1.53254    1.14971    0.76662    0.38336    0.00000
   0.00000    0.38897    0.77785    1.16656    1.55499    1.94306    2.33069    2.71778    3.10425    3.49000    3.87495    4.25902    4.64211    5.02415    5.40504    5.78471    6.16307    6.54004    6.91554    7.28949    7.66181    8.03242    8.40125    8.76823    9.13327    9.49632    9.85729   10.21611   10.57273   10.92707   11.27907   11.62867   11.97579   12.32039   12.66241   13.00178   13.33845   13.67237   14.00348   14.33174   14.65709   14.97948   15.29888   15.61523   15.92849   16.23863   16.54559   16.84935   17.14986   17.44709   17.74100   18.03157   18.31876   18.60254   18.88288   19.15976   19.43315   19.70302   19.96936   20.23213   20.49133   20.74692   20.99889   21.24723   21.49191   21.73293   21.97026   22.20390   22.43382   22.66003   22.88251   23.10124   23.31623   23.52746   23.73492   23.93861   24.13853   24.33466   24.52700   24.71555   24.90031   25.08127   25.25843   25.43178   25.60133   25.76708   25.92902   26.08716   26.24148   26.39201   26.53873   26.68164   26.82075   26.95606   27.08757   27.21529   27.33921   27.45933   27.57566   27.68821   27.79697   27.90195   28.00314   28.10056   28.19420   28.28407   28.37017   28.45251   28.53108   28.60589   28.67694   28.74423   28.80777   28.86756   28.92360   28.97589   29.02444   29.06925   29.11031   29.14764   29.18123   29.21108   29.23720   29.25959   29.27824   29.29316   29.30435   29.31181   29.31554   29.31554   29.31181   29.30435   29.29316   29.27824   29.25959   29.23720   29.21108   29.18123   29.14764   29.11031   29.06925   29.02444   28.97589   28.92360   28.86756   28.80777   28.74423   28.67694   28.60589   28.53108   28.45251   28.37017   28.28407   28.19420   28.10056   28.00314   27.90195   27.79697   27.68821   27.57566   27.45933   27.33921   27.21529   27.08757   26.95606   26.82075   26.68164   26.53873   26.39201   26.24148   26.08716   25.92902   25.76708   25.60133   25.43178   25.25843   25.08127   24.90031   24.71555   24.52700   24.33466   24.13853   23.93861   23.73492   23.52746   23.31623   23.10124   22.88251   22.66003   22.43382   22.20390   21.97026   21.73293   21.49191   21.24723   20.99889   20.74692   20.49133   20.23213   19.96936   19.70302   19.43315   19.15976   18.88288   18.60254   18.31876   18.03157   17.74100   17.44709   17.14986   16.84935   16.54559   16.23863   15.92849   15.61523   15.29888   14.97948   14.65709   14.33174   14.00348   13.67237   13.33845   13.00178   12.66241   12.32039   11.97579   11.62867   11.27907   10.92707   10.57273   10.21611    9.85729    9.49632    9.13327    8.76823    8.40125    8.03242    7.66181    7.28949    6.91554    6.54004    6.16307    5.78471    5.40504    5.02415    4.64211    4.25902    3.87495    3.49000    3.10425    2.71778    2.33069    1.94306    1.55499    1.16656    0.77785    0.38897    0.00000
   0.00000    0.39468    0.78926    1.18367    1.57779    1.97155    2.36485    2.75760    3.14972    3.54110    3.93166    4.32131    4.70997    5.09755    5.48395    5.86910    6.25291    6.63530    7.01618    7.39548    7.77311    8.14899    8.52305    8.89521    9.26540    9.63353    9.99955   10.36338   10.72494   11.08418   11.44103   11.79542   12.14728   12.49657   12.84321   13.18715   13.52834   13.86671   14.20222   14.53481   14.86444   15.19105   15.51460   15.83504   16.15234   16.46644   16.77731   17.08491   17.38921   17.69016   17.98773   18.28189   18.57261   18.85986   19.14361   19.42383   19.70050   19.97359   20.24308   20.50896   20.77118   21.02975   21.28464   21.53583   21.78331   22.02706   22.26707   22.50333   22.73582   22.96453   23.18945   23.41058   23.62791   23.84142   24.05111   24.25697   24.45901   24.65721   24.85157   25.04208   25.22875   25.41158   25.59055   25.76567   25.93694   26.10435   26.26791   26.42762   26.58348   26.73548   26.88364   27.02795   27.16841   27.30503   27.43780   27.56674   27.69183   27.81310   27.93053   28.04413   28.15391   28.25986   28.36199   28.46031   28.55482   28.64551   28.73240   28.81548   28.89477   28.97025   29.04194   29.10984   29.17395   29.23428   29.29082   29.34358   29.39256   29.43776   29.47919   29.51685   29.55074   29.58085   29.60720   29.62978   29.64860   29.66365   29.67494   29.68247   29.68623   29.68623   29.68247   29.67494   29.66365   29.64860   29.62978   29.60720   29.58085   29.55074   29.51685   29.47919   29.43776   29.39256   29.34358   29.29082   29.23428   29.17395   29.10984   29.04194   28.97025   28.89477   28.81548   28.73240   28.64551   28.55482   28.46031   28.36199   28.25986   28.15391   28.04413   27.93053   27.81310   27.69183   27.56674   27.43780   27.30503   27.16841   27.02795   26.88364   26.73548   26.58348   26.42762   26.26791   26.10435   25.93694   25.76567   25.59055   25.41158   25.22875   25.04208   24.85157   24.65721   24.45901   24.25697   24.05111   23.84142   23.62791   23.41058   23.18945   22.96453   22.73582   22.50333   22.26707   22.02706   21.78331   21.53583   21.28464   21.02975   20.77118   20.50896   20.24308   19.97359   19.70050   19.42383   19.14361   18.85986   18.57261   18.28189   17.98773   17.69016   17.38921   17.08491   16.77731   16.46644   16.15234   15.83504   15.51460   15.19105   14.86444   14.53481   14.20222   13.86671   13.52834   13.18715   12.84321   12.49657   12.14728   11.79542   11.44103   11.08418   10.72494   10.36338    9.99955    9.63353    9.26540    8.89521    8.52305    8.14899    7.77311    7.39548    7.01618    6.63530    6.25291    5.86910    5.48395    5.09755    4.70997    4.32131    3.93166    3.54110    3.14972    2.75760    2.36485    1.97155    1.57779    1.18367    0.78926    0.39468    0.00000
   0.00000    0.40048    0.80086    1.20105    1.60096    2.00050    2.39957    2.79807    3.19591    3.59301    3.98927    4.38460    4.77891    5.17211    5.56412    5.95483    6.34418    6.73207    7.11841    7.50314    7.88615    8.26738    8.64675    9.02417    9.39957    9.77287   10.14401   10.51290   10.87949   11.24369   11.60545   11.96469   12.32136   12.67538   13.02671   13.37528   13.72103   14.06392   14.40387   14.74085   15.07480   15.40568   15.73343   16.05801   16.37938   16.69749   17.01231   17.32379   17.63190   17.93660   18.23786   18.53565   18.82993   19.12068   19.40786   19.69145   19.97142   20.24776   20.52043   20.78942   21.05471   21.31627   21.57409   21.82815   22.07844   22.32494   22.56764   22.80653   23.04159   23.27282   23.50020   23.72373   23.94340   24.15920   24.37112   24.57917   24.78333   24.98360   25.17998   25.37246   25.56105   25.74574   25.92652   26.10341   26.27639   26.44548   26.61066   26.77194   26.92933   27.08281   27.23241   27.37811   27.51992   27.65784   27.79187   27.92202   28.04830   28.17070   28.28922   28.40388   28.51467   28.62160   28.72467   28.82388   28.91925   29.01076   29.09843   29.18227   29.26226   29.33842   29.41075   29.47925   29.54393   29.60479   29.66183   29.71505   29.76446   29.81006   29.85185   29.88984   29.92402   29.95440   29.98097   30.00375   30.02273   30.03792   30.04930   30.05689   30.06069   30.06069   30.05689   30.04930   30.03792   30.02273   30.00375   29.98097   29.95440   29.92402   29.88984   29.85185   29.81006   29.76446   29.71505   29.66183   29.60479   29.54393   29.47925   29.41075   29.33842   29.26226   29.18227   29.09843   29.01076   28.91925   28.82388   28.72467   28.62160   28.51467   28.40388   28.28922   28.17070   28.04830   27.92202   27.79187   27.65784   27.51992   27.37811   27.23241   27.08281   26.92933   26.77194   26.61066   26.44548   26.27639   26.10341   25.92652   25.74574   25.56105   25.37246   25.17998   24.98360   24.78333   24.57917   24.37112   24.15920   23.94340   23.72373   23.50020   23.27282   23.04159   22.80653   22.56764   22.32494   22.07844   21.82815   21.57409   21.31627   21.05471   20.78942   20.52043   20.24776   19.97142   19.69145   19.40786   19.12068   18.82993   18.53565   18.23786   17.93660   17.63190   17.32379   17.01231   16.69749   16.37938   16.05801   15.73343   15.40568   15.07480   14.74085   14.40387   14.06392   13.72103   13.37528   13.02671   12.67538   12.32136   11.96469   11.60545   11.24369   10.87949   10.51290   10.14401    9.77287    9.39957    9.02417    8.64675    8.26738    7.88615    7.50314    7.11841    6.73207    6.34418    5.95483    5.56412    5.17211    4.77891    4.38460    3.98927    3.59301    3.19591    2.79807    2.39957    2.00050    1.60096    1.20105    0.80086    0.40048    0.00000
   0.00000    0.40637    0.81264    1.21872    1.62451    2.02992    2.43484    2.83919    3.24286    3.64577    4.04782    4.44891    4.84897    5.24788    5.64557    6.04194    6.43690    6.83038    7.22227    7.61250    8.00099    8.38764    8.77239    9.15515    9.53583    9.91438   10.29071   10.66474   11.03641   11.40564   11.77238   12.13654   12.49807   12.85690   13.21297   13.56623   13.91661   14.26405   14.60851   14.94992   15.28825   15.62343   15.95543   16.28419   16.60967   16.93183   17.25064   17.56604   17.87800   18.18649   18.49147   18.79292   19.09079   19.38506   19.67570   19.96269   20.24599   20.52560   20.80147   21.07360   21.34196   21.60653   21.86730   22.12425   22.37736   22.62663   22.87203   23.11356   23.35121   23.58496   23.81481   24.04074   24.26276   24.48086   24.69502   24.90525   25.11154   25.31389   25.51229   25.70674   25.89725   26.08380   26.26640   26.44506   26.61976   26.79051   26.95731   27.12017   27.27908   27.43404   27.58507   27.73216   27.87531   28.01453   28.14983   28.28120   28.40864   28.53217   28.65179   28.76750   28.87930   28.98720   29.09120   29.19131   29.28753   29.37986   29.46831   29.55289   29.63359   29.71042   29.78338   29.85249   29.91773   29.97912   30.03665   30.09034   30.14017   30.18617   30.22832   30.26663   30.30110   30.33174   30.35855   30.38152   30.40067   30.41598   30.42746   30.43512   30.43894   30.43894   30.43512   30.42746   30.41598   30.40067   30.38152   30.35855   30.33174   30.30110   30.26663   30.22832   30.18617   30.14017   30.09034   30.03665   29.97912   29.91773   29.85249   29.78338   29.71042   29.63359   29.55289   29.46831   29.37986   29.28753   29.19131   29.09120   28.98720   28.87930   28.76750   28.65179   28.53217   28.40864   28.28120   28.14983   28.01453   27.87531   27.73216   27.58507   27.43404   27.27908   27.12017   26.95731   26.79051   26.61976   26.44506   26.26640   26.08380   25.89725   25.70674   25.51229   25.31389   25.11154   24.90525   24.69502   24.48086   24.26276   24.04074   23.81481   23.58496   23.35121   23.11356   22.87203   22.62663   22.37736   22.12425   21.86730   21.60653   21.34196   21.07360   20.80147   20.52560   20.24599   19.96269   19.67570   19.38506   19.09079   18.79292   18.49147   18.18649   17.87800   17.56604   17.25064   16.93183   16.60967   16.28419   15.95543   15.62343   15.28825   14.94992   14.60851   14.26405   13.91661   13.56623   13.21297   12.85690   12.49807   12.13654   11.77238   11.40564   11.03641   10.66474   10.29071    9.91438    9.53583    9.15515    8.77239    8.38764    8.00099    7.61250    7.22227    6.83038    6.43690    6.04194    5.64557    5.24788    4.84897    4.44891    4.04782    3.64577    3.24286    2.83919    2.43484    2.02992    1.62451    1.21872    0.81264    0.40637    0.00000
   0.00000    0.41236    0.82462    1.23668    1.64845    2.05982    2.47069    2.88098    3.29058    3.69939    4.10732    4.51427    4.92015    5.32487    5.72833    6.13045    6.53112    6.93026    7.32779    7.72362    8.11765    8.50982    8.90002    9.28819    9.67425   10.05811   10.43970   10.81894   11.19577   11.57010   11.94188   12.31103   12.67748   13.04118   13.40206   13.76005   14.11511   14.46717   14.81618   15.16209   15.50483   15.84437   16.18066   16.51365   16.84329   17.16954   17.49237   17.81173   18.12758   18.43989   18.74863   19.05376   19.35525   19.65308   19.94720   20.23761   20.52427   20.80716   21.08626   21.36154   21.63299   21.90059   22.16433   22.42418   22.68013   22.93217   23.18029   23.42448   23.66472   23.90100   24.13332   24.36168   24.58605   24.80645   25.02286   25.23527   25.44370   25.64812   25.84855   26.04497   26.23740   26.42582   26.61024   26.79066   26.96707   27.13949   27.30791   27.47234   27.63277   27.78922   27.94167   28.09015   28.23464   28.37516   28.51171   28.64429   28.77291   28.89757   29.01827   29.13502   29.24783   29.35670   29.46163   29.56263   29.65970   29.75284   29.84207   29.92739   30.00879   30.08629   30.15989   30.22959   30.29539   30.35730   30.41533   30.46947   30.51974   30.56612   30.60863   30.64727   30.68203   30.71293   30.73996   30.76313   30.78243   30.79787   30.80945   30.81717   30.82103   30.82103   30.81717   30.80945   30.79787   30.78243   30.76313   30.73996   30.71293   30.68203   30.64727   30.60863   30.56612   30.51974   30.46947   30.41533   30.35730   30.29539   30.22959   30.15989   30.08629   30.00879   29.92739   29.84207   29.75284   29.65970   29.56263   29.46163   29.35670   29.24783   29.13502   29.01827   28.89757   28.77291   28.64429   28.51171   28.37516   28.23464   28.09015   27.94167   27.78922   27.63277   27.47234   27.30791   27.13949   26.96707   26.79066   26.61024   26.42582   26.23740   26.04497   25.84855   25.64812   25.44370   25.23527   25.02286   24.80645   24.58605   24.36168   24.13332   23.90100   23.66472   23.42448   23.18029   22.93217   22.68013   22.42418   22.16433   21.90059   21.63299   21.36154   21.08626   20.80716   20.52427   20.23761   19.94720   19.65308   19.35525   19.05376   18.74863   18.43989   18.12758   17.81173   17.49237   17.16954   16.84329   16.51365   16.18066   15.84437   15.50483   15.16209   14.81618   14.46717   14.11511   13.76005   13.40206   13.04118   12.67748   12.31103   11.94188   11.57010   11.19577   10.81894   10.43970   10.05811    9.67425    9.28819    8.90002    8.50982    8.11765    7.72362    7.32779    6.93026    6.53112    6.13045    5.72833    5.32487    4.92015    4.51427    4.10732    3.69939    3.29058    2.88098    2.47069    2.05982    1.64845    1.23668    0.82462    0.41236    0.00000
   0.00000    0.41845    0.83679    1.25494    1.67278    2.09021    2.50714    2.92346    3.33907    3.75389    4.16779    4.58070    4.99251    5.40312    5.81245    6.22040    6.62687    7.03177    7.43502    7.83652    8.23619    8.63394    9.02969    9.42336    9.81486   10.20411   10.59103   10.97556   11.35761   11.73712   12.11401   12.48821   12.85965   13.22828   13.59402   13.95682   14.31662   14.67335   15.02696   15.37741   15.72463   16.06857   16.40920   16.74645   17.08030   17.41068   17.73757   18.06092   18.38070   18.69687   19.00939   19.31824   19.62338   19.92479   20.22243   20.51628   20.80632   21.09252   21.37486   21.65332   21.92788   22.19853   22.46525   22.72801   22.98682   23.24165   23.49249   23.73934   23.98218   24.22101   24.45581   24.68659   24.91333   25.13603   25.35469   25.56930   25.77986   25.98636   26.18881   26.38721   26.58155   26.77184   26.95808   27.14026   27.31839   27.49247   27.66251   27.82851   27.99046   28.14838   28.30227   28.45212   28.59796   28.73977   28.87757   29.01136   29.14114   29.26692   29.38871   29.50650   29.62031   29.73014   29.83599   29.93788   30.03579   30.12975   30.21975   30.30580   30.38790   30.46607   30.54029   30.61058   30.67695   30.73938   30.79790   30.85250   30.90318   30.94995   30.99282   31.03178   31.06683   31.09799   31.12524   31.14860   31.16806   31.18363   31.19531   31.20309   31.20698   31.20698   31.20309   31.19531   31.18363   31.16806   31.14860   31.12524   31.09799   31.06683   31.03178   30.99282   30.94995   30.90318   30.85250   30.79790   30.73938   30.67695   30.61058   30.54029   30.46607   30.38790   30.30580   30.21975   30.12975   30.03579   29.93788   29.83599   29.73014   29.62031   29.50650   29.38871   29.26692   29.14114   29.01136   28.87757   28.73977   28.59796   28.45212   28.30227   28.14838   27.99046   27.82851   27.66251   27.49247   27.31839   27.14026   26.95808   26.77184   26.58155   26.38721   26.18881   25.98636   25.77986   25.56930   25.35469   25.13603   24.91333   24.68659   24.45581   24.22101   23.98218   23.73934   23.49249   23.24165   22.98682   22.72801   22.46525   22.19853   21.92788   21.65332   21.37486   21.09252   20.80632   20.51628   20.22243   19.92479   19.62338   19.31824   19.00939   18.69687   18.38070   18.06092   17.73757   17.41068   17.08030   16.74645   16.40920   16.06857   15.72463   15.37741   15.02696   14.67335   14.31662   13.95682   13.59402   13.22828   12.85965   12.48821   12.11401   11.73712   11.35761   10.97556   10.59103   10.20411    9.81486    9.42336    9.02969    8.63394    8.23619    7.83652    7.43502    7.03177    6.62687    6.22040    5.81245    5.40312    4.99251    4.58070    4.16779    3.75389    3.33907    2.92346    2.50714    2.09021    1.67278    1.25494    0.83679    0.41845    0.00000
   0.00000    0.42464    0.84917    1.27350    1.69751    2.12111    2.54419    2.96665    3.38838    3.80929    4.22927    4.64823    5.06606    5.48266    5.89795    6.31182    6.72418    7.13493    7.54399    7.95126    8.35665    8.76007    9.16145    9.56069    9.95771   10.35243   10.74477   11.13466   11.52201   11.90676   12.28883   12.66814   13.04465   13.41826   13.78893   14.15659   14.52118   14.88265   15.24092   15.59596   15.94770   16.29610   16.64111   16.98268   17.32076   17.65532   17.98631   18.31369   18.63743   18.95749   19.27384   19.58643   19.89525   20.20027   20.50145   20.79877   21.09221   21.38174   21.66735   21.94900   22.22669   22.50040   22.77011   23.03581   23.29748   23.55511   23.80869   24.05821   24.30367   24.54504   24.78234   25.01554   25.24465   25.46966   25.69057   25.90737   26.12007   26.32866   26.53314   26.73351   26.92977   27.12192   27.30997   27.49392   27.67376   27.84951   28.02116   28.18872   28.35219   28.51158   28.66689   28.81812   28.96529   29.10839   29.24744   29.38243   29.51337   29.64027   29.76314   29.88197   29.99677   30.10756   30.21433   30.31709   30.41585   30.51061   30.60138   30.68816   30.77096   30.84978   30.92463   30.99551   31.06243   31.12539   31.18439   31.23944   31.29054   31.33770   31.38091   31.42019   31.45554   31.48694   31.51442   31.53797   31.55759   31.57329   31.58506   31.59291   31.59683   31.59683   31.59291   31.58506   31.57329   31.55759   31.53797   31.51442   31.48694   31.45554   31.42019   31.38091   31.33770   31.29054   31.23944   31.18439   31.12539   31.06243   30.99551   30.92463   30.84978   30.77096   30.68816   30.60138   30.51061   30.41585   30.31709   30.21433   30.10756   29.99677   29.88197   29.76314   29.64027   29.51337   29.38243   29.24744   29.10839   28.96529   28.81812   28.66689   28.51158   28.35219   28.18872   28.02116   27.84951   27.67376   27.49392   27.30997   27.12192   26.92977   26.73351   26.53314   26.32866   26.12007   25.90737   25.69057   25.46966   25.24465   25.01554   24.78234   24.54504   24.30367   24.05821   23.80869   23.55511   23.29748   23.03581   22.77011   22.50040   22.22669   21.94900   21.66735   21.38174   21.09221   20.79877   20.50145   20.20027   19.89525   19.58643   19.27384   18.95749   18.63743   18.31369   17.98631   17.65532   17.32076   16.98268   16.64111   16.29610   15.94770   15.59596   15.24092   14.88265   14.52118   14.15659   13.78893   13.41826   13.04465   12.66814   12.28883   11.90676   11.52201   11.13466   10.74477   10.35243    9.95771    9.56069    9.16145    8.76007    8.35665    7.95126    7.54399    7.13493    6.72418    6.31182    5.89795    5.48266    5.06606    4.64823    4.22927    3.80929    3.38838    2.96665    2.54419    2.12111    1.69751    1.27350    0.84917    0.42464    0.00000
   0.00000    0.43093    0.86176    1.29237    1.72266    2.15253    2.58186    3.01056    3.43851    3.86562    4.29177    4.71688    5.14083    5.56352    5.98487    6.40476    6.82310    7.23979    7.65475    8.06787    8.47907    8.88826    9.29534    9.70024   10.10287   10.50314   10.90097   11.29629   11.68902   12.07908   12.46639   12.85090   13.23252   13.61120   13.98686   14.35944   14.72888   15.09513   15.45812   15.81780   16.17411   16.52702   16.87645   17.22238   17.56475   17.90353   18.23866   18.57011   18.89785   19.22183   19.54203   19.85841   20.17093   20.47958   20.78433   21.08515   21.38201   21.67489   21.96378   22.24865   22.52949   22.80628   23.07900   23.34764   23.61218   23.87263   24.12895   24.38116   24.62923   24.87316   25.11295   25.34859   25.58007   25.80740   26.03056   26.24956   26.46439   26.67506   26.88157   27.08391   27.28209   27.47611   27.66597   27.85168   28.03323   28.21064   28.38390   28.55302   28.71800   28.87886   29.03559   29.18820   29.33669   29.48108   29.62137   29.75755   29.88965   30.01766   30.14160   30.26146   30.37726   30.48900   30.59668   30.70032   30.79992   30.89548   30.98701   31.07451   31.15800   31.23748   31.31295   31.38441   31.45188   31.51535   31.57483   31.63033   31.68185   31.72939   31.77295   31.81255   31.84818   31.87984   31.90754   31.93128   31.95105   31.96688   31.97874   31.98665   31.99061   31.99061   31.98665   31.97874   31.96688   31.95105   31.93128   31.90754   31.87984   31.84818   31.81255   31.77295   31.72939   31.68185   31.63033   31.57483   31.51535   31.45188   31.38441   31.31295   31.23748   31.15800   31.07451   30.98701   30.89548   30.79992   30.70032   30.59668   30.48900   30.37726   30.26146   30.14160   30.01766   29.88965   29.75755   29.62137   29.48108   29.33669   29.18820   29.03559   28.87886   28.71800   28.55302   28.38390   28.21064   28.03323   27.85168   27.66597   27.47611   27.28209   27.08391   26.88157   26.67506   26.46439   26.24956   26.03056   25.80740   25.58007   25.34859   25.11295   24.87316   24.62923   24.38116   24.12895   23.87263   23.61218   23.34764   23.07900   22.80628   22.52949   22.24865   21.96378   21.67489   21.38201   21.08515   20.78433   20.47958   20.17093   19.85841   19.54203   19.22183   18.89785   18.57011   18.23866   17.90353   17.56475   17.22238   16.87645   16.52702   16.17411   15.81780   15.45812   15.09513   14.72888   14.35944   13.98686   13.61120   13.23252   12.85090   12.46639   12.07908   11.68902   11.29629   10.90097   10.50314   10.10287    9.70024    9.29534    8.88826    8.47907    8.06787    7.65475    7.23979    6.82310    6.40476    5.98487    5.56352    5.14083    4.71688    4.29177    3.86562    3.43851    3.01056    2.58186    2.15253    1.72266    1.29237    0.86176    0.43093    0.00000
   0.00000    0.43733    0.87456    1.31156    1.74824    2.18448    2.62017    3.05521    3.48949    3.92290    4.35533    4.78668    5.21686    5.64574    6.07324    6.49924    6.92366    7.34639    7.76734    8.18641    8.60351    9.01854    9.43143    9.84207   10.25038   10.65628   11.05969   11.46052   11.85869   12.25414   12.64678   13.03654   13.42335   13.80715   14.18786   14.56543   14.93978   15.31087   15.67863   16.04301   16.40395   16.76140   17.11532   17.46565   17.81235   18.15538   18.49469   18.83025   19.16202   19.48996   19.81404   20.13423   20.45049   20.76281   21.07114   21.37548   21.67578   21.97204   22.26423   22.55234   22.83634   23.11622   23.39196   23.66356   23.93099   24.19426   24.45334   24.70824   24.95894   25.20543   25.44772   25.68580   25.91965   26.14929   26.37471   26.59591   26.81289   27.02564   27.23417   27.43849   27.63858   27.83446   28.02613   28.21360   28.39686   28.57592   28.75078   28.92146   29.08795   29.25027   29.40841   29.56239   29.71221   29.85787   29.99939   30.13677   30.27002   30.39914   30.52414   30.64503   30.76181   30.87449   30.98309   31.08759   31.18802   31.28437   31.37666   31.46489   31.54906   31.62918   31.70526   31.77731   31.84532   31.90930   31.96926   32.02521   32.07714   32.12506   32.16897   32.20888   32.24479   32.27670   32.30462   32.32854   32.34848   32.36442   32.37638   32.38435   32.38834   32.38834   32.38435   32.37638   32.36442   32.34848   32.32854   32.30462   32.27670   32.24479   32.20888   32.16897   32.12506   32.07714   32.02521   31.96926   31.90930   31.84532   31.77731   31.70526   31.62918   31.54906   31.46489   31.37666   31.28437   31.18802   31.08759   30.98309   30.87449   30.76181   30.64503   30.52414   30.39914   30.27002   30.13677   29.99939   29.85787   29.71221   29.56239   29.40841   29.25027   29.08795   28.92146   28.75078   28.57592   28.39686   28.21360   28.02613   27.83446   27.63858   27.43849   27.23417   27.02564   26.81289   26.59591   26.37471   26.14929   25.91965   25.68580   25.44772   25.20543   24.95894   24.70824   24.45334   24.19426   23.93099   23.66356   23.39196   23.11622   22.83634   22.55234   22.26423   21.97204   21.67578   21.37548   21.07114   20.76281   20.45049   20.13423   19.81404   19.48996   19.16202   18.83025   18.49469   18.15538   17.81235   17.46565   17.11532   16.76140   16.40395   16.04301   15.67863   15.31087   14.93978   14.56543   14.18786   13.80715   13.42335   13.03654   12.64678   12.25414   11.85869   11.46052   11.05969   10.65628   10.25038    9.84207    9.43143    9.01854    8.60351    8.18641    7.76734    7.34639    6.92366    6.49924    6.07324    5.64574    5.21686    4.78668    4.35533    3.92290    3.48949    3.05521    2.62017    2.18448    1.74824    1.31156    0.87456    0.43733    0.00000
   0.00000    0.44384    0.88758    1.33108    1.77425    2.21697    2.65914    3.10062    3.54133    3.98115    4.41997    4.85768    5.29417    5.72935    6.16310    6.59532    7.02591    7.45478    7.88181    8.30692    8.73001    9.15098    9.56975    9.98622   10.40031   10.81192   11.22098   11.62740   12.03110   12.43201   12.83004   13.22513   13.61720   14.00618   14.39201   14.77462   15.15395   15.52994   15.90252   16.27165   16.63727   16.99932   17.35776   17.71254   18.06362   18.41094   18.75448   19.09418   19.43002   19.76195   20.08995   20.41398   20.73401   21.05001   21.36196   21.66984   21.97361   22.27326   22.56878   22.86013   23.14731   23.43030   23.70908   23.98364   24.25398   24.52007   24.78192   25.03952   25.29285   25.54191   25.78670   26.02722   26.26346   26.49542   26.72309   26.94649   27.16560   27.38044   27.59100   27.79728   27.99929   28.19703   28.39050   28.57972   28.76468   28.94539   29.12186   29.29409   29.46208   29.62585   29.78540   29.94074   30.09188   30.23882   30.38156   30.52013   30.65452   30.78474   30.91080   31.03270   31.15046   31.26409   31.37358   31.47895   31.58020   31.67734   31.77038   31.85932   31.94417   32.02494   32.10163   32.17424   32.24280   32.30729   32.36772   32.42410   32.47644   32.52473   32.56899   32.60921   32.64540   32.67756   32.70569   32.72980   32.74989   32.76596   32.77801   32.78604   32.79006   32.79006   32.78604   32.77801   32.76596   32.74989   32.72980   32.70569   32.67756   32.64540   32.60921   32.56899   32.52473   32.47644   32.42410   32.36772   32.30729   32.24280   32.17424   32.10163   32.02494   31.94417   31.85932   31.77038   31.67734   31.58020   31.47895   31.37358   31.26409   31.15046   31.03270   30.91080   30.78474   30.65452   30.52013   30.38156   30.23882   30.09188   29.94074   29.78540   29.62585   29.46208   29.29409   29.12186   28.94539   28.76468   28.57972   28.39050   28.19703   27.99929   27.79728   27.59100   27.38044   27.16560   26.94649   26.72309   26.49542   26.26346   26.02722   25.78670   25.54191   25.29285   25.03952   24.78192   24.52007   24.25398   23.98364   23.70908   23.43030   23.14731   22.86013   22.56878   22.27326   21.97361   21.66984   21.36196   21.05001   20.73401   20.41398   20.08995   19.76195   19.43002   19.09418   18.75448   18.41094   18.06362   17.71254   17.35776   16.99932   16.63727   16.27165   15.90252   15.52994   15.15395   14.77462   14.39201   14.00618   13.61720   13.22513   12.83004   12.43201   12.03110   11.62740   11.22098   10.81192   10.40031    9.98622    9.56975    9.15098    8.73001    8.30692    7.88181    7.45478    7.02591    6.59532    6.16310    5.72935    5.29417    4.85768    4.41997    3.98115    3.54133    3.10062    2.65914    2.21697    1.77425    1.33108    0.88758    0.44384    0.00000
   0.00000    0.45047    0.90082    1.35094    1.80072    2.25003    2.69877    3.14682    3.59407    4.04040    4.48571    4.92988    5.37281    5.81438    6.25448    6.69302    7.12989    7.56499    7.99821    8.42945    8.85863    9.28563    9.71037   10.13276   10.55270   10.97012   11.38491   11.79700   12.20630   12.61275   13.01625   13.41673   13.81413   14.20837   14.59938   14.98710   15.37146   15.75241   16.12988   16.50381   16.87415   17.24086   17.60387   17.96315   18.31864   18.67030   19.01810   19.36198   19.70192   20.03788   20.36983   20.69772   21.02155   21.34127   21.65686   21.96830   22.27556   22.57863   22.87748   23.17210   23.46247   23.74858   24.03041   24.30796   24.58120   24.85014   25.11476   25.37506   25.63103   25.88267   26.12997   26.37293   26.61155   26.84582   27.07576   27.30135   27.52260   27.73952   27.95210   28.16035   28.36427   28.56386   28.75914   28.95010   29.13676   29.31912   29.49718   29.67095   29.84044   30.00566   30.16661   30.32331   30.47575   30.62395   30.76792   30.90766   31.04318   31.17450   31.30161   31.42453   31.54326   31.65781   31.76820   31.87442   31.97649   32.07441   32.16819   32.25784   32.34336   32.42477   32.50206   32.57525   32.64434   32.70933   32.77023   32.82705   32.87979   32.92845   32.97305   33.01358   33.05004   33.08245   33.11079   33.13509   33.15533   33.17152   33.18366   33.19176   33.19580   33.19580   33.19176   33.18366   33.17152   33.15533   33.13509   33.11079   33.08245   33.05004   33.01358   32.97305   32.92845   32.87979   32.82705   32.77023   32.70933   32.64434   32.57525   32.50206   32.42477   32.34336   32.25784   32.16819   32.07441   31.97649   31.87442   31.76820   31.65781   31.54326   31.42453   31.30161   31.17450   31.04318   30.90766   30.76792   30.62395   30.47575   30.32331   30.16661   30.00566   29.84044   29.67095   29.49718   29.31912   29.13676   28.95010   28.75914   28.56386   28.36427   28.16035   27.95210   27.73952   27.52260   27.30135   27.07576   26.84582   26.61155   26.37293   26.12997   25.88267   25.63103   25.37506   25.11476   24.85014   24.58120   24.30796   24.03041   23.74858   23.46247   23.17210   22.87748   22.57863   22.27556   21.96830   21.65686   21.34127   21.02155   20.69772   20.36983   20.03788   19.70192   19.36198   19.01810   18.67030   18.31864   17.96315   17.60387   17.24086   16.87415   16.50381   16.12988   15.75241   15.37146   14.98710   14.59938   14.20837   13.81413   13.41673   13.01625   12.61275   12.20630   11.79700   11.38491   10.97012   10.55270   10.13276    9.71037    9.28563    8.85863    8.42945    7.99821    7.56499    7.12989    6.69302    6.25448    5.81438    5.37281    4.92988    4.48571    4.04040    3.59407    3.14682    2.69877    2.25003    1.80072    1.35094    0.90082    0.45047    0.00000
   0.00000    0.45721    0.91430    1.37115    1.82764    2.28367    2.73910    3.19382    3.64772    4.10068    4.55259    5.00333    5.45280    5.90087    6.34744    6.79240    7.23565    7.67708    8.11658    8.55406    8.98941    9.42254    9.85335   10.28175   10.70764   11.13093   11.55154   11.96938   12.38437   12.79643   13.20547   13.61143   14.01423   14.41379   14.81005   15.20294   15.59240   15.97836   16.36077   16.73956   17.11468   17.48609   17.85372   18.21754   18.57749   18.93353   19.28563   19.63373   19.97781   20.31783   20.65375   20.98555   21.31319   21.63666   21.95591   22.27094   22.58171   22.88821   23.19042   23.48833   23.78190   24.07115   24.35604   24.63658   24.91274   25.18453   25.45193   25.71493   25.97355   26.22776   26.47757   26.72298   26.96398   27.20058   27.43277   27.66056   27.88395   28.10294   28.31754   28.52775   28.73357   28.93502   29.13209   29.32480   29.51314   29.69714   29.87679   30.05210   30.22308   30.38974   30.55208   30.71012   30.86387   31.01333   31.15851   31.29942   31.43607   31.56846   31.69662   31.82054   31.94023   32.05571   32.16698   32.27405   32.37693   32.47562   32.57014   32.66049   32.74668   32.82872   32.90661   32.98036   33.04997   33.11546   33.17683   33.23408   33.28722   33.33625   33.38118   33.42201   33.45875   33.49140   33.51996   33.54443   33.56482   33.58113   33.59337   33.60152   33.60560   33.60560   33.60152   33.59337   33.58113   33.56482   33.54443   33.51996   33.49140   33.45875   33.42201   33.38118   33.33625   33.28722   33.23408   33.17683   33.11546   33.04997   32.98036   32.90661   32.82872   32.74668   32.66049   32.57014   32.47562   32.37693   32.27405   32.16698   32.05571   31.94023   31.82054   31.69662   31.56846   31.43607   31.29942   31.15851   31.01333   30.86387   30.71012   30.55208   30.38974   30.22308   30.05210   29.87679   29.69714   29.51314   29.32480   29.13209   28.93502   28.73357   28.52775   28.31754   28.10294   27.88395   27.66056   27.43277   27.20058   26.96398   26.72298   26.47757   26.22776   25.97355   25.71493   25.45193   25.18453   24.91274   24.63658   24.35604   24.07115   23.78190   23.48833   23.19042   22.88821   22.58171   22.27094   21.95591   21.63666   21.31319   20.98555   20.65375   20.31783   19.97781   19.63373   19.28563   18.93353   18.57749   18.21754   17.85372   17.48609   17.11468   16.73956   16.36077   15.97836   15.59240   15.20294   14.81005   14.41379   14.01423   13.61143   13.20547   12.79643   12.38437   11.96938   11.55154   11.13093   10.70764   10.28175    9.85335    9.42254    8.98941    8.55406    8.11658    7.67708    7.23565    6.79240    6.34744    5.90087    5.45280    5.00333    4.55259    4.10068    3.64772    3.19382    2.73910    2.28367    1.82764    1.37115    0.91430    0.45721    0.00000
   0.00000    0.46406    0.92801    1.39171    1.85504    2.31789    2.78013    3.24165    3.70231    4.16202    4.62064    5.07807    5.53418    5.98886    6.44200    6.89350    7.34323    7.79109    8.23698    8.68079    9.12242    9.56177    9.99874   10.43324   10.86517   11.29443   11.72094   12.14462   12.56538   12.98313   13.39779   13.80929   14.21756   14.62251   15.02409   15.42221   15.81683   16.20787   16.59527   16.97898   17.35894   17.73509   18.10739   18.47580   18.84025   19.20072   19.55715   19.90951   20.25776   20.60187   20.94180   21.27753   21.60902   21.93625   22.25920   22.57783   22.89214   23.20209   23.50767   23.80887   24.10567   24.39807   24.68603   24.96957   25.24866   25.52330   25.79348   26.05921   26.32047   26.57726   26.82958   27.07744   27.32082   27.55974   27.79418   28.02417   28.24969   28.47075   28.68737   28.89953   29.10726   29.31055   29.50941   29.70385   29.89388   30.07951   30.26074   30.43758   30.61004   30.77813   30.94186   31.10124   31.25628   31.40698   31.55337   31.69544   31.83320   31.96668   32.09587   32.22078   32.34143   32.45782   32.56997   32.67788   32.78156   32.88102   32.97627   33.06731   33.15416   33.23682   33.31530   33.38961   33.45974   33.52572   33.58755   33.64522   33.69875   33.74815   33.79341   33.83454   33.87155   33.90444   33.93321   33.95786   33.97840   33.99483   34.00715   34.01536   34.01947   34.01947   34.01536   34.00715   33.99483   33.97840   33.95786   33.93321   33.90444   33.87155   33.83454   33.79341   33.74815   33.69875   33.64522   33.58755   33.52572   33.45974   33.38961   33.31530   33.23682   33.15416   33.06731   32.97627   32.88102   32.78156   32.67788   32.56997   32.45782   32.34143   32.22078   32.09587   31.96668   31.83320   31.69544   31.55337   31.40698   31.25628   31.10124   30.94186   30.77813   30.61004   30.43758   30.26074   30.07951   29.89388   29.70385   29.50941   29.31055   29.10726   28.89953   28.68737   28.47075   28.24969   28.02417   27.79418   27.55974   27.32082   27.07744   26.82958   26.57726   26.32047   26.05921   25.79348   25.52330   25.24866   24.96957   24.68603   24.39807   24.10567   23.80887   23.50767   23.20209   22.89214   22.57783   22.25920   21.93625   21.60902   21.27753   20.94180   20.60187   20.25776   19.90951   19.55715   19.20072   18.84025   18.47580   18.10739   17.73509   17.35894   16.97898   16.59527   16.20787   15.81683   15.42221   15.02409   14.62251   14.21756   13.80929   13.39779   12.98313   12.56538   12.14462   11.72094   11.29443   10.86517   10.43324    9.99874    9.56177    9.12242    8.68079    8.23698    7.79109    7.34323    6.89350    6.44200    5.98886    5.53418    5.07807    4.62064    4.16202    3.70231    3.24165    2.78013    2.31789    1.85504    1.39171    0.92801    0.46406    0.00000
   0.00000    0.47104    0.94196    1.41263    1.88293    2.35272    2.82189    3.29032    3.75787    4.22444    4.68989    5.15411    5.61699    6.07839    6.53822    6.99635    7.45268    7.90708    8.35946    8.80971    9.25772    9.70339   10.14661   10.58730   11.02536   11.46068   11.89319   12.32278   12.74938   13.17291   13.59327   14.01039   14.42420   14.83462   15.24157   15.64500   16.04484   16.44101   16.83347   17.22215   17.60699   17.98795   18.36497   18.73800   19.10701   19.47193   19.83274   20.18940   20.54186   20.89009   21.23407   21.57375   21.90912   22.24014   22.56680   22.88906   23.20691   23.52033   23.82931   24.13382   24.43386   24.72941   25.02046   25.30700   25.58903   25.86653   26.13951   26.40795   26.67186   26.93123   27.18607   27.43637   27.68213   27.92336   28.16007   28.39224   28.61989   28.84302   29.06165   29.27576   29.48538   29.69051   29.89116   30.08733   30.27903   30.46628   30.64908   30.82744   31.00137   31.17089   31.33599   31.49670   31.65302   31.80497   31.95254   32.09576   32.23464   32.36918   32.49939   32.62529   32.74689   32.86419   32.97720   33.08594   33.19041   33.29063   33.38660   33.47833   33.56583   33.64911   33.72817   33.80302   33.87368   33.94014   34.00242   34.06051   34.11443   34.16419   34.20977   34.25120   34.28848   34.32160   34.35057   34.37540   34.39609   34.41264   34.42505   34.43332   34.43746   34.43746   34.43332   34.42505   34.41264   34.39609   34.37540   34.35057   34.32160   34.28848   34.25120   34.20977   34.16419   34.11443   34.06051   34.00242   33.94014   33.87368   33.80302   33.72817   33.64911   33.56583   33.47833   33.38660   33.29063   33.19041   33.08594   32.97720   32.86419   32.74689   32.62529   32.49939   32.36918   32.23464   32.09576   31.95254   31.80497   31.65302   31.49670   31.33599   31.17089   31.00137   30.82744   30.64908   30.46628   30.27903   30.08733   29.89116   29.69051   29.48538   29.27576   29.06165   28.84302   28.61989   28.39224   28.16007   27.92336   27.68213   27.43637   27.18607   26.93123   26.67186   26.40795   26.13951   25.86653   25.58903   25.30700   25.02046   24.72941   24.43386   24.13382   23.82931   23.52033   23.20691   22.88906   22.56680   22.24014   21.90912   21.57375   21.23407   20.89009   20.54186   20.18940   19.83274   19.47193   19.10701   18.73800   18.36497   17.98795   17.60699   17.22215   16.83347   16.44101   16.04484   15.64500   15.24157   14.83462   14.42420   14.01039   13.59327   13.17291   12.74938   12.32278   11.89319   11.46068   11.02536   10.58730   10.14661    9.70339    9.25772    8.80971    8.35946    7.90708    7.45268    6.99635    6.53822    6.07839    5.61699    5.15411    4.68989    4.22444    3.75787    3.29032    2.82189    2.35272    1.88293    1.41263    0.94196    0.47104    0.00000
   0.00000    0.47815    0.95617    1.43393    1.91131    2.38818    2.86440    3.33986    3.81442    4.28797    4.76037    5.23151    5.70126    6.16951    6.63613    7.10101    7.56404    8.02510    8.48407    8.94086    9.39535    9.84744   10.29702   10.74400   11.18828   11.62975   12.06834   12.50394   12.93647   13.36585   13.79199   14.21481   14.63423   15.05018   15.46259   15.87139   16.27650   16.67788   17.07545   17.46915   17.85893   18.24474   18.62653   19.00424   19.37784   19.74727   20.11249   20.47348   20.83018   21.18257   21.53062   21.87429   22.21356   22.54840   22.87879   23.20470   23.52612   23.84303   24.15541   24.46325   24.76653   25.06525   25.35940   25.64895   25.93392   26.21429   26.49006   26.76123   27.02779   27.28975   27.54710   27.79984   28.04798   28.29153   28.53048   28.76484   28.99461   29.21981   29.44043   29.65650   29.86800   30.07496   30.27738   30.47527   30.66864   30.85750   31.04186   31.22173   31.39713   31.56805   31.73453   31.89655   32.05415   32.20732   32.35608   32.50044   32.64041   32.77601   32.90724   33.03411   33.15664   33.27484   33.38871   33.49827   33.60353   33.70449   33.80117   33.89358   33.98172   34.06561   34.14525   34.22064   34.29181   34.35875   34.42147   34.47998   34.53429   34.58439   34.63030   34.67202   34.70956   34.74291   34.77209   34.79709   34.81793   34.83459   34.84709   34.85541   34.85958   34.85958   34.85541   34.84709   34.83459   34.81793   34.79709   34.77209   34.74291   34.70956   34.67202   34.63030   34.58439   34.53429   34.47998   34.42147   34.35875   34.29181   34.22064   34.14525   34.06561   33.98172   33.89358   33.80117   33.70449   33.60353   33.49827   33.38871   33.27484   33.15664   33.03411   32.90724   32.77601   32.64041   32.50044   32.35608   32.20732   32.05415   31.89655   31.73453   31.56805   31.39713   31.22173   31.04186   30.85750   30.66864   30.47527   30.27738   30.07496   29.86800   29.65650   29.44043   29.21981   28.99461   28.76484   28.53048   28.29153   28.04798   27.79984   27.54710   27.28975   27.02779   26.76123   26.49006   26.21429   25.93392   25.64895   25.35940   25.06525   24.76653   24.46325   24.15541   23.84303   23.52612   23.20470   22.87879   22.54840   22.21356   21.87429   21.53062   21.18257   20.83018   20.47348   20.11249   19.74727   19.37784   19.00424   18.62653   18.24474   17.85893   17.46915   17.07545   16.67788   16.27650   15.87139   15.46259   15.05018   14.63423   14.21481   13.79199   13.36585   12.93647   12.50394   12.06834   11.62975   11.18828   10.74400   10.29702    9.84744    9.39535    8.94086    8.48407    8.02510    7.56404    7.10101    6.63613    6.16951    5.70126    5.23151    4.76037    4.28797    3.81442    3.33986    2.86440    2.38818    1.91131    1.43393    0.95617    0.47815    0.00000
   0.00000    0.48538    0.97063    1.45562    1.94021    2.42427    2.90767    3.39029    3.87199    4.35264    4.83211    5.31029    5.78704    6.26225    6.73579    7.20753    7.67738    8.14520    8.61088    9.07431    9.53539    9.99400   10.45004   10.90341   11.35400   11.80172   12.24647   12.68817   13.12672   13.56203   13.99403   14.42262   14.84774   15.26929   15.68722   16.10145   16.51192   16.91855   17.32129   17.72008   18.11485   18.50557   18.89217   19.27460   19.65283   20.02681   20.39649   20.76184   21.12282   21.47940   21.83155   22.17924   22.52243   22.86111   23.19525   23.52484   23.84984   24.17026   24.48606   24.79724   25.10378   25.40568   25.70292   25.99550   26.28341   26.56666   26.84522   27.11912   27.38833   27.65287   27.91273   28.16792   28.41843   28.66429   28.90548   29.14202   29.37392   29.60117   29.82379   30.04179   30.25517   30.46395   30.66813   30.86773   31.06276   31.25322   31.43913   31.62051   31.79735   31.96968   32.13751   32.30084   32.45970   32.61408   32.76402   32.90951   33.05057   33.18721   33.31944   33.44728   33.57073   33.68981   33.80453   33.91491   34.02094   34.12264   34.22003   34.31310   34.40188   34.48636   34.56657   34.64250   34.71417   34.78158   34.84474   34.90366   34.95834   35.00879   35.05502   35.09703   35.13483   35.16841   35.19779   35.22296   35.24394   35.26071   35.27329   35.28168   35.28587   35.28587   35.28168   35.27329   35.26071   35.24394   35.22296   35.19779   35.16841   35.13483   35.09703   35.05502   35.00879   34.95834   34.90366   34.84474   34.78158   34.71417   34.64250   34.56657   34.48636   34.40188   34.31310   34.22003   34.12264   34.02094   33.91491   33.80453   33.68981   33.57073   33.44728   33.31944   33.18721   33.05057   32.90951   32.76402   32.61408   32.45970   32.30084   32.13751   31.96968   31.79735   31.62051   31.43913   31.25322   31.06276   30.86773   30.66813   30.46395   30.25517   30.04179   29.82379   29.60117   29.37392   29.14202   28.90548   28.66429   28.41843   28.16792   27.91273   27.65287   27.38833   27.11912   26.84522   26.56666   26.28341   25.99550   25.70292   25.40568   25.10378   24.79724   24.48606   24.17026   23.84984   23.52484   23.19525   22.86111   22.52243   22.17924   21.83155   21.47940   21.12282   20.76184   20.39649   20.02681   19.65283   19.27460   18.89217   18.50557   18.11485   17.72008   17.32129   16.91855   16.51192   16.10145   15.68722   15.26929   14.84774   14.42262   13.99403   13.56203   13.12672   12.68817   12.24647   11.80172   11.35400   10.90341   10.45004    9.99400    9.53539    9.07431    8.61088    8.14520    7.67738    7.20753    6.73579    6.26225    5.78704    5.31029    4.83211    4.35264    3.87199    3.39029    2.90767    2.42427    1.94021    1.45562    0.97063    0.48538    0.00000
   0.00000    0.49275    0.98536    1.47770    1.96963    2.46103    2.95174    3.44164    3.93060    4.41848    4.90516    5.39050    5.87437    6.35666    6.83723    7.31596    7.79274    8.26743    8.73993    9.21012    9.67789   10.14313   10.60573   11.06558   11.52259   11.97665   12.42767   12.87555   13.32020   13.76154   14.19947   14.63392   15.06480   15.49203   15.91555   16.33529   16.75116   17.16312   17.57109   17.97501   18.37484   18.77051   19.16197   19.54918   19.93208   20.31065   20.68482   21.05458   21.41987   21.78067   22.13695   22.48867   22.83582   23.17836   23.51628   23.84955   24.17816   24.50209   24.82133   25.13586   25.44567   25.75076   26.05111   26.34672   26.63758   26.92370   27.20507   27.48168   27.75355   28.02066   28.28304   28.54066   28.79355   29.04171   29.28514   29.52386   29.75786   29.98716   30.21177   30.43170   30.64695   30.85754   31.06347   31.26477   31.46144   31.65350   31.84095   32.02381   32.20210   32.37582   32.54499   32.70961   32.86972   33.02531   33.17640   33.32301   33.46514   33.60281   33.73604   33.86483   33.98920   34.10915   34.22471   34.33588   34.44268   34.54511   34.64319   34.73692   34.82633   34.91140   34.99217   35.06863   35.14079   35.20866   35.27226   35.33158   35.38663   35.43743   35.48397   35.52626   35.56431   35.59811   35.62769   35.65303   35.67415   35.69103   35.70370   35.71214   35.71636   35.71636   35.71214   35.70370   35.69103   35.67415   35.65303   35.62769   35.59811   35.56431   35.52626   35.48397   35.43743   35.38663   35.33158   35.27226   35.20866   35.14079   35.06863   34.99217   34.91140   34.82633   34.73692   34.64319   34.54511   34.44268   34.33588   34.22471   34.10915   33.98920   33.86483   33.73604   33.60281   33.46514   33.32301   33.17640   33.02531   32.86972   32.70961   32.54499   32.37582   32.20210   32.02381   31.84095   31.65350   31.46144   31.26477   31.06347   30.85754   30.64695   30.43170   30.21177   29.98716   29.75786   29.52386   29.28514   29.04171   28.79355   28.54066   28.28304   28.02066   27.75355   27.48168   27.20507   26.92370   26.63758   26.34672   26.05111   25.75076   25.44567   25.13586   24.82133   24.50209   24.17816   23.84955   23.51628   23.17836   22.83582   22.48867   22.13695   21.78067   21.41987   21.05458   20.68482   20.31065   19.93208   19.54918   19.16197   18.77051   18.37484   17.97501   17.57109   17.16312   16.75116   16.33529   15.91555   15.49203   15.06480   14.63392   14.19947   13.76154   13.32020   12.87555   12.42767   11.97665   11.52259   11.06558   10.60573   10.14313    9.67789    9.21012    8.73993    8.26743    7.79274    7.31596    6.83723    6.35666    5.87437    5.39050    4.90516    4.41848    3.93060    3.44164    2.95174    2.46103    1.96963    1.47770    0.98536    0.49275    0.00000
   0.00000    0.50025    1.00036    1.50019    1.99960    2.49846    2.99661    3.49394    3.99029    4.48553    4.97954    5.47217    5.96329    6.45278    6.94051    7.42635    7.91017    8.39186    8.87130    9.34836    9.82293   10.29490   10.76416   11.23061   11.69413   12.15463   12.61200   13.06616   13.51701   13.96445   14.40840   14.84878   15.28550   15.71849   16.14768   16.57298   16.99433   17.41167   17.82493   18.23405   18.63898   19.03965   19.43603   19.82805   20.21568   20.59887   20.97758   21.35177   21.72141   22.08646   22.44690   22.80269   23.15381   23.50024   23.84196   24.17894   24.51117   24.83863   25.16131   25.47920   25.79229   26.10057   26.40404   26.70268   26.99650   27.28550   27.56966   27.84900   28.12352   28.39321   28.65809   28.91815   29.17341   29.42386   29.66953   29.91041   30.14651   30.37785   30.60444   30.82628   31.04339   31.25578   31.46346   31.66645   31.86475   32.05838   32.24736   32.43170   32.61141   32.78651   32.95700   33.12292   33.28426   33.44104   33.59328   33.74099   33.88418   34.02287   34.15708   34.28681   34.41208   34.53290   34.64928   34.76124   34.86879   34.97194   35.07070   35.16508   35.25510   35.34076   35.42208   35.49905   35.57170   35.64003   35.70405   35.76377   35.81919   35.87032   35.91716   35.95973   35.99803   36.03206   36.06183   36.08733   36.10858   36.12558   36.13833   36.14683   36.15107   36.15107   36.14683   36.13833   36.12558   36.10858   36.08733   36.06183   36.03206   35.99803   35.95973   35.91716   35.87032   35.81919   35.76377   35.70405   35.64003   35.57170   35.49905   35.42208   35.34076   35.25510   35.16508   35.07070   34.97194   34.86879   34.76124   34.64928   34.53290   34.41208   34.28681   34.15708   34.02287   33.88418   33.74099   33.59328   33.44104   33.28426   33.12292   32.95700   32.78651   32.61141   32.43170   32.24736   32.05838   31.86475   31.66645   31.46346   31.25578   31.04339   30.82628   30.60444   30.37785   30.14651   29.91041   29.66953   29.42386   29.17341   28.91815   28.65809   28.39321   28.12352   27.84900   27.56966   27.28550   26.99650   26.70268   26.40404   26.10057   25.79229   25.47920   25.16131   24.83863   24.51117   24.17894   23.84196   23.50024   23.15381   22.80269   22.44690   22.08646   21.72141   21.35177   20.97758   20.59887   20.21568   19.82805   19.43603   19.03965   18.63898   18.23405   17.82493   17.41167   16.99433   16.57298   16.14768   15.71849   15.28550   14.84878   14.40840   13.96445   13.51701   13.06616   12.61200   12.15463   11.69413   11.23061   10.76416   10.29490    9.82293    9.34836    8.87130    8.39186    7.91017    7.42635    6.94051    6.45278    5.96329    5.47217    4.97954    4.48553    3.99029    3.49394    2.99661    2.49846    1.99960    1.50019    1.00036    0.50025    0.00000
   0.00000    0.50789    1.01564    1.52310    2.03013    2.53659    3.04232    3.54720    4.05108    4.55383    5.05529    5.55534    6.05385    6.55067    7.04568    7.53875    8.02975    8.51855    9.00503    9.48908    9.97057   10.44938   10.92542   11.39856   11.86870   12.33573   12.79956   13.26008   13.71721   14.17085   14.62090   15.06730   15.50994   15.94876   16.38368   16.81462   17.24152   17.66430   18.08292   18.49729   18.90737   19.31310   19.71444   20.11133   20.50372   20.89157   21.27485   21.65352   22.02754   22.39687   22.76150   23.12138   23.47650   23.82684   24.17237   24.51307   24.84894   25.17994   25.50609   25.82735   26.14372   26.45521   26.76179   27.06347   27.36025   27.65212   27.93909   28.22115   28.49831   28.77058   29.03796   29.30045   29.55807   29.81081   30.05870   30.30174   30.53993   30.77330   31.00185   31.22560   31.44456   31.65873   31.86814   32.07280   32.27273   32.46793   32.65842   32.84422   33.02534   33.20180   33.37361   33.54079   33.70335   33.86131   34.01468   34.16348   34.30773   34.44743   34.58260   34.71325   34.83941   34.96108   35.07828   35.19102   35.29931   35.40316   35.50259   35.59762   35.68824   35.77447   35.85632   35.93381   36.00694   36.07571   36.14015   36.20025   36.25603   36.30749   36.35464   36.39748   36.43602   36.47027   36.50023   36.52590   36.54728   36.56439   36.57721   36.58576   36.59004   36.59004   36.58576   36.57721   36.56439   36.54728   36.52590   36.50023   36.47027   36.43602   36.39748   36.35464   36.30749   36.25603   36.20025   36.14015   36.07571   36.00694   35.93381   35.85632   35.77447   35.68824   35.59762   35.50259   35.40316   35.29931   35.19102   35.07828   34.96108   34.83941   34.71325   34.58260   34.44743   34.30773   34.16348   34.01468   33.86131   33.70335   33.54079   33.37361   33.20180   33.02534   32.84422   32.65842   32.46793   32.27273   32.07280   31.86814   31.65873   31.44456   31.22560   31.00185   30.77330   30.53993   30.30174   30.05870   29.81081   29.55807   29.30045   29.03796   28.77058   28.49831   28.22115   27.93909   27.65212   27.36025   27.06347   26.76179   26.45521   26.14372   25.82735   25.50609   25.17994   24.84894   24.51307   24.17237   23.82684   23.47650   23.12138   22.76150   22.39687   22.02754   21.65352   21.27485   20.89157   20.50372   20.11133   19.71444   19.31310   18.90737   18.49729   18.08292   17.66430   17.24152   16.81462   16.38368   15.94876   15.50994   15.06730   14.62090   14.17085   13.71721   13.26008   12.79956   12.33573   11.86870   11.39856   10.92542   10.44938    9.97057    9.48908    9.00503    8.51855    8.02975    7.53875    7.04568    6.55067    6.05385    5.55534    5.05529    4.55383    4.05108    3.54720    3.04232    2.53659    2.03013    1.52310    1.01564    0.50789    0.00000
   0.00000    0.51568    1.03121    1.54644    2.06123    2.57543    3.08889    3.60147    4.11302    4.62340    5.13246    5.64007    6.14609    6.65037    7.15280    7.65322    8.15152    8.64755    9.14121    9.63236   10.12088   10.60665   11.08957   11.56951   12.04637   12.52004   12.99042   13.45741   13.92091   14.38083   14.83707   15.28956   15.73821   16.18293   16.62366   17.06031   17.49282   17.92112   18.34514   18.76482   19.18011   19.59096   19.99730   20.39909   20.79630   21.18886   21.57675   21.95992   22.33835   22.71199   23.08083   23.44484   23.80398   24.15824   24.50761   24.85205   25.19157   25.52613   25.85574   26.18038   26.50005   26.81474   27.12445   27.42917   27.72890   28.02365   28.31342   28.59820   28.87801   29.15284   29.42271   29.68763   29.94759   30.20262   30.45272   30.69791   30.93818   31.17357   31.40408   31.62972   31.85050   32.06645   32.27758   32.48390   32.68543   32.88218   33.07417   33.26142   33.44394   33.62175   33.79486   33.96329   34.12706   34.28618   34.44067   34.59054   34.73582   34.87651   35.01263   35.14420   35.27123   35.39374   35.51174   35.62524   35.73426   35.83881   35.93890   36.03455   36.12576   36.21256   36.29494   36.37293   36.44653   36.51574   36.58059   36.64107   36.69720   36.74898   36.79643   36.83954   36.87832   36.91278   36.94292   36.96875   36.99026   37.00747   37.02038   37.02898   37.03328   37.03328   37.02898   37.02038   37.00747   36.99026   36.96875   36.94292   36.91278   36.87832   36.83954   36.79643   36.74898   36.69720   36.64107   36.58059   36.51574   36.44653   36.37293   36.29494   36.21256   36.12576   36.03455   35.93890   35.83881   35.73426   35.62524   35.51174   35.39374   35.27123   35.14420   35.01263   34.87651   34.73582   34.59054   34.44067   34.28618   34.12706   33.96329   33.79486   33.62175   33.44394   33.26142   33.07417   32.88218   32.68543   32.48390   32.27758   32.06645   31.85050   31.62972   31.40408   31.17357   30.93818   30.69791   30.45272   30.20262   29.94759   29.68763   29.42271   29.15284   28.87801   28.59820   28.31342   28.02365   27.72890   27.42917   27.12445   26.81474   26.50005   26.18038   25.85574   25.52613   25.19157   24.85205   24.50761   24.15824   23.80398   23.44484   23.08083   22.71199   22.33835   21.95992   21.57675   21.18886   20.79630   20.39909   19.99730   19.59096   19.18011   18.76482   18.34514   17.92112   17.49282   17.06031   16.62366   16.18293   15.73821   15.28956   14.83707   14.38083   13.92091   13.45741   12.99042   12.52004   12.04637   11.56951   11.08957   10.60665   10.12088    9.63236    9.14121    8.64755    8.15152    7.65322    7.15280    6.65037    6.14609    5.64007    5.13246    4.62340    4.11302    3.60147    3.08889    2.57543    2.06123    1.54644    1.03121    0.51568    0.00000
   0.00000    0.52361    1.04707    1.57023    2.09293    2.61502    3.13634    3.65676    4.17613    4.69428    5.21108    5.72639    6.24006    6.75194    7.26191    7.76982    8.27554    8.77894    9.27989    9.77826   10.27393   10.76678   11.25669   11.74354   12.22723   12.70764   13.18467   13.65822   14.12819   14.59448   15.05700   15.51567   15.97040   16.42111   16.86771   17.31015   17.74833   18.18220   18.61170   19.03675   19.45731   19.87331   20.28471   20.69146   21.09351   21.49082   21.88335   22.27107   22.65394   23.03193   23.40501   23.77315   24.13634   24.49455   24.84777   25.19597   25.53914   25.87728   26.21036   26.53840   26.86136   27.17927   27.49210   27.79986   28.10255   28.40017   28.69273   28.98023   29.26267   29.54007   29.81243   30.07976   30.34206   30.59936   30.85167   31.09898   31.34133   31.57872   31.81117   32.03869   32.26129   32.47900   32.69183   32.89979   33.10291   33.30120   33.49467   33.68335   33.86725   34.04639   34.22078   34.39045   34.55541   34.71568   34.87127   35.02220   35.16850   35.31017   35.44723   35.57969   35.70759   35.83092   35.94970   36.06395   36.17368   36.27891   36.37966   36.47592   36.56772   36.65506   36.73797   36.81644   36.89050   36.96014   37.02539   37.08625   37.14272   37.19482   37.24255   37.28592   37.32494   37.35960   37.38993   37.41591   37.43756   37.45487   37.46785   37.47651   37.48083   37.48083   37.47651   37.46785   37.45487   37.43756   37.41591   37.38993   37.35960   37.32494   37.28592   37.24255   37.19482   37.14272   37.08625   37.02539   36.96014   36.89050   36.81644   36.73797   36.65506   36.56772   36.47592   36.37966   36.27891   36.17368   36.06395   35.94970   35.83092   35.70759   35.57969   35.44723   35.31017   35.16850   35.02220   34.87127   34.71568   34.55541   34.39045   34.22078   34.04639   33.86725   33.68335   33.49467   33.30120   33.10291   32.89979   32.69183   32.47900   32.26129   32.03869   31.81117   31.57872   31.34133   31.09898   30.85167   30.59936   30.34206   30.07976   29.81243   29.54007   29.26267   28.98023   28.69273   28.40017   28.10255   27.79986   27.49210   27.17927   26.86136   26.53840   26.21036   25.87728   25.53914   25.19597   24.84777   24.49455   24.13634   23.77315   23.40501   23.03193   22.65394   22.27107   21.88335   21.49082   21.09351   20.69146   20.28471   19.87331   19.45731   19.03675   18.61170   18.18220   17.74833   17.31015   16.86771   16.42111   15.97040   15.51567   15.05700   14.59448   14.12819   13.65822   13.18467   12.70764   12.22723   11.74354   11.25669   10.76678   10.27393    9.77826    9.27989    8.77894    8.27554    7.76982    7.26191    6.75194    6.24006    5.72639    5.21108    4.69428    4.17613    3.65676    3.13634    2.61502    2.09293    1.57023    1.04707    0.52361    0.00000
   0.00000    0.53170    1.06324    1.59447    2.12523    2.65536    3.18471    3.71312    4.24044    4.76652    5.29120    5.81435    6.33581    6.85543    7.37308    7.88861    8.40189    8.91278    9.42115    9.92687   10.42981   10.92985   11.42687   11.92074   12.41136   12.89862   13.38240   13.86261   14.33914   14.81190   15.28079   15.74573   16.20662   16.66338   17.11595   17.56423   18.00816   18.44767   18.88270   19.31318   19.73905   20.16027   20.57677   20.98852   21.39547   21.79757   22.19478   22.58707   22.97441   23.35677   23.73412   24.10643   24.47368   24.83586   25.19294   25.54491   25.89176   26.23347   26.57005   26.90147   27.22774   27.54886   27.86482   28.17562   28.48126   28.78176   29.07711   29.36732   29.65239   29.93234   30.20718   30.47691   30.74155   31.00111   31.25560   31.50504   31.74944   31.98882   32.22319   32.45257   32.67698   32.89643   33.11094   33.32054   33.52523   33.72503   33.91997   34.11006   34.29533   34.47578   34.65144   34.82233   34.98846   35.14985   35.30653   35.45851   35.60580   35.74843   35.88642   36.01977   36.14850   36.27264   36.39219   36.50718   36.61762   36.72352   36.82489   36.92176   37.01413   37.10201   37.18542   37.26438   37.33888   37.40895   37.47459   37.53581   37.59262   37.64502   37.69304   37.73666   37.77591   37.81078   37.84128   37.86741   37.88918   37.90660   37.91966   37.92836   37.93271   37.93271   37.92836   37.91966   37.90660   37.88918   37.86741   37.84128   37.81078   37.77591   37.73666   37.69304   37.64502   37.59262   37.53581   37.47459   37.40895   37.33888   37.26438   37.18542   37.10201   37.01413   36.92176   36.82489   36.72352   36.61762   36.50718   36.39219   36.27264   36.14850   36.01977   35.88642   35.74843   35.60580   35.45851   35.30653   35.14985   34.98846   34.82233   34.65144   34.47578   34.29533   34.11006   33.91997   33.72503   33.52523   33.32054   33.11094   32.89643   32.67698   32.45257   32.22319   31.98882   31.74944   31.50504   31.25560   31.00111   30.74155   30.47691   30.20718   29.93234   29.65239   29.36732   29.07711   28.78176   28.48126   28.17562   27.86482   27.54886   27.22774   26.90147   26.57005   26.23347   25.89176   25.54491   25.19294   24.83586   24.47368   24.10643   23.73412   23.35677   22.97441   22.58707   22.19478   21.79757   21.39547   20.98852   20.57677   20.16027   19.73905   19.31318   18.88270   18.44767   18.00816   17.56423   17.11595   16.66338   16.20662   15.74573   15.28079   14.81190   14.33914   13.86261   13.38240   12.89862   12.41136   11.92074   11.42687   10.92985   10.42981    9.92687    9.42115    8.91278    8.40189    7.88861    7.37308    6.85543    6.33581    5.81435    5.29120    4.76652    4.24044    3.71312    3.18471    2.65536    2.12523    1.59447    1.06324    0.53170    0.00000
   0.00000    0.53994    1.07973    1.61919    2.15816    2.69649    3.23401    3.77056    4.30599    4.84015    5.37286    5.90400    6.43339    6.96089    7.48637    8.00966    8.53063    9.04915    9.56507   10.07826   10.58859   11.09594   11.60019   12.10120   12.59887   13.09307   13.58372   14.07068   14.55387   15.03319   15.50854   15.97982   16.44696   16.90986   17.36846   17.82266   18.27241   18.71762   19.15824   19.59421   20.02546   20.45194   20.87360   21.29039   21.70227   22.10919   22.51113   22.90803   23.29987   23.68663   24.06827   24.44477   24.81610   25.18226   25.54323   25.89898   26.24951   26.59482   26.93488   27.26971   27.59928   27.92361   28.24270   28.55654   28.86513   29.16850   29.46663   29.75954   30.04723   30.32973   30.60703   30.87915   31.14611   31.40792   31.66458   31.91613   32.16257   32.40392   32.64021   32.87143   33.09763   33.31880   33.53498   33.74619   33.95243   34.15374   34.35012   34.54161   34.72822   34.90996   35.08687   35.25896   35.42625   35.58875   35.74650   35.89950   36.04778   36.19135   36.33024   36.46445   36.59402   36.71895   36.83926   36.95497   37.06609   37.17264   37.27464   37.37209   37.46502   37.55343   37.63734   37.71677   37.79171   37.86219   37.92821   37.98978   38.04692   38.09963   38.14792   38.19179   38.23126   38.26633   38.29700   38.32328   38.34517   38.36269   38.37582   38.38457   38.38895   38.38895   38.38457   38.37582   38.36269   38.34517   38.32328   38.29700   38.26633   38.23126   38.19179   38.14792   38.09963   38.04692   37.98978   37.92821   37.86219   37.79171   37.71677   37.63734   37.55343   37.46502   37.37209   37.27464   37.17264   37.06609   36.95497   36.83926   36.71895   36.59402   36.46445   36.33024   36.19135   36.04778   35.89950   35.74650   35.58875   35.42625   35.25896   35.08687   34.90996   34.72822   34.54161   34.35012   34.15374   33.95243   33.74619   33.53498   33.31880   33.09763   32.87143   32.64021   32.40392   32.16257   31.91613   31.66458   31.40792   31.14611   30.87915   30.60703   30.32973   30.04723   29.75954   29.46663   29.16850   28.86513   28.55654   28.24270   27.92361   27.59928   27.26971   26.93488   26.59482   26.24951   25.89898   25.54323   25.18226   24.81610   24.44477   24.06827   23.68663   23.29987   22.90803   22.51113   22.10919   21.70227   21.29039   20.87360   20.45194   20.02546   19.59421   19.15824   18.71762   18.27241   17.82266   17.36846   16.90986   16.44696   15.97982   15.50854   15.03319   14.55387   14.07068   13.58372   13.09307   12.59887   12.10120   11.60019   11.09594   10.58859   10.07826    9.56507    9.04915    8.53063    8.00966    7.48637    6.96089    6.43339    5.90400    5.37286    4.84015    4.30599    3.77056    3.23401    2.69649    2.15816    1.61919    1.07973    0.53994    0.00000
   0.00000    0.54835    1.09653    1.64438    2.19173    2.73842    3.28427    3.82913    4.37283    4.91521    5.45611    5.99538    6.53286    7.06839    7.60183    8.13303    8.66183    9.18811    9.71171   10.23251   10.75036   11.26515   11.77673   12.28500   12.78983   13.29110   13.78870   14.28253   14.77248   15.25845   15.74034   16.21807   16.69153   17.16066   17.62536   18.08556   18.54119   18.99217   19.43845   19.87996   20.31664   20.74843   21.17529   21.59718   22.01403   22.42582   22.83250   23.23405   23.63043   24.02160   24.40756   24.78827   25.16371   25.53386   25.89872   26.25827   26.61250   26.96140   27.30496   27.64319   27.97607   28.30362   28.62582   28.94270   29.25424   29.56046   29.86137   30.15698   30.44728   30.73231   31.01207   31.28657   31.55583   31.81987   32.07870   32.33233   32.58080   32.82410   33.06228   33.29533   33.52329   33.74618   33.96400   34.17680   34.38458   34.58736   34.78517   34.97804   35.16597   35.34899   35.52713   35.70040   35.86882   36.03242   36.19121   36.34522   36.49446   36.63896   36.77873   36.91380   37.04417   37.16988   37.29093   37.40734   37.51914   37.62633   37.72893   37.82696   37.92043   38.00936   38.09376   38.17364   38.24901   38.31988   38.38628   38.44820   38.50565   38.55866   38.60721   38.65133   38.69101   38.72627   38.75711   38.78354   38.80555   38.82316   38.83636   38.84516   38.84956   38.84956   38.84516   38.83636   38.82316   38.80555   38.78354   38.75711   38.72627   38.69101   38.65133   38.60721   38.55866   38.50565   38.44820   38.38628   38.31988   38.24901   38.17364   38.09376   38.00936   37.92043   37.82696   37.72893   37.62633   37.51914   37.40734   37.29093   37.16988   37.04417   36.91380   36.77873   36.63896   36.49446   36.34522   36.19121   36.03242   35.86882   35.70040   35.52713   35.34899   35.16597   34.97804   34.78517   34.58736   34.38458   34.17680   33.96400   33.74618   33.52329   33.29533   33.06228   32.82410   32.58080   32.33233   32.07870   31.81987   31.55583   31.28657   31.01207   30.73231   30.44728   30.15698   29.86137   29.56046   29.25424   28.94270   28.62582   28.30362   27.97607   27.64319   27.30496   26.96140   26.61250   26.25827   25.89872   25.53386   25.16371   24.78827   24.40756   24.02160   23.63043   23.23405   22.83250   22.42582   22.01403   21.59718   21.17529   20.74843   20.31664   19.87996   19.43845   18.99217   18.54119   18.08556   17.62536   17.16066   16.69153   16.21807   15.74034   15.25845   14.77248   14.28253   13.78870   13.29110   12.78983   12.28500   11.77673   11.26515   10.75036   10.23251    9.71171    9.18811    8.66183    8.13303    7.60183    7.06839    6.53286    5.99538    5.45611    4.91521    4.37283    3.82913    3.28427    2.73842    2.19173    1.64438    1.09653    0.54835    0.00000
   0.00000    0.55692    1.11368    1.67008    2.22598    2.78118    3.33553    3.88885    4.44098    4.99175    5.54100    6.08856    6.63427    7.17799    7.71954    8.25878    8.79556    9.32974    9.86116   10.38970   10.91520   11.43755   11.95660   12.47224   12.98434   13.49279   13.99747   14.49826   14.99507   15.48779   15.97632   16.46057   16.94045   17.41588   17.88676   18.35303   18.81461   19.27143   19.72343   20.17054   20.61270   21.04986   21.48197   21.90899   22.33086   22.74755   23.15902   23.56524   23.96618   24.36180   24.75210   25.13703   25.51660   25.89077   26.25953   26.62289   26.98082   27.33331   27.68038   28.02201   28.35820   28.68896   29.01429   29.33419   29.64868   29.95775   30.26142   30.55971   30.85262   31.14017   31.42236   31.69923   31.97078   32.23703   32.49800   32.75371   33.00418   33.24942   33.48947   33.72433   33.95404   34.17861   34.39806   34.61243   34.82172   35.02596   35.22518   35.41940   35.60863   35.79291   35.97225   36.14668   36.31622   36.48089   36.64071   36.79571   36.94590   37.09130   37.23194   37.36784   37.49900   37.62547   37.74724   37.86434   37.97679   38.08461   38.18780   38.28639   38.38040   38.46983   38.55469   38.63502   38.71080   38.78207   38.84883   38.91108   38.96885   39.02213   39.07095   39.11530   39.15520   39.19064   39.22165   39.24821   39.27034   39.28804   39.30131   39.31016   39.31458   39.31458   39.31016   39.30131   39.28804   39.27034   39.24821   39.22165   39.19064   39.15520   39.11530   39.07095   39.02213   38.96885   38.91108   38.84883   38.78207   38.71080   38.63502   38.55469   38.46983   38.38040   38.28639   38.18780   38.08461   37.97679   37.86434   37.74724   37.62547   37.49900   37.36784   37.23194   37.09130   36.94590   36.79571   36.64071   36.48089   36.31622   36.14668   35.97225   35.79291   35.60863   35.41940   35.22518   35.02596   34.82172   34.61243   34.39806   34.17861   33.95404   33.72433   33.48947   33.24942   33.00418   32.75371   32.49800   32.23703   31.97078   31.69923   31.42236   31.14017   30.85262   30.55971   30.26142   29.95775   29.64868   29.33419   29.01429   28.68896   28.35820   28.02201   27.68038   27.33331   26.98082   26.62289   26.25953   25.89077   25.51660   25.13703   24.75210   24.36180   23.96618   23.56524   23.15902   22.74755   22.33086   21.90899   21.48197   21.04986   20.61270   20.17054   19.72343   19.27143   18.81461   18.35303   17.88676   17.41588   16.94045   16.46057   15.97632   15.48779   14.99507   14.49826   13.99747   13.49279   12.98434   12.47224   11.95660   11.43755   10.91520   10.38970    9.86116    9.32974    8.79556    8.25878    7.71954    7.17799    6.63427    6.08856    5.54100    4.99175    4.44098    3.88885    3.33553    2.78118    2.22598    1.67008    1.11368    0.55692    0.00000
   0.00000    0.56567    1.13116    1.69630    2.26091    2.82480    3.38782    3.94977    4.51050    5.06982    5.62757    6.18358    6.73769    7.28974    7.83956    8.38700    8.93190    9.47412   10.01351   10.54991   11.08320   11.61324   12.13989   12.66303   13.18252   13.69825   14.21011   14.71798   15.22175   15.72131   16.21658   16.70745   17.19383   17.67564   18.15278   18.62520   19.09280   19.55552   20.01330   20.46606   20.91376   21.35634   21.79375   22.22594   22.65287   23.07450   23.49079   23.90172   24.30724   24.70734   25.10199   25.49118   25.87488   26.25308   26.62576   26.99293   27.35456   27.71067   28.06124   28.40627   28.74577   29.07974   29.40818   29.73110   30.04852   30.36044   30.66687   30.96782   31.26332   31.55337   31.83799   32.11721   32.39103   32.65947   32.92257   33.18033   33.43278   33.67995   33.92184   34.15849   34.38993   34.61616   34.83722   35.05313   35.26391   35.46959   35.67019   35.86574   36.05626   36.24177   36.42230   36.59786   36.76850   36.93421   37.09504   37.25100   37.40212   37.54841   37.68990   37.82660   37.95854   38.08575   38.20822   38.32600   38.43909   38.54751   38.65128   38.75042   38.84494   38.93485   39.02018   39.10093   39.17712   39.24877   39.31588   39.37846   39.43653   39.49009   39.53916   39.58373   39.62383   39.65946   39.69062   39.71732   39.73956   39.75735   39.77069   39.77958   39.78403   39.78403   39.77958   39.77069   39.75735   39.73956   39.71732   39.69062   39.65946   39.62383   39.58373   39.53916   39.49009   39.43653   39.37846   39.31588   39.24877   39.17712   39.10093   39.02018   38.93485   38.84494   38.75042   38.65128   38.54751   38.43909   38.32600   38.20822   38.08575   37.95854   37.82660   37.68990   37.54841   37.40212   37.25100   37.09504   36.93421   36.76850   36.59786   36.42230   36.24177   36.05626   35.86574   35.67019   35.46959   35.26391   35.05313   34.83722   34.61616   34.38993   34.15849   33.92184   33.67995   33.43278   33.18033   32.92257   32.65947   32.39103   32.11721   31.83799   31.55337   31.26332   30.96782   30.66687   30.36044   30.04852   29.73110   29.40818   29.07974   28.74577   28.40627   28.06124   27.71067   27.35456   26.99293   26.62576   26.25308   25.87488   25.49118   25.10199   24.70734   24.30724   23.90172   23.49079   23.07450   22.65287   22.22594   21.79375   21.35634   20.91376   20.46606   20.01330   19.55552   19.09280   18.62520   18.15278   17.67564   17.19383   16.70745   16.21658   15.72131   15.22175   14.71798   14.21011   13.69825   13.18252   12.66303   12.13989   11.61324   11.08320   10.54991   10.01351    9.47412    8.93190    8.38700    7.83956    7.28974    6.73769    6.18358    5.62757    5.06982    4.51050    3.94977    3.38782    2.82480    2.26091    1.69630    1.13116    0.56567    0.00000
   0.00000    0.57459    1.14901    1.72305    2.29654    2.86931    3.44116    4.01192    4.58141    5.14946    5.71588    6.28051    6.84318    7.40372    7.96196    8.51775    9.07093    9.62134   10.16883   10.71325   11.25446   11.79232   12.32669   12.85745   13.38446   13.90760   14.42675   14.94179   15.45263   15.95914   16.46124   16.95882   17.45178   17.94005   18.42354   18.90217   19.37587   19.84456   20.30817   20.76666   21.21995   21.66800   22.11075   22.54816   22.98018   23.40679   23.82793   24.24359   24.65373   25.05833   25.45736   25.85081   26.23866   26.62090   26.99751   27.36850   27.73385   28.09356   28.44763   28.79607   29.13887   29.47604   29.80759   30.13353   30.45387   30.76862   31.07779   31.38140   31.67947   31.97201   32.25904   32.54058   32.81665   33.08728   33.35247   33.61227   33.86668   34.11574   34.35946   34.59788   34.83101   35.05889   35.28153   35.49896   35.71121   35.91830   36.12026   36.31712   36.50889   36.69561   36.87730   37.05398   37.22569   37.39243   37.55425   37.71115   37.86317   38.01032   38.15264   38.29013   38.42283   38.55075   38.67392   38.79234   38.90605   39.01507   39.11940   39.21906   39.31408   39.40447   39.49024   39.57141   39.64800   39.72001   39.78745   39.85035   39.90871   39.96254   40.01185   40.05665   40.09695   40.13275   40.16406   40.19089   40.21324   40.23112   40.24452   40.25345   40.25792   40.25792   40.25345   40.24452   40.23112   40.21324   40.19089   40.16406   40.13275   40.09695   40.05665   40.01185   39.96254   39.90871   39.85035   39.78745   39.72001   39.64800   39.57141   39.49024   39.40447   39.31408   39.21906   39.11940   39.01507   38.90605   38.79234   38.67392   38.55075   38.42283   38.29013   38.15264   38.01032   37.86317   37.71115   37.55425   37.39243   37.22569   37.05398   36.87730   36.69561   36.50889   36.31712   36.12026   35.91830   35.71121   35.49896   35.28153   35.05889   34.83101   34.59788   34.35946   34.11574   33.86668   33.61227   33.35247   33.08728   32.81665   32.54058   32.25904   31.97201   31.67947   31.38140   31.07779   30.76862   30.45387   30.13353   29.80759   29.47604   29.13887   28.79607   28.44763   28.09356   27.73385   27.36850   26.99751   26.62090   26.23866   25.85081   25.45736   25.05833   24.65373   24.24359   23.82793   23.40679   22.98018   22.54816   22.11075   21.66800   21.21995   20.76666   20.30817   19.84456   19.37587   18.90217   18.42354   17.94005   17.45178   16.95882   16.46124   15.95914   15.45263   14.94179   14.42675   13.90760   13.38446   12.85745   12.32669   11.79232   11.25446   10.71325   10.16883    9.62134    9.07093    8.51775    7.96196    7.40372    6.84318    6.28051    5.71588    5.14946    4.58141    4.01192    3.44116    2.86931    2.29654    1.72305    1.14901    0.57459    0.00000
   0.00000    0.58370    1.16721    1.75035    2.33291    2.91473    3.49560    4.07534    4.65377    5.23071    5.80598    6.37940    6.95079    7.51999    8.08682    8.65112    9.21272    9.77148   10.32722   10.87980   11.42907   11.97489   12.51712   13.05562   13.59026   14.12093   14.64749   15.16982   15.68783   16.20139   16.71041   17.21479   17.71443   18.20925   18.69916   19.18408   19.66394   20.13866   20.60819   21.07244   21.53138   21.98495   22.43309   22.87576   23.31292   23.74454   24.17057   24.59099   25.00577   25.41488   25.81831   26.21604   26.60806   26.99435   27.37490   27.74971   28.11877   28.48209   28.83967   29.19150   29.53760   29.87797   30.21262   30.54156   30.86481   31.18237   31.49427   31.80052   32.10114   32.39615   32.68557   32.96942   33.24773   33.52051   33.78778   34.04959   34.30594   34.55687   34.80240   35.04255   35.27736   35.50685   35.73104   35.94997   36.16367   36.37215   36.57544   36.77358   36.96658   37.15449   37.33731   37.51509   37.68784   37.85559   38.01836   38.17618   38.32908   38.47708   38.62020   38.75846   38.89190   39.02052   39.14435   39.26341   39.37772   39.48731   39.59218   39.69236   39.78786   39.87871   39.96491   40.04648   40.12345   40.19581   40.26359   40.32679   40.38543   40.43952   40.48906   40.53407   40.57456   40.61053   40.64199   40.66894   40.69140   40.70936   40.72282   40.73180   40.73629   40.73629   40.73180   40.72282   40.70936   40.69140   40.66894   40.64199   40.61053   40.57456   40.53407   40.48906   40.43952   40.38543   40.32679   40.26359   40.19581   40.12345   40.04648   39.96491   39.87871   39.78786   39.69236   39.59218   39.48731   39.37772   39.26341   39.14435   39.02052   38.89190   38.75846   38.62020   38.47708   38.32908   38.17618   38.01836   37.85559   37.68784   37.51509   37.33731   37.15449   36.96658   36.77358   36.57544   36.37215   36.16367   35.94997   35.73104   35.50685   35.27736   35.04255   34.80240   34.55687   34.30594   34.04959   33.78778   33.52051   33.24773   32.96942   32.68557   32.39615   32.10114   31.80052   31.49427   31.18237   30.86481   30.54156   30.21262   29.87797   29.53760   29.19150   28.83967   28.48209   28.11877   27.74971   27.37490   26.99435   26.60806   26.21604   25.81831   25.41488   25.00577   24.59099   24.17057   23.74454   23.31292   22.87576   22.43309   21.98495   21.53138   21.07244   20.60819   20.13866   19.66394   19.18408   18.69916   18.20925   17.71443   17.21479   16.71041   16.20139   15.68783   15.16982   14.64749   14.12093   13.59026   13.05562   12.51712   11.97489   11.42907   10.87980   10.32722    9.77148    9.21272    8.65112    8.08682    7.51999    6.95079    6.37940    5.80598    5.23071    4.65377    4.07534    3.49560    2.91473    2.33291    1.75035    1.16721    0.58370    0.00000
   0.00000    0.59300    1.18580    1.77821    2.37004    2.96109    3.55116    4.14007    4.72763    5.31364    5.89793    6.48032    7.06061    7.63863    8.21421    8.78718    9.35737    9.92462   10.48877   11.04965   11.60713   12.16105   12.71127   13.25765   13.80006   14.33836   14.87245   15.40219   15.92747   16.44819   16.96423   17.47551   17.98191   18.48336   18.97977   19.47106   19.95715   20.43797   20.91346   21.38355   21.84819   22.30732   22.76090   23.20888   23.65121   24.08787   24.51882   24.94402   25.36347   25.77712   26.18497   26.58699   26.98318   27.37353   27.75803   28.13666   28.50945   28.87637   29.23745   29.59267   29.94206   30.28562   30.62336   30.95529   31.28143   31.60180   31.91641   32.22528   32.52843   32.82589   33.11768   33.40382   33.68433   33.95924   34.22857   34.49236   34.75063   35.00340   35.25070   35.49257   35.72903   35.96011   36.18583   36.40623   36.62134   36.83118   37.03578   37.23517   37.42939   37.61845   37.80238   37.98122   38.15499   38.32372   38.48743   38.64615   38.79990   38.94872   39.09262   39.23163   39.36578   39.49507   39.61955   39.73923   39.85412   39.96426   40.06966   40.17033   40.26630   40.35759   40.44421   40.52617   40.60350   40.67620   40.74430   40.80779   40.86670   40.92104   40.97081   41.01602   41.05669   41.09283   41.12443   41.15150   41.17406   41.19209   41.20562   41.21463   41.21914   41.21914   41.21463   41.20562   41.19209   41.17406   41.15150   41.12443   41.09283   41.05669   41.01602   40.97081   40.92104   40.86670   40.80779   40.74430   40.67620   40.60350   40.52617   40.44421   40.35759   40.26630   40.17033   40.06966   39.96426   39.85412   39.73923   39.61955   39.49507   39.36578   39.23163   39.09262   38.94872   38.79990   38.64615   38.48743   38.32372   38.15499   37.98122   37.80238   37.61845   37.42939   37.23517   37.03578   36.83118   36.62134   36.40623   36.18583   35.96011   35.72903   35.49257   35.25070   35.00340   34.75063   34.49236   34.22857   33.95924   33.68433   33.40382   33.11768   32.82589   32.52843   32.22528   31.91641   31.60180   31.28143   30.95529   30.62336   30.28562   29.94206   29.59267   29.23745   28.87637   28.50945   28.13666   27.75803   27.37353   26.98318   26.58699   26.18497   25.77712   25.36347   24.94402   24.51882   24.08787   23.65121   23.20888   22.76090   22.30732   21.84819   21.38355   20.91346   20.43797   19.95715   19.47106   18.97977   18.48336   17.98191   17.47551   16.96423   16.44819   15.92747   15.40219   14.87245   14.33836   13.80006   13.25765   12.71127   12.16105   11.60713   11.04965   10.48877    9.92462    9.35737    8.78718    8.21421    7.63863    7.06061    6.48032    5.89793    5.31364    4.72763    4.14007    3.55116    2.96109    2.37004    1.77821    1.18580    0.59300    0.00000
   0.00000    0.60249    1.20478    1.80666    2.40794    3.00842    3.60789    4.20615    4.80302    5.39830    5.99180    6.58332    7.17269    7.75971    8.34422    8.92603    9.50497   10.08087   10.65358   11.22292   11.78875   12.35091   12.90925   13.46365   14.01395   14.56003   15.10176   15.63901   16.17168   16.69966   17.22283   17.74109   18.25435   18.76252   19.26551   19.76324   20.25563   20.74262   21.22414   21.70012   22.17051   22.63526   23.09431   23.54763   23.99518   24.43691   24.87281   25.30283   25.72696   26.14517   26.55745   26.96378   27.36416   27.75857   28.14701   28.52948   28.90598   29.27651   29.64108   29.99969   30.35236   30.69909   31.03990   31.37481   31.70383   32.02698   32.34428   32.65575   32.96142   33.26131   33.55544   33.84384   34.12653   34.40355   34.67491   34.94066   35.20081   35.45540   35.70445   35.94801   36.18609   36.41872   36.64595   36.86779   37.08428   37.29545   37.50133   37.70195   37.89734   38.08753   38.27255   38.45243   38.62719   38.79687   38.96149   39.12108   39.27567   39.42528   39.56994   39.70967   39.84450   39.97446   40.09956   40.21983   40.33529   40.44596   40.55186   40.65301   40.74944   40.84115   40.92816   41.01050   41.08818   41.16121   41.22961   41.29338   41.35255   41.40713   41.45711   41.50252   41.54337   41.57966   41.61139   41.63858   41.66123   41.67935   41.69293   41.70198   41.70651   41.70651   41.70198   41.69293   41.67935   41.66123   41.63858   41.61139   41.57966   41.54337   41.50252   41.45711   41.40713   41.35255   41.29338   41.22961   41.16121   41.08818   41.01050   40.92816   40.84115   40.74944   40.65301   40.55186   40.44596   40.33529   40.21983   40.09956   39.97446   39.84450   39.70967   39.56994   39.42528   39.27567   39.12108   38.96149   38.79687   38.62719   38.45243   38.27255   38.08753   37.89734   37.70195   37.50133   37.29545   37.08428   36.86779   36.64595   36.41872   36.18609   35.94801   35.70445   35.45540   35.20081   34.94066   34.67491   34.40355   34.12653   33.84384   33.55544   33.26131   32.96142   32.65575   32.34428   32.02698   31.70383   31.37481   31.03990   30.69909   30.35236   29.99969   29.64108   29.27651   28.90598   28.52948   28.14701   27.75857   27.36416   26.96378   26.55745   26.14517   25.72696   25.30283   24.87281   24.43691   23.99518   23.54763   23.09431   22.63526   22.17051   21.70012   21.22414   20.74262   20.25563   19.76324   19.26551   18.76252   18.25435   17.74109   17.22283   16.69966   16.17168   15.63901   15.10176   14.56003   14.01395   13.46365   12.90925   12.35091   11.78875   11.22292   10.65358   10.08087    9.50497    8.92603    8.34422    7.75971    7.17269    6.58332    5.99180    5.39830    4.80302    4.20615    3.60789    3.00842    2.40794    1.80666    1.20478    0.60249    0.00000
   0.00000    0.61218    1.22416    1.83572    2.44665    3.05675    3.66582    4.27364    4.88001    5.48474    6.08763    6.68848    7.28711    7.88331    8.47692    9.06774    9.65560   10.24032   10.82175   11.39970   11.97403   12.54458   13.11120   13.67374   14.23206   14.78604   15.33553   15.88043   16.42060   16.95593   17.48632   18.01167   18.53188   19.04685   19.55650   20.06075   20.55952   21.05274   21.54035   22.02228   22.49847   22.96889   23.43346   23.89217   24.34496   24.79180   25.23267   25.66753   26.09636   26.51915   26.93588   27.34653   27.75110   28.14958   28.54197   28.92827   29.30848   29.68261   30.05066   30.41265   30.76859   31.11848   31.46235   31.80022   32.13210   32.45801   32.77799   33.09204   33.40020   33.70249   33.99893   34.28957   34.57442   34.85351   35.12688   35.39455   35.65656   35.91293   36.16371   36.40892   36.64859   36.88275   37.11144   37.33470   37.55254   37.76502   37.97214   38.17396   38.37050   38.56179   38.74786   38.92875   39.10448   39.27508   39.44058   39.60102   39.75641   39.90679   40.05218   40.19261   40.32811   40.45870   40.58440   40.70524   40.82124   40.93243   41.03881   41.14043   41.23728   41.32940   41.41680   41.49950   41.57751   41.65085   41.71954   41.78359   41.84300   41.89780   41.94800   41.99360   42.03461   42.07104   42.10291   42.13021   42.15295   42.17113   42.18477   42.19386   42.19841   42.19841   42.19386   42.18477   42.17113   42.15295   42.13021   42.10291   42.07104   42.03461   41.99360   41.94800   41.89780   41.84300   41.78359   41.71954   41.65085   41.57751   41.49950   41.41680   41.32940   41.23728   41.14043   41.03881   40.93243   40.82124   40.70524   40.58440   40.45870   40.32811   40.19261   40.05218   39.90679   39.75641   39.60102   39.44058   39.27508   39.10448   38.92875   38.74786   38.56179   38.37050   38.17396   37.97214   37.76502   37.55254   37.33470   37.11144   36.88275   36.64859   36.40892   36.16371   35.91293   35.65656   35.39455   35.12688   34.85351   34.57442   34.28957   33.99893   33.70249   33.40020   33.09204   32.77799   32.45801   32.13210   31.80022   31.46235   31.11848   30.76859   30.41265   30.05066   29.68261   29.30848   28.92827   28.54197   28.14958   27.75110   27.34653   26.93588   26.51915   26.09636   25.66753   25.23267   24.79180   24.34496   23.89217   23.43346   22.96889   22.49847   22.02228   21.54035   21.05274   20.55952   20.06075   19.55650   19.04685   18.53188   18.01167   17.48632   16.95593   16.42060   15.88043   15.33553   14.78604   14.23206   13.67374   13.11120   12.54458   11.97403   11.39970   10.82175   10.24032    9.65560    9.06774    8.47692    7.88331    7.28711    6.68848    6.08763    5.48474    4.88001    4.27364    3.66582    3.05675    2.44665    1.83572    1.22416    0.61218    0.00000
   0.00000    0.62209    1.24396    1.86540    2.48619    3.10613    3.72499    4.34256    4.95864    5.57303    6.18550    6.79588    7.40395    8.00952    8.61240    9.21241    9.80936   10.40308   10.99339   11.58011   12.16310   12.74219   13.31722   13.88805   14.45453   15.01653   15.57392   16.12656   16.67434   17.21715   17.75487   18.28740   18.81464   19.33650   19.85290   20.36374   20.86896   21.36848   21.86224   22.35017   22.83222   23.30835   23.77849   24.24262   24.70069   25.15267   25.59854   26.03826   26.47182   26.89919   27.32038   27.73536   28.14413   28.54668   28.94302   29.33315   29.71707   30.09479   30.46632   30.83167   31.19086   31.54390   31.89081   32.23162   32.56634   32.89499   33.21761   33.53422   33.84484   34.14951   34.44824   34.74109   35.02806   35.30920   35.58454   35.85411   36.11794   36.37607   36.62854   36.87537   37.11659   37.35226   37.58239   37.80702   38.02619   38.23993   38.44827   38.65126   38.84891   39.04127   39.22837   39.41023   39.58689   39.75839   39.92475   40.08600   40.24217   40.39329   40.53939   40.68050   40.81663   40.94783   41.07411   41.19550   41.31202   41.42370   41.53055   41.63260   41.72987   41.82238   41.91014   41.99318   42.07152   42.14516   42.21412   42.27842   42.33807   42.39309   42.44348   42.48926   42.53043   42.56700   42.59899   42.62639   42.64922   42.66748   42.68116   42.69029   42.69485   42.69485   42.69029   42.68116   42.66748   42.64922   42.62639   42.59899   42.56700   42.53043   42.48926   42.44348   42.39309   42.33807   42.27842   42.21412   42.14516   42.07152   41.99318   41.91014   41.82238   41.72987   41.63260   41.53055   41.42370   41.31202   41.19550   41.07411   40.94783   40.81663   40.68050   40.53939   40.39329   40.24217   40.08600   39.92475   39.75839   39.58689   39.41023   39.22837   39.04127   38.84891   38.65126   38.44827   38.23993   38.02619   37.80702   37.58239   37.35226   37.11659   36.87537   36.62854   36.37607   36.11794   35.85411   35.58454   35.30920   35.02806   34.74109   34.44824   34.14951   33.84484   33.53422   33.21761   32.89499   32.56634   32.23162   31.89081   31.54390   31.19086   30.83167   30.46632   30.09479   29.71707   29.33315   28.94302   28.54668   28.14413   27.73536   27.32038   26.89919   26.47182   26.03826   25.59854   25.15267   24.70069   24.24262   23.77849   23.30835   22.83222   22.35017   21.86224   21.36848   20.86896   20.36374   19.85290   19.33650   18.81464   18.28740   17.75487   17.21715   16.67434   16.12656   15.57392   15.01653   14.45453   13.88805   13.31722   12.74219   12.16310   11.58011   10.99339   10.40308    9.80936    9.21241    8.61240    8.00952    7.40395    6.79588    6.18550    5.57303    4.95864    4.34256    3.72499    3.10613    2.48619    1.86540    1.24396    0.62209    0.00000
   0.00000    0.63221    1.26419    1.89573    2.52660    3.15658    3.78544    4.41298    5.03898    5.66321    6.28548    6.90557    7.52328    8.13841    8.75076    9.36014    9.96637   10.56924   11.16860   11.76427   12.35607   12.94385   13.52744   14.10670   14.68148   15.25164   15.81704   16.37756   16.93307   17.48346   18.02861   18.56842   19.10279   19.63163   20.15484   20.67236   21.18409   21.68998   22.18995   22.68394   23.17190   23.65379   24.12954   24.59913   25.06251   25.51966   25.97055   26.41515   26.85345   27.28544   27.71109   28.13040   28.54337   28.95000   29.35029   29.74424   30.13186   30.51316   30.88815   31.25685   31.61928   31.97545   32.32538   32.66911   33.00664   33.33802   33.66325   33.98239   34.29544   34.60246   34.90345   35.19847   35.48754   35.77070   36.04797   36.31941   36.58503   36.84489   37.09900   37.34742   37.59017   37.82729   38.05883   38.28480   38.50526   38.72024   38.92977   39.13388   39.33262   39.52602   39.71410   39.89691   40.07448   40.24684   40.41402   40.57606   40.73298   40.88482   41.03160   41.17335   41.31010   41.44188   41.56871   41.69063   41.80764   41.91979   42.02709   42.12956   42.22722   42.32010   42.40821   42.49158   42.57022   42.64414   42.71337   42.77791   42.83779   42.89301   42.94358   42.98953   43.03085   43.06755   43.09965   43.12716   43.15007   43.16839   43.18212   43.19128   43.19586   43.19586   43.19128   43.18212   43.16839   43.15007   43.12716   43.09965   43.06755   43.03085   42.98953   42.94358   42.89301   42.83779   42.77791   42.71337   42.64414   42.57022   42.49158   42.40821   42.32010   42.22722   42.12956   42.02709   41.91979   41.80764   41.69063   41.56871   41.44188   41.31010   41.17335   41.03160   40.88482   40.73298   40.57606   40.41402   40.24684   40.07448   39.89691   39.71410   39.52602   39.33262   39.13388   38.92977   38.72024   38.50526   38.28480   38.05883   37.82729   37.59017   37.34742   37.09900   36.84489   36.58503   36.31941   36.04797   35.77070   35.48754   35.19847   34.90345   34.60246   34.29544   33.98239   33.66325   33.33802   33.00664   32.66911   32.32538   31.97545   31.61928   31.25685   30.88815   30.51316   30.13186   29.74424   29.35029   28.95000   28.54337   28.13040   27.71109   27.28544   26.85345   26.41515   25.97055   25.51966   25.06251   24.59913   24.12954   23.65379   23.17190   22.68394   22.18995   21.68998   21.18409   20.67236   20.15484   19.63163   19.10279   18.56842   18.02861   17.48346   16.93307   16.37756   15.81704   15.25164   14.68148   14.10670   13.52744   12.94385   12.35607   11.76427   11.16860   10.56924    9.96637    9.36014    8.75076    8.13841    7.52328    6.90557    6.28548    5.66321    5.03898    4.41298    3.78544    3.15658    2.52660    1.89573    1.26419    0.63221    0.00000
   0.00000    0.64255    1.28487    1.92673    2.56789    3.20813    3.84723    4.48495    5.12107    5.75537    6.38764    7.01765    7.64520    8.27008    8.89209    9.51103   10.12671   10.73893   11.34752   11.95229   12.55307   13.14969   13.74200   14.32984   14.91306   15.49151   16.06505   16.63357   17.19692   17.75500   18.30768   18.85487   19.39647   19.93237   20.46249   20.98676   21.50508   22.01740   22.52364   23.02375   23.51767   24.00535   24.48676   24.96184   25.43057   25.89291   26.34885   26.79835   27.24141   27.67801   28.10814   28.53179   28.94897   29.35967   29.76389   30.16166   30.55297   30.93784   31.31628   31.68831   32.05396   32.41324   32.76617   33.11279   33.45311   33.78717   34.11500   34.43663   34.75210   35.06142   35.36465   35.66181   35.95294   36.23807   36.51726   36.79052   37.05790   37.31944   37.57517   37.82514   38.06938   38.30793   38.54083   38.76811   38.98983   39.20600   39.41668   39.62189   39.82168   40.01607   40.20512   40.38884   40.56728   40.74048   40.90845   41.07124   41.22888   41.38140   41.52883   41.67120   41.80854   41.94088   42.06824   42.19065   42.30815   42.42074   42.52846   42.63132   42.72936   42.82259   42.91103   42.99471   43.07363   43.14782   43.21730   43.28207   43.34216   43.39757   43.44832   43.49442   43.53588   43.57271   43.60492   43.63252   43.65550   43.67389   43.68767   43.69686   43.70145   43.70145   43.69686   43.68767   43.67389   43.65550   43.63252   43.60492   43.57271   43.53588   43.49442   43.44832   43.39757   43.34216   43.28207   43.21730   43.14782   43.07363   42.99471   42.91103   42.82259   42.72936   42.63132   42.52846   42.42074   42.30815   42.19065   42.06824   41.94088   41.80854   41.67120   41.52883   41.38140   41.22888   41.07124   40.90845   40.74048   40.56728   40.38884   40.20512   40.01607   39.82168   39.62189   39.41668   39.20600   38.98983   38.76811   38.54083   38.30793   38.06938   37.82514   37.57517   37.31944   37.05790   36.79052   36.51726   36.23807   35.95294   35.66181   35.36465   35.06142   34.75210   34.43663   34.11500   33.78717   33.45311   33.11279   32.76617   32.41324   32.05396   31.68831   31.31628   30.93784   30.55297   30.16166   29.76389   29.35967   28.94897   28.53179   28.10814   27.67801   27.24141   26.79835   26.34885   25.89291   25.43057   24.96184   24.48676   24.00535   23.51767   23.02375   22.52364   22.01740   21.50508   20.98676   20.46249   19.93237   19.39647   18.85487   18.30768   17.75500   17.19692   16.63357   16.06505   15.49151   14.91306   14.32984   13.74200   13.14969   12.55307   11.95229   11.34752   10.73893   10.12671    9.51103    8.89209    8.27008    7.64520    7.01765    6.38764    5.75537    5.12107    4.48495    3.84723    3.20813    2.56789    1.92673    1.28487    0.64255    0.00000
   0.00000    0.65313    1.30601    1.95842    2.61011    3.26084    3.91039    4.55851    5.20498    5.84956    6.49204    7.13219    7.76979    8.40463    9.03650    9.66519   10.29051   10.91226   11.53025   12.14429   12.75422   13.35986   13.96104   14.55760   15.14940   15.73627   16.31810   16.89473   17.46605   18.03193   18.59226   19.14693   19.69584   20.23890   20.77601   21.30710   21.83208   22.35089   22.86347   23.36974   23.86967   24.36320   24.85030   25.33091   25.80501   26.27258   26.73358   27.18800   27.63583   28.07705   28.51166   28.93966   29.36104   29.77580   30.18397   30.58554   30.98052   31.36895   31.75082   32.12616   32.49501   32.85737   33.21328   33.56276   33.90584   34.24257   34.57296   34.89705   35.21489   35.52649   35.83191   36.13118   36.42433   36.71141   36.99246   37.26751   37.53661   37.79979   38.05711   38.30859   38.55428   38.79421   39.02844   39.25700   39.47993   39.69726   39.90905   40.11532   40.31612   40.51149   40.70145   40.88606   41.06534   41.23933   41.40806   41.57158   41.72991   41.88308   42.03113   42.17409   42.31199   42.44486   42.57272   42.69561   42.81355   42.92656   43.03468   43.13792   43.23631   43.32987   43.41863   43.50259   43.58178   43.65622   43.72593   43.79092   43.85120   43.90679   43.95771   44.00396   44.04555   44.08250   44.11481   44.14249   44.16555   44.18399   44.19782   44.20703   44.21164   44.21164   44.20703   44.19782   44.18399   44.16555   44.14249   44.11481   44.08250   44.04555   44.00396   43.95771   43.90679   43.85120   43.79092   43.72593   43.65622   43.58178   43.50259   43.41863   43.32987   43.23631   43.13792   43.03468   42.92656   42.81355   42.69561   42.57272   42.44486   42.31199   42.17409   42.03113   41.88308   41.72991   41.57158   41.40806   41.23933   41.06534   40.88606   40.70145   40.51149   40.31612   40.11532   39.90905   39.69726   39.47993   39.25700   39.02844   38.79421   38.55428   38.30859   38.05711   37.79979   37.53661   37.26751   36.99246   36.71141   36.42433   36.13118   35.83191   35.52649   35.21489   34.89705   34.57296   34.24257   33.90584   33.56276   33.21328   32.85737   32.49501   32.12616   31.75082   31.36895   30.98052   30.58554   30.18397   29.77580   29.36104   28.93966   28.51166   28.07705   27.63583   27.18800   26.73358   26.27258   25.80501   25.33091   24.85030   24.36320   23.86967   23.36974   22.86347   22.35089   21.83208   21.30710   20.77601   20.23890   19.69584   19.14693   18.59226   18.03193   17.46605   16.89473   16.31810   15.73627   15.14940   14.55760   13.96104   13.35986   12.75422   12.14429   11.53025   10.91226   10.29051    9.66519    9.03650    8.40463    7.76979    7.13219    6.49204    5.84956    5.20498    4.55851    3.91039    3.26084    2.61011    1.95842    1.30601    0.65313    0.00000
   0.00000    0.66394    1.32763    1.99083    2.65328    3.31474    3.97497    4.63373    5.29077    5.94587    6.59878    7.24928    7.89714    8.54215    9.18408    9.82272   10.45788   11.08934   11.71692   12.34042   12.95967   13.57448   14.18469   14.79013   15.39065   15.98610   16.57633   17.16122   17.74062   18.31442   18.88250   19.44475   20.00107   20.55137   21.09555   21.63354   22.16525   22.69062   23.20959   23.72209   24.22808   24.72750   25.22031   25.70649   26.18600   26.65880   27.12489   27.58425   28.03686   28.48271   28.92181   29.35414   29.77972   30.19855   30.61064   31.01600   31.41465   31.80660   32.19189   32.57052   32.94254   33.30796   33.66681   34.01913   34.36494   34.70429   35.03721   35.36374   35.68390   35.99775   36.30532   36.60666   36.90180   37.19078   37.47366   37.75046   38.02123   38.28603   38.54488   38.79783   39.04493   39.28621   39.52173   39.75152   39.97562   40.19408   40.40694   40.61424   40.81601   41.01230   41.20316   41.38860   41.56869   41.74344   41.91290   42.07711   42.23609   42.38989   42.53853   42.68205   42.82047   42.95384   43.08218   43.20551   43.32387   43.43729   43.54578   43.64938   43.74810   43.84197   43.93101   44.01524   44.09469   44.16937   44.23929   44.30448   44.36494   44.42070   44.47177   44.51816   44.55987   44.59693   44.62933   44.65709   44.68022   44.69871   44.71257   44.72182   44.72644   44.72644   44.72182   44.71257   44.69871   44.68022   44.65709   44.62933   44.59693   44.55987   44.51816   44.47177   44.42070   44.36494   44.30448   44.23929   44.16937   44.09469   44.01524   43.93101   43.84197   43.74810   43.64938   43.54578   43.43729   43.32387   43.20551   43.08218   42.95384   42.82047   42.68205   42.53853   42.38989   42.23609   42.07711   41.91290   41.74344   41.56869   41.38860   41.20316   41.01230   40.81601   40.61424   40.40694   40.19408   39.97562   39.75152   39.52173   39.28621   39.04493   38.79783   38.54488   38.28603   38.02123   37.75046   37.47366   37.19078   36.90180   36.60666   36.30532   35.99775   35.68390   35.36374   35.03721   34.70429   34.36494   34.01913   33.66681   33.30796   32.94254   32.57052   32.19189   31.80660   31.41465   31.01600   30.61064   30.19855   29.77972   29.35414   28.92181   28.48271   28.03686   27.58425   27.12489   26.65880   26.18600   25.70649   25.22031   24.72750   24.22808   23.72209   23.20959   22.69062   22.16525   21.63354   21.09555   20.55137   20.00107   19.44475   18.88250   18.31442   17.74062   17.16122   16.57633   15.98610   15.39065   14.79013   14.18469   13.57448   12.95967   12.34042   11.71692   11.08934   10.45788    9.82272    9.18408    8.54215    7.89714    7.24928    6.59878    5.94587    5.29077    4.63373    3.97497    3.31474    2.65328    1.99083    1.32763    0.66394    0.00000
   0.00000    0.67500    1.34975    2.02398    2.69744    3.36987    4.04103    4.71066    5.37852    6.04435    6.70793    7.36900    8.02735    8.68274    9.33494    9.98374   10.62894   11.27031   11.90766   12.54080   13.16954   13.79370   14.41311   15.02758   15.63698   16.24114   16.83992   17.43318   18.02079   18.60262   19.17856   19.74850   20.31233   20.86995   21.42129   21.96625   22.50477   23.03677   23.56218   24.08096   24.59304   25.09839   25.59697   26.08874   26.57368   27.05175   27.52295   27.98725   28.44464   28.89513   29.33871   29.77538   30.20516   30.62803   31.04403   31.45317   31.85546   32.25093   32.63961   33.02151   33.39667   33.76511   34.12688   34.48200   34.83051   35.17245   35.50786   35.83678   36.15924   36.47529   36.78498   37.08834   37.38542   37.67627   37.96093   38.23944   38.51185   38.77820   39.03855   39.29293   39.54140   39.78399   40.02075   40.25172   40.47696   40.69650   40.91039   41.11867   41.32138   41.51857   41.71026   41.89652   42.07737   42.25285   42.42300   42.58786   42.74746   42.90185   43.05105   43.19509   43.33402   43.46786   43.59664   43.72040   43.83915   43.95294   44.06178   44.16571   44.26474   44.35889   44.44821   44.53269   44.61237   44.68726   44.75739   44.82276   44.88339   44.93931   44.99051   45.03703   45.07885   45.11601   45.14850   45.17633   45.19952   45.21806   45.23196   45.24123   45.24586   45.24586   45.24123   45.23196   45.21806   45.19952   45.17633   45.14850   45.11601   45.07885   45.03703   44.99051   44.93931   44.88339   44.82276   44.75739   44.68726   44.61237   44.53269   44.44821   44.35889   44.26474   44.16571   44.06178   43.95294   43.83915   43.72040   43.59664   43.46786   43.33402   43.19509   43.05105   42.90185   42.74746   42.58786   42.42300   42.25285   42.07737   41.89652   41.71026   41.51857   41.32138   41.11867   40.91039   40.69650   40.47696   40.25172   40.02075   39.78399   39.54140   39.29293   39.03855   38.77820   38.51185   38.23944   37.96093   37.67627   37.38542   37.08834   36.78498   36.47529   36.15924   35.83678   35.50786   35.17245   34.83051   34.48200   34.12688   33.76511   33.39667   33.02151   32.63961   32.25093   31.85546   31.45317   31.04403   30.62803   30.20516   29.77538   29.33871   28.89513   28.44464   27.98725   27.52295   27.05175   26.57368   26.08874   25.59697   25.09839   24.59304   24.08096   23.56218   23.03677   22.50477   21.96625   21.42129   20.86995   20.31233   19.74850   19.17856   18.60262   18.02079   17.43318   16.83992   16.24114   15.63698   15.02758   14.41311   13.79370   13.16954   12.54080   11.90766   11.27031   10.62894    9.98374    9.33494    8.68274    8.02735    7.36900    6.70793    6.04435    5.37852    4.71066    4.04103    3.36987    2.69744    2.02398    1.34975    0.67500    0.00000
   0.00000    0.68632    1.37238    2.05790    2.74262    3.42628    4.10862    4.78937    5.46828    6.14510    6.81957    7.49146    8.16052    8.82651    9.48921   10.14838   10.80382   11.45530   12.10262   12.74559   13.38401   14.01768   14.64645   15.27012   15.88855   16.50157   17.10903   17.71080   18.30674   18.89672   19.48063   20.05835   20.62978   21.19483   21.75341   22.30542   22.85081   23.38949   23.92141   24.44651   24.96475   25.47607   25.98044   26.47784   26.96822   27.45158   27.92789   28.39715   28.85934   29.31447   29.76253   30.20353   30.63748   31.06440   31.48430   31.89719   32.30311   32.70207   33.09410   33.47924   33.85751   34.22895   34.59360   34.95148   35.30265   35.64715   35.98501   36.31627   36.64099   36.95920   37.27096   37.57631   37.87529   38.16795   38.45435   38.73452   39.00852   39.27639   39.53819   39.79396   40.04374   40.28759   40.52555   40.75767   40.98400   41.20458   41.41946   41.62868   41.83228   42.03032   42.22282   42.40984   42.59141   42.76758   42.93839   43.10387   43.26406   43.41900   43.56872   43.71326   43.85266   43.98694   44.11613   44.24028   44.35941   44.47354   44.58270   44.68693   44.78625   44.88067   44.97023   45.05495   45.13484   45.20993   45.28024   45.34578   45.40657   45.46262   45.51396   45.56058   45.60251   45.63976   45.67233   45.70023   45.72347   45.74205   45.75598   45.76527   45.76991   45.76991   45.76527   45.75598   45.74205   45.72347   45.70023   45.67233   45.63976   45.60251   45.56058   45.51396   45.46262   45.40657   45.34578   45.28024   45.20993   45.13484   45.05495   44.97023   44.88067   44.78625   44.68693   44.58270   44.47354   44.35941   44.24028   44.11613   43.98694   43.85266   43.71326   43.56872   43.41900   43.26406   43.10387   42.93839   42.76758   42.59141   42.40984   42.22282   42.03032   41.83228   41.62868   41.41946   41.20458   40.98400   40.75767   40.52555   40.28759   40.04374   39.79396   39.53819   39.27639   39.00852   38.73452   38.45435   38.16795   37.87529   37.57631   37.27096   36.95920   36.64099   36.31627   35.98501   35.64715   35.30265   34.95148   34.59360   34.22895   33.85751   33.47924   33.09410   32.70207   32.30311   31.89719   31.48430   31.06440   30.63748   30.20353   29.76253   29.31447   28.85934   28.39715   27.92789   27.45158   26.96822   26.47784   25.98044   25.47607   24.96475   24.44651   23.92141   23.38949   22.85081   22.30542   21.75341   21.19483   20.62978   20.05835   19.48063   18.89672   18.30674   17.71080   17.10903   16.50157   15.88855   15.27012   14.64645   14.01768   13.38401   12.74559   12.10262   11.45530   10.80382   10.14838    9.48921    8.82651    8.16052    7.49146    6.81957    6.14510    5.46828    4.78937    4.10862    3.42628    2.74262    2.05790    1.37238    0.68632    0.00000
   0.00000    0.69791    1.39554    2.09262    2.78887    3.48401    4.17779    4.86992    5.56014    6.24819    6.93381    7.61675    8.29675    8.97358    9.64699   10.31676   10.98265   11.64445   12.30194   12.95493   13.60320   14.24658   14.88487   15.51791   16.14552   16.76755   17.38384   17.99425   18.59864   19.19689   19.78888   20.37450   20.95363   21.52619   22.09208   22.65122   23.20354   23.74898   24.28746   24.81894   25.34336   25.86069   26.37089   26.87394   27.36980   27.85845   28.33989   28.81411   29.28110   29.74086   30.19340   30.63873   31.07685   31.50779   31.93156   32.34819   32.75770   33.16013   33.55549   33.94383   34.32518   34.69958   35.06707   35.42769   35.78148   36.12848   36.46875   36.80232   37.12925   37.44957   37.76336   38.07064   38.37147   38.66590   38.95399   39.23578   39.51132   39.78066   40.04386   40.30096   40.55202   40.79708   41.03620   41.26942   41.49679   41.71837   41.93419   42.14430   42.34876   42.54760   42.74087   42.92861   43.11087   43.28769   43.45911   43.62517   43.78591   43.94137   44.09158   44.23658   44.37641   44.51110   44.64068   44.76519   44.88466   44.99911   45.10857   45.21308   45.31265   45.40732   45.49710   45.58203   45.66212   45.73739   45.80786   45.87355   45.93448   45.99066   46.04211   46.08884   46.13086   46.16819   46.20082   46.22878   46.25207   46.27070   46.28466   46.29397   46.29862   46.29862   46.29397   46.28466   46.27070   46.25207   46.22878   46.20082   46.16819   46.13086   46.08884   46.04211   45.99066   45.93448   45.87355   45.80786   45.73739   45.66212   45.58203   45.49710   45.40732   45.31265   45.21308   45.10857   44.99911   44.88466   44.76519   44.64068   44.51110   44.37641   44.23658   44.09158   43.94137   43.78591   43.62517   43.45911   43.28769   43.11087   42.92861   42.74087   42.54760   42.34876   42.14430   41.93419   41.71837   41.49679   41.26942   41.03620   40.79708   40.55202   40.30096   40.04386   39.78066   39.51132   39.23578   38.95399   38.66590   38.37147   38.07064   37.76336   37.44957   37.12925   36.80232   36.46875   36.12848   35.78148   35.42769   35.06707   34.69958   34.32518   33.94383   33.55549   33.16013   32.75770   32.34819   31.93156   31.50779   31.07685   30.63873   30.19340   29.74086   29.28110   28.81411   28.33989   27.85845   27.36980   26.87394   26.37089   25.86069   25.34336   24.81894   24.28746   23.74898   23.20354   22.65122   22.09208   21.52619   20.95363   20.37450   19.78888   19.19689   18.59864   17.99425   17.38384   16.76755   16.14552   15.51791   14.88487   14.24658   13.60320   12.95493   12.30194   11.64445   10.98265   10.31676    9.64699    8.97358    8.29675    7.61675    6.93381    6.24819    5.56014    4.86992    4.17779    3.48401    2.78887    2.09262    1.39554    0.69791    0.00000
   0.00000    0.70977    1.41926    2.12817    2.83621    3.54312    4.24860    4.95237    5.65417    6.35371    7.05073    7.74497    8.43616    9.12406    9.80843   10.48901   11.16558   11.83790   12.50578   13.16898   13.82730   14.48056   15.12856   15.77113   16.40808   17.03927   17.66453   18.28371   18.89669   19.50333   20.10351   20.69712   21.28405   21.86421   22.43750   23.00385   23.56317   24.11542   24.66051   25.19842   25.72907   26.25245   26.76851   27.27722   27.77857   28.27254   28.75912   29.23831   29.71009   30.17449   30.63149   31.08113   31.52341   31.95835   32.38597   32.80631   33.21939   33.62525   34.02391   34.41542   34.79981   35.17713   35.54742   35.91072   36.26709   36.61656   36.95918   37.29501   37.62410   37.94650   38.26225   38.57142   38.87405   39.17021   39.45993   39.74328   40.02032   40.29108   40.55563   40.81402   41.06630   41.31253   41.55275   41.78702   42.01539   42.23791   42.45462   42.66559   42.87085   43.07045   43.26444   43.45287   43.63577   43.81320   43.98519   44.15180   44.31305   44.46898   44.61965   44.76508   44.90531   45.04037   45.17031   45.29515   45.41492   45.52966   45.63940   45.74415   45.84396   45.93885   46.02884   46.11395   46.19422   46.26965   46.34027   46.40609   46.46715   46.52344   46.57499   46.62181   46.66391   46.70130   46.73400   46.76202   46.78535   46.80400   46.81799   46.82732   46.83198   46.83198   46.82732   46.81799   46.80400   46.78535   46.76202   46.73400   46.70130   46.66391   46.62181   46.57499   46.52344   46.46715   46.40609   46.34027   46.26965   46.19422   46.11395   46.02884   45.93885   45.84396   45.74415   45.63940   45.52966   45.41492   45.29515   45.17031   45.04037   44.90531   44.76508   44.61965   44.46898   44.31305   44.15180   43.98519   43.81320   43.63577   43.45287   43.26444   43.07045   42.87085   42.66559   42.45462   42.23791   42.01539   41.78702   41.55275   41.31253   41.06630   40.81402   40.55563   40.29108   40.02032   39.74328   39.45993   39.17021   38.87405   38.57142   38.26225   37.94650   37.62410   37.29501   36.95918   36.61656   36.26709   35.91072   35.54742   35.17713   34.79981   34.41542   34.02391   33.62525   33.21939   32.80631   32.38597   31.95835   31.52341   31.08113   30.63149   30.17449   29.71009   29.23831   28.75912   28.27254   27.77857   27.27722   26.76851   26.25245   25.72907   25.19842   24.66051   24.11542   23.56317   23.00385   22.43750   21.86421   21.28405   20.69712   20.10351   19.50333   18.89669   18.28371   17.66453   17.03927   16.40808   15.77113   15.12856   14.48056   13.82730   13.16898   12.50578   11.83790   11.16558   10.48901    9.80843    9.12406    8.43616    7.74497    7.05073    6.35371    5.65417    4.95237    4.24860    3.54312    2.83621    2.12817    1.41926    0.70977    0.00000
   0.00000    0.72192    1.44355    2.16457    2.88471    3.60365    4.32112    5.03681    5.75045    6.46175    7.17043    7.87623    8.57887    9.27809    9.97364   10.66527   11.35274   12.03582   12.71428   13.38790   14.05647   14.71980   15.37769   16.02995   16.67641   17.31691   17.95129   18.57939   19.20108   19.81623   20.42472   21.02643   21.62125   22.20909   22.78987   23.36349   23.92989   24.48900   25.04077   25.58514   26.12207   26.65152   27.17346   27.68787   28.19473   28.69403   29.18575   29.66990   30.14648   30.61550   31.07696   31.53089   31.97730   32.41622   32.84768   33.27170   33.68831   34.09756   34.49949   34.89413   35.28152   35.66172   36.03476   36.40070   36.75959   37.11148   37.45641   37.79445   38.12565   38.45006   38.76774   39.07874   39.38312   39.68094   39.97225   40.25712   40.53558   40.80771   41.07356   41.33318   41.58664   41.83397   42.07525   42.31052   42.53984   42.76325   42.98081   43.19258   43.39860   43.59892   43.79358   43.98265   44.16615   44.34415   44.51667   44.68378   44.84550   45.00188   45.15296   45.29878   45.43937   45.57478   45.70503   45.83017   45.95022   46.06522   46.17520   46.28019   46.38020   46.47528   46.56545   46.65073   46.73115   46.80672   46.87747   46.94341   47.00457   47.06096   47.11260   47.15950   47.20167   47.23912   47.27187   47.29993   47.32330   47.34199   47.35600   47.36533   47.37000   47.37000   47.36533   47.35600   47.34199   47.32330   47.29993   47.27187   47.23912   47.20167   47.15950   47.11260   47.06096   47.00457   46.94341   46.87747   46.80672   46.73115   46.65073   46.56545   46.47528   46.38020   46.28019   46.17520   46.06522   45.95022   45.83017   45.70503   45.57478   45.43937   45.29878   45.15296   45.00188   44.84550   44.68378   44.51667   44.34415   44.16615   43.98265   43.79358   43.59892   43.39860   43.19258   42.98081   42.76325   42.53984   42.31052   42.07525   41.83397   41.58664   41.33318   41.07356   40.80771   40.53558   40.25712   39.97225   39.68094   39.38312   39.07874   38.76774   38.45006   38.12565   37.79445   37.45641   37.11148   36.75959   36.40070   36.03476   35.66172   35.28152   34.89413   34.49949   34.09756   33.68831   33.27170   32.84768   32.41622   31.97730   31.53089   31.07696   30.61550   30.14648   29.66990   29.18575   28.69403   28.19473   27.68787   27.17346   26.65152   26.12207   25.58514   25.04077   24.48900   23.92989   23.36349   22.78987   22.20909   21.62125   21.02643   20.42472   19.81623   19.20108   18.57939   17.95129   17.31691   16.67641   16.02995   15.37769   14.71980   14.05647   13.38790   12.71428   12.03582   11.35274   10.66527    9.97364    9.27809    8.57887    7.87623    7.17043    6.46175    5.75045    5.03681    4.32112    3.60365    2.88471    2.16457    1.44355    0.72192    0.00000
   0.00000    0.73437    1.46843    2.20188    2.93439    3.66567    4.39541    5.12331    5.84907    6.57241    7.29303    8.01065    8.72499    9.43579   10.14277   10.84569   11.54430   12.23835   12.92762   13.61187   14.29089   14.96448   15.63244   16.29457   16.95071   17.60068   18.24432   18.88148   19.51202   20.13580   20.75270   21.36262   21.96543   22.56105   23.14939   23.73036   24.30390   24.86994   25.42842   25.97931   26.52254   27.05810   27.58595   28.10608   28.61846   29.12308   29.61995   30.10907   30.59043   31.06406   31.52996   31.98817   32.43869   32.88156   33.31681   33.74448   34.16460   34.57721   34.98235   35.38008   35.77043   36.15345   36.52920   36.89773   37.25910   37.61335   37.96054   38.30074   38.63399   38.96036   39.27990   39.59268   39.89876   40.19819   40.49103   40.77734   41.05719   41.33063   41.59772   41.85852   42.11309   42.36149   42.60376   42.83998   43.07019   43.29445   43.51281   43.72532   43.93205   44.13304   44.32833   44.51799   44.70205   44.88056   45.05358   45.22114   45.38329   45.54008   45.69153   45.83770   45.97863   46.11434   46.24488   46.37028   46.49058   46.60581   46.71600   46.82118   46.92139   47.01663   47.10696   47.19238   47.27293   47.34862   47.41948   47.48552   47.54677   47.60324   47.65495   47.70191   47.74414   47.78165   47.81444   47.84254   47.86593   47.88465   47.89867   47.90802   47.91270   47.91270   47.90802   47.89867   47.88465   47.86593   47.84254   47.81444   47.78165   47.74414   47.70191   47.65495   47.60324   47.54677   47.48552   47.41948   47.34862   47.27293   47.19238   47.10696   47.01663   46.92139   46.82118   46.71600   46.60581   46.49058   46.37028   46.24488   46.11434   45.97863   45.83770   45.69153   45.54008   45.38329   45.22114   45.05358   44.88056   44.70205   44.51799   44.32833   44.13304   43.93205   43.72532   43.51281   43.29445   43.07019   42.83998   42.60376   42.36149   42.11309   41.85852   41.59772   41.33063   41.05719   40.77734   40.49103   40.19819   39.89876   39.59268   39.27990   38.96036   38.63399   38.30074   37.96054   37.61335   37.25910   36.89773   36.52920   36.15345   35.77043   35.38008   34.98235   34.57721   34.16460   33.74448   33.31681   32.88156   32.43869   31.98817   31.52996   31.06406   30.59043   30.10907   29.61995   29.12308   28.61846   28.10608   27.58595   27.05810   26.52254   25.97931   25.42842   24.86994   24.30390   23.73036   23.14939   22.56105   21.96543   21.36262   20.75270   20.13580   19.51202   18.88148   18.24432   17.60068   16.95071   16.29457   15.63244   14.96448   14.29089   13.61187   12.92762   12.23835   11.54430   10.84569   10.14277    9.43579    8.72499    8.01065    7.29303    6.57241    5.84907    5.12331    4.39541    3.66567    2.93439    2.20188    1.46843    0.73437    0.00000
   0.00000    0.74713    1.49394    2.24011    2.98530    3.72922    4.47154    5.21194    5.95012    6.68578    7.41862    8.14834    8.87466    9.59729   10.31597   11.03043   11.74042   12.44568   13.14597   13.84106   14.53074   15.21479   15.89301   16.56520   17.23118   17.89078   18.54383   19.19019   19.82971   20.46224   21.08768   21.70591   22.31681   22.92029   23.51627   24.10466   24.68540   25.25843   25.82368   26.38112   26.93070   27.47239   28.00618   28.53203   29.04994   29.55990   30.06191   30.55599   31.04213   31.52035   31.99067   32.45312   32.90773   33.35452   33.79354   34.22482   34.64840   35.06432   35.47264   35.87340   36.26666   36.65246   37.03087   37.40194   37.76572   38.12228   38.47167   38.81397   39.14921   39.47748   39.79884   40.11333   40.42104   40.72202   41.01633   41.30404   41.58521   41.85990   42.12818   42.39010   42.64572   42.89512   43.13834   43.37544   43.60649   43.83154   44.05065   44.26386   44.47125   44.67285   44.86872   45.05892   45.24349   45.42248   45.59594   45.76392   45.92646   46.08360   46.23540   46.38188   46.52309   46.65908   46.78987   46.91550   47.03602   47.15144   47.26182   47.36717   47.46752   47.56291   47.65337   47.73891   47.81956   47.89535   47.96630   48.03243   48.09375   48.15029   48.20205   48.24907   48.29134   48.32889   48.36172   48.38984   48.41326   48.43199   48.44603   48.45539   48.46007   48.46007   48.45539   48.44603   48.43199   48.41326   48.38984   48.36172   48.32889   48.29134   48.24907   48.20205   48.15029   48.09375   48.03243   47.96630   47.89535   47.81956   47.73891   47.65337   47.56291   47.46752   47.36717   47.26182   47.15144   47.03602   46.91550   46.78987   46.65908   46.52309   46.38188   46.23540   46.08360   45.92646   45.76392   45.59594   45.42248   45.24349   45.05892   44.86872   44.67285   44.47125   44.26386   44.05065   43.83154   43.60649   43.37544   43.13834   42.89512   42.64572   42.39010   42.12818   41.85990   41.58521   41.30404   41.01633   40.72202   40.42104   40.11333   39.79884   39.47748   39.14921   38.81397   38.47167   38.12228   37.76572   37.40194   37.03087   36.65246   36.26666   35.87340   35.47264   35.06432   34.64840   34.22482   33.79354   33.35452   32.90773   32.45312   31.99067   31.52035   31.04213   30.55599   30.06191   29.55990   29.04994   28.53203   28.00618   27.47239   26.93070   26.38112   25.82368   25.25843   24.68540   24.10466   23.51627   22.92029   22.31681   21.70591   21.08768   20.46224   19.82971   19.19019   18.54383   17.89078   17.23118   16.56520   15.89301   15.21479   14.53074   13.84106   13.14597   12.44568   11.74042   11.03043   10.31597    9.59729    8.87466    8.14834    7.41862    6.68578    5.95012    5.21194    4.47154    3.72922    2.98530    2.24011    1.49394    0.74713    0.00000
   0.00000    0.76021    1.52009    2.27930    3.03750    3.79437    4.54958    5.30279    6.05370    6.80198    7.54733    8.28944    9.02801    9.76276   10.49340   11.21965   11.94126   12.65796   13.36952   14.07568   14.77623   15.47094   16.15960   16.84203   17.51803   18.18742   18.85005   19.50575   20.15437   20.79579   21.42988   22.05652   22.67560   23.28704   23.89074   24.48662   25.07463   25.65469   26.22676   26.79079   27.34674   27.89460   28.43433   28.96592   29.48937   30.00467   30.51182   31.01084   31.50174   31.98453   32.45926   32.92593   33.38459   33.83527   34.27801   34.71285   35.13985   35.55904   35.97049   36.37424   36.77035   37.15888   37.53988   37.91343   38.27957   38.63838   38.98991   39.33424   39.67142   40.00153   40.32463   40.64078   40.95005   41.25252   41.54824   41.83728   42.11971   42.39559   42.66499   42.92797   43.18459   43.43493   43.67903   43.91697   44.14880   44.37458   44.59438   44.80824   45.01623   45.21839   45.41480   45.60549   45.79051   45.96993   46.14379   46.31214   46.47502   46.63248   46.78457   46.93133   47.07279   47.20901   47.34001   47.46585   47.58654   47.70213   47.81266   47.91814   48.01863   48.11413   48.20469   48.29033   48.37107   48.44693   48.51795   48.58414   48.64551   48.70210   48.75391   48.80097   48.84327   48.88085   48.91370   48.94185   48.96529   48.98403   48.99808   49.00745   49.01213   49.01213   49.00745   48.99808   48.98403   48.96529   48.94185   48.91370   48.88085   48.84327   48.80097   48.75391   48.70210   48.64551   48.58414   48.51795   48.44693   48.37107   48.29033   48.20469   48.11413   48.01863   47.91814   47.81266   47.70213   47.58654   47.46585   47.34001   47.20901   47.07279   46.93133   46.78457   46.63248   46.47502   46.31214   46.14379   45.96993   45.79051   45.60549   45.41480   45.21839   45.01623   44.80824   44.59438   44.37458   44.14880   43.91697   43.67903   43.43493   43.18459   42.92797   42.66499   42.39559   42.11971   41.83728   41.54824   41.25252   40.95005   40.64078   40.32463   40.00153   39.67142   39.33424   38.98991   38.63838   38.27957   37.91343   37.53988   37.15888   36.77035   36.37424   35.97049   35.55904   35.13985   34.71285   34.27801   33.83527   33.38459   32.92593   32.45926   31.98453   31.50174   31.01084   30.51182   30.00467   29.48937   28.96592   28.43433   27.89460   27.34674   26.79079   26.22676   25.65469   25.07463   24.48662   23.89074   23.28704   22.67560   22.05652   21.42988   20.79579   20.15437   19.50575   18.85005   18.18742   17.51803   16.84203   16.15960   15.47094   14.77623   14.07568   13.36952   12.65796   11.94126   11.21965   10.49340    9.76276    9.02801    8.28944    7.54733    6.80198    6.05370    5.30279    4.54958    3.79437    3.03750    2.27930    1.52009    0.76021    0.00000
   0.00000    0.77363    1.54692    2.31950    3.09104    3.86119    4.62961    5.39595    6.15990    6.92112    7.67928    8.43407    9.18519    9.93233   10.67520   11.41352   12.14701   12.87541   13.59846   14.31591   15.02754   15.73312   16.43244   17.12529   17.81148   18.49084   19.16319   19.82838   20.48625   21.13667   21.77952   22.41468   23.04205   23.66152   24.27302   24.87647   25.47179   26.05894   26.63787   27.20853   27.77089   28.32493   28.87062   29.40796   29.93695   30.45758   30.96986   31.47381   31.96945   32.45680   32.93589   33.40675   33.86942   34.32395   34.77037   35.20874   35.63910   36.06151   36.47603   36.88271   37.28162   37.67281   38.05636   38.43232   38.80076   39.16175   39.51536   39.86166   40.20071   40.53259   40.85736   41.17510   41.48588   41.78976   42.08683   42.37713   42.66075   42.93776   43.20822   43.47219   43.72975   43.98097   44.22590   44.46461   44.69716   44.92362   45.14404   45.35849   45.56703   45.76971   45.96658   46.15771   46.34315   46.52295   46.69716   46.86583   47.02901   47.18674   47.33908   47.48607   47.62775   47.76416   47.89534   48.02133   48.14217   48.25789   48.36854   48.47413   48.57471   48.67030   48.76094   48.84664   48.92744   49.00337   49.07443   49.14066   49.20208   49.25870   49.31054   49.35761   49.39994   49.43754   49.47040   49.49856   49.52201   49.54076   49.55482   49.56419   49.56887   49.56887   49.56419   49.55482   49.54076   49.52201   49.49856   49.47040   49.43754   49.39994   49.35761   49.31054   49.25870   49.20208   49.14066   49.07443   49.00337   48.92744   48.84664   48.76094   48.67030   48.57471   48.47413   48.36854   48.25789   48.14217   48.02133   47.89534   47.76416   47.62775   47.48607   47.33908   47.18674   47.02901   46.86583   46.69716   46.52295   46.34315   46.15771   45.96658   45.76971   45.56703   45.35849   45.14404   44.92362   44.69716   44.46461   44.22590   43.98097   43.72975   43.47219   43.20822   42.93776   42.66075   42.37713   42.08683   41.78976   41.48588   41.17510   40.85736   40.53259   40.20071   39.86166   39.51536   39.16175   38.80076   38.43232   38.05636   37.67281   37.28162   36.88271   36.47603   36.06151   35.63910   35.20874   34.77037   34.32395   33.86942   33.40675   32.93589   32.45680   31.96945   31.47381   30.96986   30.45758   29.93695   29.40796   28.87062   28.32493   27.77089   27.20853   26.63787   26.05894   25.47179   24.87647   24.27302   23.66152   23.04205   22.41468   21.77952   21.13667   20.48625   19.82838   19.16319   18.49084   17.81148   17.12529   16.43244   15.73312   15.02754   14.31591   13.59846   12.87541   12.14701   11.41352   10.67520    9.93233    9.18519    8.43407    7.67928    6.92112    6.15990    5.39595    4.62961    3.86119    3.09104    2.31950    1.54692    0.77363    0.00000
   0.00000    0.78740    1.57444    2.36074    3.14596    3.92974    4.71171    5.49152    6.26883    7.04330    7.81459    8.58238    9.34634   10.10617   10.86156   11.61221   12.35785   13.09820   13.83299   14.56198   15.28492   16.00158   16.71175   17.41521   18.11178   18.80126   19.48350   20.15832   20.82557   21.48513   22.13686   22.78064   23.41638   24.04398   24.66335   25.27443   25.87714   26.47143   27.05725   27.63457   28.20336   28.76360   29.31527   29.85836   30.39288   30.91884   31.43624   31.94510   32.44546   32.93733   33.42075   33.89576   34.36241   34.82074   35.27079   35.71263   36.14631   36.57188   36.98941   37.39897   37.80061   38.19440   38.58042   38.95873   39.32940   39.69251   40.04812   40.39632   40.73717   41.07075   41.39713   41.71639   42.02860   42.33384   42.63217   42.92367   43.20842   43.48648   43.75793   44.02284   44.28127   44.53329   44.77898   45.01840   45.25162   45.47869   45.69968   45.91467   46.12369   46.32682   46.52412   46.71564   46.90143   47.08156   47.25606   47.42501   47.58844   47.74640   47.89895   48.04612   48.18797   48.32453   48.45585   48.58196   48.70291   48.81874   48.92947   49.03514   49.13578   49.23143   49.32212   49.40787   49.48871   49.56466   49.63575   49.70200   49.76344   49.82007   49.87192   49.91901   49.96135   49.99895   50.03182   50.05998   50.08343   50.10218   50.11624   50.12561   50.13030   50.13030   50.12561   50.11624   50.10218   50.08343   50.05998   50.03182   49.99895   49.96135   49.91901   49.87192   49.82007   49.76344   49.70200   49.63575   49.56466   49.48871   49.40787   49.32212   49.23143   49.13578   49.03514   48.92947   48.81874   48.70291   48.58196   48.45585   48.32453   48.18797   48.04612   47.89895   47.74640   47.58844   47.42501   47.25606   47.08156   46.90143   46.71564   46.52412   46.32682   46.12369   45.91467   45.69968   45.47869   45.25162   45.01840   44.77898   44.53329   44.28127   44.02284   43.75793   43.48648   43.20842   42.92367   42.63217   42.33384   42.02860   41.71639   41.39713   41.07075   40.73717   40.39632   40.04812   39.69251   39.32940   38.95873   38.58042   38.19440   37.80061   37.39897   36.98941   36.57188   36.14631   35.71263   35.27079   34.82074   34.36241   33.89576   33.42075   32.93733   32.44546   31.94510   31.43624   30.91884   30.39288   29.85836   29.31527   28.76360   28.20336   27.63457   27.05725   26.47143   25.87714   25.27443   24.66335   24.04398   23.41638   22.78064   22.13686   21.48513   20.82557   20.15832   19.48350   18.80126   18.11178   17.41521   16.71175   16.00158   15.28492   14.56198   13.83299   13.09820   12.35785   11.61221   10.86156   10.10617    9.34634    8.58238    7.81459    7.04330    6.26883    5.49152    4.71171    3.92974    3.14596    2.36074    1.57444    0.78740    0.00000
   0.00000    0.80153    1.60268    2.40308    3.20234    4.00009    4.79596    5.58959    6.38061    7.16867    7.95342    8.73452    9.51164   10.28445   11.05265   11.81592   12.57398   13.32654   14.07333   14.81408   15.54856   16.27653   16.99775   17.71203   18.41915   19.11894   19.81122   20.49582   21.17260   21.84141   22.50214   23.15465   23.79886   24.43467   25.06199   25.68076   26.29090   26.89238   27.48514   28.06915   28.64439   29.21084   29.76849   30.31734   30.85739   31.38865   31.91115   32.42490   32.92994   33.42630   33.91402   34.39315   34.86372   35.32580   35.77943   36.22469   36.66162   37.09029   37.51077   37.92313   38.32744   38.72377   39.11219   39.49277   39.86561   40.23076   40.58831   40.93833   41.28091   41.61611   41.94403   42.26473   42.57830   42.88482   43.18435   43.47697   43.76278   44.04182   44.31419   44.57996   44.83919   45.09196   45.33834   45.57841   45.81222   46.03984   46.26134   46.47679   46.68625   46.88978   47.08744   47.27929   47.46538   47.64578   47.82054   47.98971   48.15334   48.31148   48.46419   48.61151   48.75348   48.89016   49.02157   49.14777   49.26879   49.38468   49.49546   49.60117   49.70185   49.79753   49.88824   49.97400   50.05485   50.13082   50.20191   50.26817   50.32960   50.38623   50.43808   50.48516   50.52750   50.56509   50.59796   50.62611   50.64956   50.66831   50.68236   50.69173   50.69641   50.69641   50.69173   50.68236   50.66831   50.64956   50.62611   50.59796   50.56509   50.52750   50.48516   50.43808   50.38623   50.32960   50.26817   50.20191   50.13082   50.05485   49.97400   49.88824   49.79753   49.70185   49.60117   49.49546   49.38468   49.26879   49.14777   49.02157   48.89016   48.75348   48.61151   48.46419   48.31148   48.15334   47.98971   47.82054   47.64578   47.46538   47.27929   47.08744   46.88978   46.68625   46.47679   46.26134   46.03984   45.81222   45.57841   45.33834   45.09196   44.83919   44.57996   44.31419   44.04182   43.76278   43.47697   43.18435   42.88482   42.57830   42.26473   41.94403   41.61611   41.28091   40.93833   40.58831   40.23076   39.86561   39.49277   39.11219   38.72377   38.32744   37.92313   37.51077   37.09029   36.66162   36.22469   35.77943   35.32580   34.86372   34.39315   33.91402   33.42630   32.92994   32.42490   31.91115   31.38865   30.85739   30.31734   29.76849   29.21084   28.64439   28.06915   27.48514   26.89238   26.29090   25.68076   25.06199   24.43467   23.79886   23.15465   22.50214   21.84141   21.17260   20.49582   19.81122   19.11894   18.41915   17.71203   16.99775   16.27653   15.54856   14.81408   14.07333   13.32654   12.57398   11.81592   11.05265   10.28445    9.51164    8.73452    7.95342    7.16867    6.38061    5.58959    4.79596    4.00009    3.20234    2.40308    1.60268    0.80153    0.00000
   0.00000    0.81604    1.63169    2.44655    3.26022    4.07232    4.88246    5.69026    6.49534    7.29734    8.09589    8.89064    9.68124   10.46735   11.24866   12.02485   12.79561   13.56065   14.31970   15.07247   15.81873   16.55822   17.29071   18.01600   18.73387   19.44413   20.14662   20.84115   21.52759   22.20579   22.87562   23.53698   24.18975   24.83384   25.46919   26.09570   26.71334   27.32204   27.92177   28.51250   29.09421   29.66688   30.23052   30.78511   31.33068   31.86724   32.39481   32.91342   33.42311   33.92392   34.41589   34.89908   35.37353   35.83930   36.29646   36.74507   37.18519   37.61690   38.04026   38.45536   38.86226   39.26104   39.65179   40.03458   40.40950   40.77661   41.13602   41.48779   41.83201   42.16877   42.49814   42.82021   43.13506   43.44278   43.74343   44.03711   44.32388   44.60384   44.87706   45.14361   45.40357   45.65702   45.90403   46.14466   46.37900   46.60711   46.82906   47.04492   47.25474   47.45861   47.65657   47.84869   48.03503   48.21565   48.39060   48.55994   48.72373   48.88201   49.03483   49.18224   49.32430   49.46104   49.59251   49.71875   49.83981   49.95572   50.06652   50.17224   50.27293   50.36860   50.45930   50.54506   50.62590   50.70184   50.77292   50.83915   50.90057   50.95718   51.00901   51.05607   51.09838   51.13596   51.16881   51.19695   51.22038   51.23912   51.25317   51.26253   51.26722   51.26722   51.26253   51.25317   51.23912   51.22038   51.19695   51.16881   51.13596   51.09838   51.05607   51.00901   50.95718   50.90057   50.83915   50.77292   50.70184   50.62590   50.54506   50.45930   50.36860   50.27293   50.17224   50.06652   49.95572   49.83981   49.71875   49.59251   49.46104   49.32430   49.18224   49.03483   48.88201   48.72373   48.55994   48.39060   48.21565   48.03503   47.84869   47.65657   47.45861   47.25474   47.04492   46.82906   46.60711   46.37900   46.14466   45.90403   45.65702   45.40357   45.14361   44.87706   44.60384   44.32388   44.03711   43.74343   43.44278   43.13506   42.82021   42.49814   42.16877   41.83201   41.48779   41.13602   40.77661   40.40950   40.03458   39.65179   39.26104   38.86226   38.45536   38.04026   37.61690   37.18519   36.74507   36.29646   35.83930   35.37353   34.89908   34.41589   33.92392   33.42311   32.91342   32.39481   31.86724   31.33068   30.78511   30.23052   29.66688   29.09421   28.51250   27.92177   27.32204   26.71334   26.09570   25.46919   24.83384   24.18975   23.53698   22.87562   22.20579   21.52759   20.84115   20.14662   19.44413   18.73387   18.01600   17.29071   16.55822   15.81873   15.07247   14.31970   13.56065   12.79561   12.02485   11.24866   10.46735    9.68124    8.89064    8.09589    7.29734    6.49534    5.69026    4.88246    4.07232    3.26022    2.44655    1.63169    0.81604    0.00000
   0.00000    0.83095    1.66149    2.49120    3.31968    4.14651    4.97130    5.79365    6.61316    7.42946    8.24216    9.05090    9.85532   10.65506   11.44980   12.23921   13.02296   13.80077   14.57233   15.33738   16.09566   16.84690   17.59088   18.32738   19.05619   19.77711   20.48996   21.19458   21.89082   22.57853   23.25759   23.92788   24.58931   25.24177   25.88521   26.51954   27.14471   27.76068   28.36741   28.96488   29.55307   30.13197   30.70158   31.26191   31.81298   32.35481   32.88742   33.41086   33.92517   34.43038   34.92655   35.41375   35.89201   36.36142   36.82204   37.27393   37.71718   38.15185   38.57802   38.99577   39.40519   39.80636   40.19936   40.58427   40.96118   41.33019   41.69136   42.04480   42.39059   42.72881   43.05956   43.38291   43.69897   44.00780   44.30949   44.60414   44.89181   45.17261   45.44659   45.71386   45.97447   46.22852   46.47608   46.71722   46.95202   47.18055   47.40287   47.61907   47.82920   48.03334   48.23154   48.42388   48.61041   48.79119   48.96628   49.13574   49.29963   49.45798   49.61087   49.75834   49.90043   50.03720   50.16868   50.29493   50.41598   50.53188   50.64266   50.74836   50.84901   50.94465   51.03532   51.12104   51.20183   51.27774   51.34877   51.41497   51.47634   51.53291   51.58470   51.63173   51.67401   51.71156   51.74438   51.77250   51.79591   51.81463   51.82867   51.83802   51.84270   51.84270   51.83802   51.82867   51.81463   51.79591   51.77250   51.74438   51.71156   51.67401   51.63173   51.58470   51.53291   51.47634   51.41497   51.34877   51.27774   51.20183   51.12104   51.03532   50.94465   50.84901   50.74836   50.64266   50.53188   50.41598   50.29493   50.16868   50.03720   49.90043   49.75834   49.61087   49.45798   49.29963   49.13574   48.96628   48.79119   48.61041   48.42388   48.23154   48.03334   47.82920   47.61907   47.40287   47.18055   46.95202   46.71722   46.47608   46.22852   45.97447   45.71386   45.44659   45.17261   44.89181   44.60414   44.30949   44.00780   43.69897   43.38291   43.05956   42.72881   42.39059   42.04480   41.69136   41.33019   40.96118   40.58427   40.19936   39.80636   39.40519   38.99577   38.57802   38.15185   37.71718   37.27393   36.82204   36.36142   35.89201   35.41375   34.92655   34.43038   33.92517   33.41086   32.88742   32.35481   31.81298   31.26191   30.70158   30.13197   29.55307   28.96488   28.36741   27.76068   27.14471   26.51954   25.88521   25.24177   24.58931   23.92788   23.25759   22.57853   21.89082   21.19458   20.48996   19.77711   19.05619   18.32738   17.59088   16.84690   16.09566   15.33738   14.57233   13.80077   13.02296   12.23921   11.44980   10.65506    9.85532    9.05090    8.24216    7.42946    6.61316    5.79365    4.97130    4.14651    3.31968    2.49120    1.66149    0.83095    0.00000
   0.00000    0.84627    1.69211    2.53709    3.38077    4.22275    5.06259    5.89987    6.73420    7.56518    8.39240    9.21549   10.03407   10.84778   11.65627   12.45921   13.25626   14.04712   14.83149   15.60908   16.37961   17.14285   17.89854   18.64646   19.38639   20.11815   20.84154   21.55640   22.26257   22.95992   23.64832   24.32765   24.99782   25.65874   26.31033   26.95253   27.58529   28.20856   28.82232   29.42654   30.02121   30.60634   31.18192   31.74798   32.30453   32.85159   33.38922   33.91744   34.43631   34.94588   35.44620   35.93734   36.41936   36.89234   37.35634   37.81145   38.25774   38.69529   39.12419   39.54453   39.95638   40.35985   40.75501   41.14196   41.52079   41.89159   42.25445   42.60947   42.95673   43.29634   43.62837   43.95292   44.27009   44.57995   44.88261   45.17814   45.46663   45.74818   46.02286   46.29075   46.55195   46.80652   47.05456   47.29613   47.53131   47.76019   47.98282   48.19929   48.40966   48.61401   48.81239   49.00488   49.19153   49.37242   49.54760   49.71712   49.88105   50.03944   50.19234   50.33981   50.48189   50.61864   50.75009   50.87630   50.99731   51.11315   51.22388   51.32952   51.43011   51.52569   51.61629   51.70194   51.78266   51.85850   51.92947   51.99560   52.05692   52.11343   52.16517   52.21214   52.25437   52.29188   52.32466   52.35275   52.37613   52.39483   52.40885   52.41820   52.42287   52.42287   52.41820   52.40885   52.39483   52.37613   52.35275   52.32466   52.29188   52.25437   52.21214   52.16517   52.11343   52.05692   51.99560   51.92947   51.85850   51.78266   51.70194   51.61629   51.52569   51.43011   51.32952   51.22388   51.11315   50.99731   50.87630   50.75009   50.61864   50.48189   50.33981   50.19234   50.03944   49.88105   49.71712   49.54760   49.37242   49.19153   49.00488   48.81239   48.61401   48.40966   48.19929   47.98282   47.76019   47.53131   47.29613   47.05456   46.80652   46.55195   46.29075   46.02286   45.74818   45.46663   45.17814   44.88261   44.57995   44.27009   43.95292   43.62837   43.29634   42.95673   42.60947   42.25445   41.89159   41.52079   41.14196   40.75501   40.35985   39.95638   39.54453   39.12419   38.69529   38.25774   37.81145   37.35634   36.89234   36.41936   35.93734   35.44620   34.94588   34.43631   33.91744   33.38922   32.85159   32.30453   31.74798   31.18192   30.60634   30.02121   29.42654   28.82232   28.20856   27.58529   26.95253   26.31033   25.65874   24.99782   24.32765   23.64832   22.95992   22.26257   21.55640   20.84154   20.11815   19.38639   18.64646   17.89854   17.14285   16.37961   15.60908   14.83149   14.04712   13.25626   12.45921   11.65627   10.84778   10.03407    9.21549    8.39240    7.56518    6.73420    5.89987    5.06259    4.22275    3.38077    2.53709    1.69211    0.84627    0.00000
   0.00000    0.86202    1.72359    2.58426    3.44359    4.30112    5.15642    6.00906    6.85860    7.70464    8.54677    9.38458   10.21769   11.04572   11.86830   12.68510   13.49576   14.29997   15.09742   15.88781   16.67088   17.44634   18.21397   18.97352   19.72478   20.46755   21.20165   21.92690   22.64316   23.35027   24.04812   24.73659   25.41559   26.08503   26.74484   27.39496   28.03535   28.66595   29.28676   29.89775   30.49891   31.09026   31.67180   32.24355   32.80555   33.35782   33.90042   34.43338   34.95676   35.47062   35.97503   36.47005   36.95576   37.43223   37.89955   38.35779   38.80704   39.24740   39.67894   40.10177   40.51597   40.92164   41.31887   41.70777   42.08842   42.46092   42.82538   43.18189   43.53054   43.87143   44.20466   44.53032   44.84851   45.15932   45.46285   45.75918   46.04841   46.33062   46.60590   46.87435   47.13604   47.39106   47.63949   47.88142   48.11692   48.34606   48.56894   48.78561   48.99615   49.20064   49.39913   49.59171   49.77843   49.95936   50.13456   50.30410   50.46802   50.62638   50.77925   50.92667   51.06869   51.20537   51.33675   51.46288   51.58380   51.69956   51.81019   51.91573   52.01622   52.11170   52.20220   52.28776   52.36839   52.44414   52.51502   52.58106   52.64229   52.69873   52.75039   52.79730   52.83947   52.87692   52.90965   52.93769   52.96105   52.97972   52.99371   53.00304   53.00771   53.00771   53.00304   52.99371   52.97972   52.96105   52.93769   52.90965   52.87692   52.83947   52.79730   52.75039   52.69873   52.64229   52.58106   52.51502   52.44414   52.36839   52.28776   52.20220   52.11170   52.01622   51.91573   51.81019   51.69956   51.58380   51.46288   51.33675   51.20537   51.06869   50.92667   50.77925   50.62638   50.46802   50.30410   50.13456   49.95936   49.77843   49.59171   49.39913   49.20064   48.99615   48.78561   48.56894   48.34606   48.11692   47.88142   47.63949   47.39106   47.13604   46.87435   46.60590   46.33062   46.04841   45.75918   45.46285   45.15932   44.84851   44.53032   44.20466   43.87143   43.53054   43.18189   42.82538   42.46092   42.08842   41.70777   41.31887   40.92164   40.51597   40.10177   39.67894   39.24740   38.80704   38.35779   37.89955   37.43223   36.95576   36.47005   35.97503   35.47062   34.95676   34.43338   33.90042   33.35782   32.80555   32.24355   31.67180   31.09026   30.49891   29.89775   29.28676   28.66595   28.03535   27.39496   26.74484   26.08503   25.41559   24.73659   24.04812   23.35027   22.64316   21.92690   21.20165   20.46755   19.72478   18.97352   18.21397   17.44634   16.67088   15.88781   15.09742   14.29997   13.49576   12.68510   11.86830   11.04572   10.21769    9.38458    8.54677    7.70464    6.85860    6.00906    5.15642    4.30112    3.44359    2.58426    1.72359    0.86202    0.00000
   0.00000    0.87822    1.75598    2.63279    3.50819    4.38172    5.25292    6.12133    6.98651    7.84803    8.70546    9.55838   10.40639   11.24910   12.08613   12.91712   13.74171   14.55958   15.37041   16.17389   16.96973   17.75768   18.53747   19.30887   20.07166   20.82563   21.57060   22.30640   23.03288   23.74988   24.45730   25.15501   25.84292   26.52096   27.18905   27.84714   28.49518   29.13315   29.76101   30.37878   30.98643   31.58399   32.17146   32.74889   33.31630   33.87374   34.42125   34.95889   35.48673   36.00482   36.51325   37.01208   37.50139   37.98128   38.45182   38.91311   39.36525   39.80831   40.24241   40.66763   41.08408   41.49186   41.89108   42.28182   42.66420   43.03831   43.40427   43.76217   44.11211   44.45419   44.78852   45.11520   45.43432   45.74598   46.05029   46.34733   46.63719   46.91999   47.19579   47.46470   47.72681   47.98219   48.23094   48.47314   48.70888   48.93822   49.16125   49.37806   49.58870   49.79326   49.99180   50.18440   50.37113   50.55204   50.72720   50.89668   51.06054   51.21883   51.37160   51.51892   51.66084   51.79741   51.92867   52.05467   52.17546   52.29109   52.40158   52.50699   52.60735   52.70270   52.79307   52.87850   52.95901   53.03464   53.10540   53.17134   53.23246   53.28880   53.34037   53.38720   53.42929   53.46667   53.49935   53.52733   53.55064   53.56928   53.58325   53.59256   53.59721   53.59721   53.59256   53.58325   53.56928   53.55064   53.52733   53.49935   53.46667   53.42929   53.38720   53.34037   53.28880   53.23246   53.17134   53.10540   53.03464   52.95901   52.87850   52.79307   52.70270   52.60735   52.50699   52.40158   52.29109   52.17546   52.05467   51.92867   51.79741   51.66084   51.51892   51.37160   51.21883   51.06054   50.89668   50.72720   50.55204   50.37113   50.18440   49.99180   49.79326   49.58870   49.37806   49.16125   48.93822   48.70888   48.47314   48.23094   47.98219   47.72681   47.46470   47.19579   46.91999   46.63719   46.34733   46.05029   45.74598   45.43432   45.11520   44.78852   44.45419   44.11211   43.76217   43.40427   43.03831   42.66420   42.28182   41.89108   41.49186   41.08408   40.66763   40.24241   39.80831   39.36525   38.91311   38.45182   37.98128   37.50139   37.01208   36.51325   36.00482   35.48673   34.95889   34.42125   33.87374   33.31630   32.74889   32.17146   31.58399   30.98643   30.37878   29.76101   29.13315   28.49518   27.84714   27.18905   26.52096   25.84292   25.15501   24.45730   23.74988   23.03288   22.30640   21.57060   20.82563   20.07166   19.30887   18.53747   17.75768   16.96973   16.17389   15.37041   14.55958   13.74171   12.91712   12.08613   11.24910   10.40639    9.55838    8.70546    7.84803    6.98651    6.12133    5.25292    4.38172    3.50819    2.63279    1.75598    0.87822    0.00000
   0.00000    0.89490    1.78930    2.68272    3.57467    4.46465    5.35220    6.23683    7.11808    7.99550    8.86865    9.73708   10.60039   11.45816   12.30999   13.15553   13.99439   14.82624   15.65074   16.46759   17.27650   18.07717   18.86937   19.65283   20.42735   21.19272   21.94873   22.69524   23.43207   24.15909   24.87617   25.58322   26.28013   26.96683   27.64326   28.30936   28.96510   29.61044   30.24538   30.86991   31.48404   32.08779   32.68118   33.26424   33.83703   34.39958   34.95195   35.49422   36.02644   36.54869   37.06106   37.56362   38.05646   38.53967   39.01336   39.47760   39.93252   40.37820   40.81474   41.24227   41.66087   42.07066   42.47175   42.86424   43.24824   43.62387   43.99122   44.35040   44.70153   45.04471   45.38004   45.70763   46.02758   46.34000   46.64499   46.94264   47.23306   47.51634   47.79258   48.06187   48.32430   48.57996   48.82895   49.07134   49.30723   49.53669   49.75981   49.97666   50.18734   50.39189   50.59042   50.78297   50.96963   51.15046   51.32553   51.49490   51.65863   51.81679   51.96942   52.11659   52.25835   52.39475   52.52584   52.65167   52.77229   52.88774   52.99807   53.10331   53.20350   53.29868   53.38889   53.47416   53.55452   53.63000   53.70062   53.76642   53.82742   53.88364   53.93511   53.98183   54.02383   54.06113   54.09373   54.12166   54.14491   54.16350   54.17744   54.18673   54.19137   54.19137   54.18673   54.17744   54.16350   54.14491   54.12166   54.09373   54.06113   54.02383   53.98183   53.93511   53.88364   53.82742   53.76642   53.70062   53.63000   53.55452   53.47416   53.38889   53.29868   53.20350   53.10331   52.99807   52.88774   52.77229   52.65167   52.52584   52.39475   52.25835   52.11659   51.96942   51.81679   51.65863   51.49490   51.32553   51.15046   50.96963   50.78297   50.59042   50.39189   50.18734   49.97666   49.75981   49.53669   49.30723   49.07134   48.82895   48.57996   48.32430   48.06187   47.79258   47.51634   47.23306   46.94264   46.64499   46.34000   46.02758   45.70763   45.38004   45.04471   44.70153   44.35040   43.99122   43.62387   43.24824   42.86424   42.47175   42.07066   41.66087   41.24227   40.81474   40.37820   39.93252   39.47760   39.01336   38.53967   38.05646   37.56362   37.06106   36.54869   36.02644   35.49422   34.95195   34.39958   33.83703   33.26424   32.68118   32.08779   31.48404   30.86991   30.24538   29.61044   28.96510   28.30936   27.64326   26.96683   26.28013   25.58322   24.87617   24.15909   23.43207   22.69524   21.94873   21.19272   20.42735   19.65283   18.86937   18.07717   17.27650   16.46759   15.65074   14.82624   13.99439   13.15553   12.30999   11.45816   10.60039    9.73708    8.86865    7.99550    7.11808    6.23683    5.35220    4.46465    3.57467    2.68272    1.78930    0.89490    0.00000
   0.00000    0.91207    1.82362    2.73414    3.64311    4.55003    5.45439    6.35571    7.25349    8.14726    9.03655    9.92092   10.79993   11.67315   12.54017   13.40060   14.25408   15.10023   15.93873   16.76925   17.59148   18.40515   19.20999   20.00575   20.79220   21.56914   22.33638   23.09374   23.84107   24.57823   25.30509   26.02157   26.72756   27.42299   28.10780   28.78195   29.44540   30.09814   30.74016   31.37145   31.99205   32.60196   33.20122   33.78988   34.36798   34.93559   35.49277   36.03959   36.57612   37.10246   37.61868   38.12488   38.62115   39.10760   39.58432   40.05143   40.50902   40.95721   41.39611   41.82583   42.24648   42.65817   43.06103   43.45515   43.84067   44.21769   44.58633   44.94670   45.29891   45.64307   45.97930   46.30770   46.62839   46.94146   47.24703   47.54520   47.83607   48.11974   48.39632   48.66589   48.92856   49.18441   49.43354   49.67604   49.91200   50.14150   50.36463   50.58146   50.79208   50.99657   51.19500   51.38744   51.57397   51.75466   51.92956   52.09876   52.26231   52.42027   52.57270   52.71966   52.86121   52.99740   53.12828   53.25389   53.37430   53.48953   53.59964   53.70467   53.80466   53.89964   53.98965   54.07473   54.15491   54.23021   54.30067   54.36631   54.42716   54.48325   54.53458   54.58119   54.62308   54.66028   54.69280   54.72065   54.74384   54.76239   54.77629   54.78555   54.79018   54.79018   54.78555   54.77629   54.76239   54.74384   54.72065   54.69280   54.66028   54.62308   54.58119   54.53458   54.48325   54.42716   54.36631   54.30067   54.23021   54.15491   54.07473   53.98965   53.89964   53.80466   53.70467   53.59964   53.48953   53.37430   53.25389   53.12828   52.99740   52.86121   52.71966   52.57270   52.42027   52.26231   52.09876   51.92956   51.75466   51.57397   51.38744   51.19500   50.99657   50.79208   50.58146   50.36463   50.14150   49.91200   49.67604   49.43354   49.18441   48.92856   48.66589   48.39632   48.11974   47.83607   47.54520   47.24703   46.94146   46.62839   46.30770   45.97930   45.64307   45.29891   44.94670   44.58633   44.21769   43.84067   43.45515   43.06103   42.65817   42.24648   41.82583   41.39611   40.95721   40.50902   40.05143   39.58432   39.10760   38.62115   38.12488   37.61868   37.10246   36.57612   36.03959   35.49277   34.93559   34.36798   33.78988   33.20122   32.60196   31.99205   31.37145   30.74016   30.09814   29.44540   28.78195   28.10780   27.42299   26.72756   26.02157   25.30509   24.57823   23.84107   23.09374   22.33638   21.56914   20.79220   20.00575   19.20999   18.40515   17.59148   16.76925   15.93873   15.10023   14.25408   13.40060   12.54017   11.67315   10.79993    9.92092    9.03655    8.14726    7.25349    6.35571    5.45439    4.55003    3.64311    2.73414    1.82362    0.91207    0.00000
   0.00000    0.92975    1.85896    2.78709    3.71360    4.63796    5.55964    6.47812    7.39290    8.30348    9.20938   10.11012   11.00525   11.89433   12.77693   13.65265   14.52109   15.38189   16.23470   17.07919   17.91504   18.74196   19.55969   20.36797   21.16657   21.95528   22.73390   23.50228   24.26024   25.00766   25.74441   26.47040   27.18554   27.88976   28.58300   29.26523   29.93642   30.59657   31.24565   31.88370   32.51073   33.12677   33.73187   34.32607   34.90944   35.48204   36.04395   36.59524   37.13600   37.66633   38.18632   38.69606   39.19567   39.68525   40.16492   40.63477   41.09493   41.54552   41.98666   42.41846   42.84104   43.25452   43.65903   44.05468   44.44160   44.81990   45.18972   45.55115   45.90433   46.24937   46.58639   46.91549   47.23680   47.55043   47.85647   48.15506   48.44628   48.73025   49.00706   49.27682   49.53963   49.79558   50.04477   50.28729   50.52324   50.75269   50.97574   51.19248   51.40297   51.60731   51.80557   51.99783   52.18416   52.36463   52.53931   52.70827   52.87157   53.02928   53.18145   53.32816   53.46944   53.60536   53.73598   53.86133   53.98147   54.09645   54.20630   54.31108   54.41083   54.50557   54.59535   54.68021   54.76017   54.83527   54.90554   54.97100   55.03168   55.08760   55.13879   55.18526   55.22703   55.26412   55.29654   55.32431   55.34743   55.36592   55.37978   55.38901   55.39363   55.39363   55.38901   55.37978   55.36592   55.34743   55.32431   55.29654   55.26412   55.22703   55.18526   55.13879   55.08760   55.03168   54.97100   54.90554   54.83527   54.76017   54.68021   54.59535   54.50557   54.41083   54.31108   54.20630   54.09645   53.98147   53.86133   53.73598   53.60536   53.46944   53.32816   53.18145   53.02928   52.87157   52.70827   52.53931   52.36463   52.18416   51.99783   51.80557   51.60731   51.40297   51.19248   50.97574   50.75269   50.52324   50.28729   50.04477   49.79558   49.53963   49.27682   49.00706   48.73025   48.44628   48.15506   47.85647   47.55043   47.23680   46.91549   46.58639   46.24937   45.90433   45.55115   45.18972   44.81990   44.44160   44.05468   43.65903   43.25452   42.84104   42.41846   41.98666   41.54552   41.09493   40.63477   40.16492   39.68525   39.19567   38.69606   38.18632   37.66633   37.13600   36.59524   36.04395   35.48204   34.90944   34.32607   33.73187   33.12677   32.51073   31.88370   31.24565   30.59657   29.93642   29.26523   28.58300   27.88976   27.18554   26.47040   25.74441   25.00766   24.26024   23.50228   22.73390   21.95528   21.16657   20.36797   19.55969   18.74196   17.91504   17.07919   16.23470   15.38189   14.52109   13.65265   12.77693   11.89433   11.00525   10.11012    9.20938    8.30348    7.39290    6.47812    5.55964    4.63796    3.71360    2.78709    1.85896    0.92975    0.00000
   0.00000    0.94798    1.89539    2.84167    3.78624    4.72856    5.66807    6.60424    7.53652    8.46440    9.38737   10.30494   11.21663   12.12199   13.02058   13.91196   14.79574   15.67154   16.53899   17.39776   18.24752   19.08797   19.91883   20.73986   21.55082   22.35149   23.14168   23.92122   24.68996   25.44775   26.19449   26.93008   27.65444   28.36750   29.06922   29.75956   30.43850   31.10604   31.76219   32.40697   33.04040   33.66253   34.27341   34.87310   35.46167   36.03919   36.60574   37.16142   37.70633   38.24055   38.76420   39.27739   39.78023   40.27283   40.75531   41.22780   41.69042   42.14329   42.58655   43.02030   43.44469   43.85984   44.26588   44.66294   45.05114   45.43061   45.80148   46.16387   46.51790   46.86370   47.20139   47.53108   47.85290   48.16697   48.47339   48.77228   49.06375   49.34790   49.62485   49.89471   50.15756   50.41352   50.66267   50.90512   51.14096   51.37029   51.59318   51.80973   52.02002   52.22413   52.42215   52.61415   52.80020   52.98039   53.15477   53.32343   53.48643   53.64382   53.79568   53.94207   54.08304   54.21864   54.34894   54.47398   54.59381   54.70848   54.81804   54.92253   55.02199   55.11646   55.20598   55.29058   55.37030   55.44517   55.51522   55.58047   55.64095   55.69669   55.74771   55.79403   55.83566   55.87262   55.90494   55.93261   55.95565   55.97408   55.98789   55.99709   56.00169   56.00169   55.99709   55.98789   55.97408   55.95565   55.93261   55.90494   55.87262   55.83566   55.79403   55.74771   55.69669   55.64095   55.58047   55.51522   55.44517   55.37030   55.29058   55.20598   55.11646   55.02199   54.92253   54.81804   54.70848   54.59381   54.47398   54.34894   54.21864   54.08304   53.94207   53.79568   53.64382   53.48643   53.32343   53.15477   52.98039   52.80020   52.61415   52.42215   52.22413   52.02002   51.80973   51.59318   51.37029   51.14096   50.90512   50.66267   50.41352   50.15756   49.89471   49.62485   49.34790   49.06375   48.77228   48.47339   48.16697   47.85290   47.53108   47.20139   46.86370   46.51790   46.16387   45.80148   45.43061   45.05114   44.66294   44.26588   43.85984   43.44469   43.02030   42.58655   42.14329   41.69042   41.22780   40.75531   40.27283   39.78023   39.27739   38.76420   38.24055   37.70633   37.16142   36.60574   36.03919   35.46167   34.87310   34.27341   33.66253   33.04040   32.40697   31.76219   31.10604   30.43850   29.75956   29.06922   28.36750   27.65444   26.93008   26.19449   25.44775   24.68996   23.92122   23.14168   22.35149   21.55082   20.73986   19.91883   19.08797   18.24752   17.39776   16.53899   15.67154   14.79574   13.91196   13.02058   12.12199   11.21663   10.30494    9.38737    8.46440    7.53652    6.60424    5.66807    4.72856    3.78624    2.84167    1.89539    0.94798    0.00000
   0.00000    0.96678    1.93295    2.89794    3.86114    4.82198    5.77986    6.73423    7.68453    8.63022    9.57075   10.50563   11.43435   12.35643   13.27142   14.17888   15.07838   15.96954   16.85198   17.72534   18.58930   19.44356   20.28782   21.12184   21.94536   22.75819   23.56012   24.35098   25.13062   25.89890   26.65573   27.40100   28.13464   28.85659   29.56681   30.26528   30.95198   31.62692   32.29011   32.94158   33.58138   34.20954   34.82615   35.43125   36.02494   36.60729   37.17841   37.73839   38.28733   38.82534   39.35255   39.86907   40.37501   40.87052   41.35571   41.83071   42.29566   42.75069   43.19593   43.63152   44.05759   44.47428   44.88173   45.28006   45.66942   46.04993   46.42172   46.78494   47.13970   47.48614   47.82438   48.15455   48.47677   48.79115   49.09783   49.39692   49.68853   49.97277   50.24975   50.51959   50.78239   51.03825   51.28728   51.52957   51.76521   51.99431   52.21696   52.43324   52.64324   52.84705   53.04474   53.23641   53.42212   53.60195   53.77598   53.94426   54.10689   54.26391   54.41539   54.56140   54.70200   54.83723   54.96716   55.09184   55.21131   55.32564   55.43486   55.53901   55.63815   55.73231   55.82153   55.90584   55.98529   56.05989   56.12969   56.19471   56.25497   56.31051   56.36134   56.40748   56.44896   56.48578   56.51797   56.54554   56.56850   56.58685   56.60061   56.60978   56.61436   56.61436   56.60978   56.60061   56.58685   56.56850   56.54554   56.51797   56.48578   56.44896   56.40748   56.36134   56.31051   56.25497   56.19471   56.12969   56.05989   55.98529   55.90584   55.82153   55.73231   55.63815   55.53901   55.43486   55.32564   55.21131   55.09184   54.96716   54.83723   54.70200   54.56140   54.41539   54.26391   54.10689   53.94426   53.77598   53.60195   53.42212   53.23641   53.04474   52.84705   52.64324   52.43324   52.21696   51.99431   51.76521   51.52957   51.28728   51.03825   50.78239   50.51959   50.24975   49.97277   49.68853   49.39692   49.09783   48.79115   48.47677   48.15455   47.82438   47.48614   47.13970   46.78494   46.42172   46.04993   45.66942   45.28006   44.88173   44.47428   44.05759   43.63152   43.19593   42.75069   42.29566   41.83071   41.35571   40.87052   40.37501   39.86907   39.35255   38.82534   38.28733   37.73839   37.17841   36.60729   36.02494   35.43125   34.82615   34.20954   33.58138   32.94158   32.29011   31.62692   30.95198   30.26528   29.56681   28.85659   28.13464   27.40100   26.65573   25.89890   25.13062   24.35098   23.56012   22.75819   21.94536   21.12184   20.28782   19.44356   18.58930   17.72534   16.85198   15.96954   15.07838   14.17888   13.27142   12.35643   11.43435   10.50563    9.57075    8.63022    7.68453    6.73423    5.77986    4.82198    3.86114    2.89794    1.93295    0.96678    0.00000
   0.00000    0.98617    1.97171    2.95600    3.93841    4.91834    5.89517    6.86831    7.83717    8.80118    9.75980   10.71248   11.65870   12.59797   13.52980   14.45375   15.36937   16.27626   17.17403   18.06232   18.94080   19.80914   20.66706   21.51430   22.35061   23.17578   23.98962   24.79195   25.58262   26.36152   27.12852   27.88355   28.62653   29.35741   30.07616   30.78277   31.47722   32.15954   32.82974   33.48787   34.13398   34.76812   35.39038   36.00082   36.59955   37.18664   37.76222   38.32639   38.87926   39.42095   39.95159   40.47132   40.98025   41.47853   41.96629   42.44367   42.91082   43.36787   43.81497   44.25225   44.67987   45.09797   45.50668   45.90616   46.29654   46.67795   47.05055   47.41446   47.76983   48.11678   48.45545   48.78597   49.10846   49.42305   49.72987   50.02904   50.32067   50.60489   50.88180   51.15152   51.41416   51.66983   51.91863   52.16065   52.39601   52.62480   52.84711   53.06303   53.27266   53.47608   53.67338   53.86463   54.04992   54.22932   54.40291   54.57077   54.73295   54.88953   55.04058   55.18616   55.32632   55.46112   55.59063   55.71490   55.83397   55.94790   56.05673   56.16052   56.25929   56.35310   56.44198   56.52598   56.60511   56.67943   56.74895   56.81371   56.87373   56.92904   56.97966   57.02561   57.06691   57.10358   57.13564   57.16309   57.18595   57.20422   57.21792   57.22705   57.23162   57.23162   57.22705   57.21792   57.20422   57.18595   57.16309   57.13564   57.10358   57.06691   57.02561   56.97966   56.92904   56.87373   56.81371   56.74895   56.67943   56.60511   56.52598   56.44198   56.35310   56.25929   56.16052   56.05673   55.94790   55.83397   55.71490   55.59063   55.46112   55.32632   55.18616   55.04058   54.88953   54.73295   54.57077   54.40291   54.22932   54.04992   53.86463   53.67338   53.47608   53.27266   53.06303   52.84711   52.62480   52.39601   52.16065   51.91863   51.66983   51.41416   51.15152   50.88180   50.60489   50.32067   50.02904   49.72987   49.42305   49.10846   48.78597   48.45545   48.11678   47.76983   47.41446   47.05055   46.67795   46.29654   45.90616   45.50668   45.09797   44.67987   44.25225   43.81497   43.36787   42.91082   42.44367   41.96629   41.47853   40.98025   40.47132   39.95159   39.42095   38.87926   38.32639   37.76222   37.18664   36.59955   36.00082   35.39038   34.76812   34.13398   33.48787   32.82974   32.15954   31.47722   30.78277   30.07616   29.35741   28.62653   27.88355   27.12852   26.36152   25.58262   24.79195   23.98962   23.17578   22.35061   21.51430   20.66706   19.80914   18.94080   18.06232   17.17403   16.27626   15.36937   14.45375   13.52980   12.59797   11.65870   10.71248    9.75980    8.80118    7.83717    6.86831    5.89517    4.91834    3.93841    2.95600    1.97171    0.98617    0.00000
   0.00000    1.00619    2.01172    3.01593    4.01817    5.01780    6.01416    7.00665    7.99465    8.97755    9.95478   10.92578   11.89001   12.84693   13.79607   14.73694   15.66909   16.59210   17.50557   18.40913   19.30242   20.18514   21.05698   21.91768   22.76700   23.60471   24.43063   25.24458   26.04642   26.83602   27.61329   28.37814   29.13051   29.87036   30.59766   31.31240   32.01460   32.70427   33.38145   34.04619   34.69854   35.33860   35.96642   36.58212   37.18578   37.77752   38.35744   38.92568   39.48236   40.02761   40.56156   41.08435   41.59614   42.09705   42.58725   43.06687   43.53607   43.99500   44.44381   44.88266   45.31168   45.73104   46.14088   46.54136   46.93262   47.31480   47.68806   48.05254   48.40837   48.75570   49.09467   49.42541   49.74805   50.06273   50.36957   50.66870   50.96024   51.24432   51.52104   51.79054   52.05291   52.30828   52.55674   52.79841   53.03338   53.26176   53.48365   53.69912   53.90829   54.11124   54.30805   54.49881   54.68360   54.86251   55.03559   55.20294   55.36462   55.52070   55.67124   55.81632   55.95599   56.09032   56.21935   56.34315   56.46177   56.57526   56.68366   56.78703   56.88540   56.97882   57.06733   57.15097   57.22976   57.30375   57.37297   57.43744   57.49719   57.55225   57.60265   57.64839   57.68950   57.72600   57.75791   57.78523   57.80798   57.82617   57.83981   57.84890   57.85344   57.85344   57.84890   57.83981   57.82617   57.80798   57.78523   57.75791   57.72600   57.68950   57.64839   57.60265   57.55225   57.49719   57.43744   57.37297   57.30375   57.22976   57.15097   57.06733   56.97882   56.88540   56.78703   56.68366   56.57526   56.46177   56.34315   56.21935   56.09032   55.95599   55.81632   55.67124   55.52070   55.36462   55.20294   55.03559   54.86251   54.68360   54.49881   54.30805   54.11124   53.90829   53.69912   53.48365   53.26176   53.03338   52.79841   52.55674   52.30828   52.05291   51.79054   51.52104   51.24432   50.96024   50.66870   50.36957   50.06273   49.74805   49.42541   49.09467   48.75570   48.40837   48.05254   47.68806   47.31480   46.93262   46.54136   46.14088   45.73104   45.31168   44.88266   44.44381   43.99500   43.53607   43.06687   42.58725   42.09705   41.59614   41.08435   40.56156   40.02761   39.48236   38.92568   38.35744   37.77752   37.18578   36.58212   35.96642   35.33860   34.69854   34.04619   33.38145   32.70427   32.01460   31.31240   30.59766   29.87036   29.13051   28.37814   27.61329   26.83602   26.04642   25.24458   24.43063   23.60471   22.76700   21.91768   21.05698   20.18514   19.30242   18.40913   17.50557   16.59210   15.66909   14.73694   13.79607   12.84693   11.89001   10.92578    9.95478    8.97755    7.99465    7.00665    6.01416    5.01780    4.01817    3.01593    2.01172    1.00619    0.00000
   0.00000    1.02687    2.05305    3.07784    4.10055    5.12051    6.13704    7.14949    8.15722    9.15959   10.15600   11.14586   12.12861   13.10370   14.07061   15.02885   15.97795   16.91748   17.84702   18.76619   19.67463   20.57202   21.45805   22.33246   23.19499   24.04544   24.88360   25.70932   26.52245   27.32287   28.11048   28.88522   29.64702   30.39586   31.13172   31.85459   32.56451   33.26149   33.94560   34.61688   35.27542   35.92129   36.55460   37.17545   37.78394   38.38020   38.96436   39.53654   40.09690   40.64556   41.18268   41.70841   42.22290   42.72630   43.21878   43.70050   44.17160   44.63226   45.08263   45.52288   45.95316   46.37363   46.78445   47.18578   47.57777   47.96058   48.33436   48.69926   49.05542   49.40299   49.74212   50.07295   50.39561   50.71024   51.01698   51.31595   51.60728   51.89109   52.16752   52.43667   52.69867   52.95363   53.20166   53.44286   53.67735   53.90523   54.12659   54.34153   54.55015   54.75254   54.94878   55.13897   55.32318   55.50151   55.67401   55.84078   56.00189   56.15740   56.30738   56.45190   56.59102   56.72481   56.85331   56.97660   57.09471   57.20770   57.31563   57.41854   57.51647   57.60946   57.69756   57.78080   57.85922   57.93286   58.00174   58.06590   58.12536   58.18014   58.23028   58.27580   58.31670   58.35302   58.38477   58.41195   58.43458   58.45268   58.46625   58.47529   58.47981   58.47981   58.47529   58.46625   58.45268   58.43458   58.41195   58.38477   58.35302   58.31670   58.27580   58.23028   58.18014   58.12536   58.06590   58.00174   57.93286   57.85922   57.78080   57.69756   57.60946   57.51647   57.41854   57.31563   57.20770   57.09471   56.97660   56.85331   56.72481   56.59102   56.45190   56.30738   56.15740   56.00189   55.84078   55.67401   55.50151   55.32318   55.13897   54.94878   54.75254   54.55015   54.34153   54.12659   53.90523   53.67735   53.44286   53.20166   52.95363   52.69867   52.43667   52.16752   51.89109   51.60728   51.31595   51.01698   50.71024   50.39561   50.07295   49.74212   49.40299   49.05542   48.69926   48.33436   47.96058   47.57777   47.18578   46.78445   46.37363   45.95316   45.52288   45.08263   44.63226   44.17160   43.70050   43.21878   42.72630   42.22290   41.70841   41.18268   40.64556   40.09690   39.53654   38.96436   38.38020   37.78394   37.17545   36.55460   35.92129   35.27542   34.61688   33.94560   33.26149   32.56451   31.85459   31.13172   30.39586   29.64702   28.88522   28.11048   27.32287   26.52245   25.70932   24.88360   24.04544   23.19499   22.33246   21.45805   20.57202   19.67463   18.76619   17.84702   16.91748   15.97795   15.02885   14.07061   13.10370   12.12861   11.14586   10.15600    9.15959    8.15722    7.14949    6.13704    5.12051    4.10055    3.07784    2.05305    1.02687    0.00000
   0.00000    1.04825    2.09576    3.14181    4.18568    5.22665    6.26400    7.29706    8.32514    9.34759   10.36377   11.37306   12.37487   13.36864   14.35381   15.32989   16.29639   17.25285   18.19884   19.13398   20.05789   20.97025   21.87074   22.75910   23.63507   24.49844   25.34902   26.18665   27.01119   27.82252   28.62055   29.40523   30.17650   30.93434   31.67876   32.40974   33.12734   33.83160   34.52257   35.20032   35.86496   36.51656   37.15525   37.78113   38.39433   38.99499   39.58324   40.15924   40.72312   41.27506   41.81520   42.34370   42.86074   43.36648   43.86109   44.34473   44.81758   45.27981   45.73158   46.17307   46.60444   47.02587   47.43751   47.83954   48.23211   48.61540   48.98954   49.35471   49.71106   50.05873   50.39788   50.72866   51.05120   51.36566   51.67215   51.97083   52.26183   52.54526   52.82127   53.08997   53.35148   53.60591   53.85340   54.09404   54.32794   54.55521   54.77595   54.99026   55.19824   55.39998   55.59557   55.78510   55.96866   56.14632   56.31818   56.48430   56.64475   56.79962   56.94898   57.09288   57.23139   57.36457   57.49250   57.61521   57.73277   57.84522   57.95263   58.05503   58.15247   58.24499   58.33264   58.41546   58.49347   58.56672   58.63524   58.69905   58.75819   58.81269   58.86255   58.90782   58.94850   58.98462   59.01618   59.04322   59.06573   59.08372   59.09721   59.10620   59.11069   59.11069   59.10620   59.09721   59.08372   59.06573   59.04322   59.01618   58.98462   58.94850   58.90782   58.86255   58.81269   58.75819   58.69905   58.63524   58.56672   58.49347   58.41546   58.33264   58.24499   58.15247   58.05503   57.95263   57.84522   57.73277   57.61521   57.49250   57.36457   57.23139   57.09288   56.94898   56.79962   56.64475   56.48430   56.31818   56.14632   55.96866   55.78510   55.59557   55.39998   55.19824   54.99026   54.77595   54.55521   54.32794   54.09404   53.85340   53.60591   53.35148   53.08997   52.82127   52.54526   52.26183   51.97083   51.67215   51.36566   51.05120   50.72866   50.39788   50.05873   49.71106   49.35471   48.98954   48.61540   48.23211   47.83954   47.43751   47.02587   46.60444   46.17307   45.73158   45.27981   44.81758   44.34473   43.86109   43.36648   42.86074   42.34370   41.81520   41.27506   40.72312   40.15924   39.58324   38.99499   38.39433   37.78113   37.15525   36.51656   35.86496   35.20032   34.52257   33.83160   33.12734   32.40974   31.67876   30.93434   30.17650   29.40523   28.62055   27.82252   27.01119   26.18665   25.34902   24.49844   23.63507   22.75910   21.87074   20.97025   20.05789   19.13398   18.19884   17.25285   16.29639   15.32989   14.35381   13.36864   12.37487   11.37306   10.36377    9.34759    8.32514    7.29706    6.26400    5.22665    4.18568    3.14181    2.09576    1.04825    0.00000
   0.00000    1.07036    2.13994    3.20798    4.27372    5.33639    6.39526    7.44960    8.49870    9.54186   10.57842   11.60773   12.62918   13.64216   14.64612   15.64052   16.62487   17.59868   18.56152   19.51299   20.45271   21.38034   22.29557   23.19813   24.08776   24.96424   25.82740   26.67708   27.51313   28.33546   29.14398   29.93864   30.71941   31.48626   32.23921   32.97829   33.70353   34.41499   35.11275   35.79689   36.46752   37.12475   37.76869   38.39949   39.01727   39.62218   40.21439   40.79404   41.36131   41.91635   42.45935   42.99047   43.50989   44.01779   44.51435   44.99976   45.47418   45.93781   46.39081   46.83337   47.26568   47.68789   48.10019   48.50276   48.89575   49.27934   49.65370   50.01899   50.37537   50.72299   51.06202   51.39260   51.71489   52.02902   52.33515   52.63341   52.92394   53.20687   53.48233   53.75045   54.01135   54.26516   54.51198   54.75195   54.98516   55.21172   55.43174   55.64533   55.85257   56.05357   56.24842   56.43721   56.62003   56.79696   56.96808   57.13347   57.29321   57.44737   57.59603   57.73924   57.87708   58.00961   58.13689   58.25898   58.37593   58.48779   58.59463   58.69647   58.79338   58.88540   58.97256   59.05491   59.13249   59.20532   59.27344   59.33689   59.39568   59.44985   59.49943   59.54442   59.58486   59.62076   59.65214   59.67901   59.70138   59.71927   59.73268   59.74161   59.74608   59.74608   59.74161   59.73268   59.71927   59.70138   59.67901   59.65214   59.62076   59.58486   59.54442   59.49943   59.44985   59.39568   59.33689   59.27344   59.20532   59.13249   59.05491   58.97256   58.88540   58.79338   58.69647   58.59463   58.48779   58.37593   58.25898   58.13689   58.00961   57.87708   57.73924   57.59603   57.44737   57.29321   57.13347   56.96808   56.79696   56.62003   56.43721   56.24842   56.05357   55.85257   55.64533   55.43174   55.21172   54.98516   54.75195   54.51198   54.26516   54.01135   53.75045   53.48233   53.20687   52.92394   52.63341   52.33515   52.02902   51.71489   51.39260   51.06202   50.72299   50.37537   50.01899   49.65370   49.27934   48.89575   48.50276   48.10019   47.68789   47.26568   46.83337   46.39081   45.93781   45.47418   44.99976   44.51435   44.01779   43.50989   42.99047   42.45935   41.91635   41.36131   40.79404   40.21439   39.62218   39.01727   38.39949   37.76869   37.12475   36.46752   35.79689   35.11275   34.41499   33.70353   32.97829   32.23921   31.48626   30.71941   29.93864   29.14398   28.33546   27.51313   26.67708   25.82740   24.96424   24.08776   23.19813   22.29557   21.38034   20.45271   19.51299   18.56152   17.59868   16.62487   15.64052   14.64612   13.64216   12.62918   11.60773   10.57842    9.54186    8.49870    7.44960    6.39526    5.33639    4.27372    3.20798    2.13994    1.07036    0.00000
   0.00000    1.09324    2.18566    3.27645    4.36481    5.44994    6.53105    7.60739    8.67819    9.74274   10.80033   11.85028   12.89195   13.92471   14.94798   15.96121   16.96387   17.95548   18.93558   19.90375   20.85962   21.80284   22.73308   23.65008   24.55358   25.44337   26.31927   27.18112   28.02880   28.86221   29.68127   30.48596   31.27623   32.05208   32.81355   33.56067   34.29349   35.01209   35.71655   36.40698   37.08350   37.74622   38.39529   39.03086   39.65307   40.26209   40.85809   41.44124   42.01171   42.56969   43.11537   43.64893   44.17056   44.68044   45.17878   45.66577   46.14158   46.60643   47.06048   47.50395   47.93700   48.35983   48.77261   49.17554   49.56879   49.95253   50.32694   50.69218   51.04844   51.39586   51.73461   52.06485   52.38673   52.70040   53.00602   53.30372   53.59365   53.87594   54.15073   54.41815   54.67833   54.93138   55.17744   55.41661   55.64902   55.87477   56.09397   56.30673   56.51315   56.71332   56.90733   57.09530   57.27729   57.45340   57.62371   57.78830   57.94725   58.10063   58.24852   58.39099   58.52809   58.65990   58.78648   58.90789   59.02417   59.13540   59.24161   59.34286   59.43920   59.53067   59.61730   59.69915   59.77625   59.84863   59.91632   59.97937   60.03779   60.09162   60.14088   60.18559   60.22577   60.26143   60.29261   60.31930   60.34153   60.35930   60.37262   60.38150   60.38593   60.38593   60.38150   60.37262   60.35930   60.34153   60.31930   60.29261   60.26143   60.22577   60.18559   60.14088   60.09162   60.03779   59.97937   59.91632   59.84863   59.77625   59.69915   59.61730   59.53067   59.43920   59.34286   59.24161   59.13540   59.02417   58.90789   58.78648   58.65990   58.52809   58.39099   58.24852   58.10063   57.94725   57.78830   57.62371   57.45340   57.27729   57.09530   56.90733   56.71332   56.51315   56.30673   56.09397   55.87477   55.64902   55.41661   55.17744   54.93138   54.67833   54.41815   54.15073   53.87594   53.59365   53.30372   53.00602   52.70040   52.38673   52.06485   51.73461   51.39586   51.04844   50.69218   50.32694   49.95253   49.56879   49.17554   48.77261   48.35983   47.93700   47.50395   47.06048   46.60643   46.14158   45.66577   45.17878   44.68044   44.17056   43.64893   43.11537   42.56969   42.01171   41.44124   40.85809   40.26209   39.65307   39.03086   38.39529   37.74622   37.08350   36.40698   35.71655   35.01209   34.29349   33.56067   32.81355   32.05208   31.27623   30.48596   29.68127   28.86221   28.02880   27.18112   26.31927   25.44337   24.55358   23.65008   22.73308   21.80284   20.85962   19.90375   18.93558   17.95548   16.96387   15.96121   14.94798   13.92471   12.89195   11.85028   10.80033    9.74274    8.67819    7.60739    6.53105    5.44994    4.36481    3.27645    2.18566    1.09324    0.00000
   0.00000    1.11693    2.23301    3.34736    4.45914    5.56750    6.67162    7.77070    8.86394    9.95057   11.02987   12.10111   13.16362   14.21675   15.25989   16.29247   17.31394   18.32379   19.32156   20.30683   21.27919   22.23830   23.18384   24.11553   25.03312   25.93639   26.82518   27.69934   28.55874   29.40330   30.23296   31.04768   31.84746   32.63230   33.40224   34.15734   34.89767   35.62332   36.33438   37.03098   37.71326   38.38135   39.03540   39.67559   40.30207   40.91503   41.51464   42.10110   42.67461   43.23534   43.78352   44.31932   44.84296   45.35465   45.85457   46.34294   46.81996   47.28583   47.74076   48.18493   48.61855   49.04180   49.45490   49.85801   50.25133   50.63505   51.00933   51.37437   51.73033   52.07739   52.41571   52.74545   53.06677   53.37984   53.68480   53.98181   54.27100   54.55252   54.82651   55.09310   55.35242   55.60461   55.84978   56.08805   56.31955   56.54438   56.76266   56.97448   57.17997   57.37921   57.57231   57.75935   57.94043   58.11564   58.28506   58.44877   58.60686   58.75939   58.90644   59.04809   59.18440   59.31543   59.44125   59.56191   59.67749   59.78802   59.89357   59.99417   60.08989   60.18076   60.26683   60.34814   60.42472   60.49662   60.56386   60.62648   60.68451   60.73797   60.78688   60.83128   60.87118   60.90660   60.93756   60.96407   60.98614   61.00378   61.01701   61.02582   61.03023   61.03023   61.02582   61.01701   61.00378   60.98614   60.96407   60.93756   60.90660   60.87118   60.83128   60.78688   60.73797   60.68451   60.62648   60.56386   60.49662   60.42472   60.34814   60.26683   60.18076   60.08989   59.99417   59.89357   59.78802   59.67749   59.56191   59.44125   59.31543   59.18440   59.04809   58.90644   58.75939   58.60686   58.44877   58.28506   58.11564   57.94043   57.75935   57.57231   57.37921   57.17997   56.97448   56.76266   56.54438   56.31955   56.08805   55.84978   55.60461   55.35242   55.09310   54.82651   54.55252   54.27100   53.98181   53.68480   53.37984   53.06677   52.74545   52.41571   52.07739   51.73033   51.37437   51.00933   50.63505   50.25133   49.85801   49.45490   49.04180   48.61855   48.18493   47.74076   47.28583   46.81996   46.34294   45.85457   45.35465   44.84296   44.31932   43.78352   43.23534   42.67461   42.10110   41.51464   40.91503   40.30207   39.67559   39.03540   38.38135   37.71326   37.03098   36.33438   35.62332   34.89767   34.15734   33.40224   32.63230   31.84746   31.04768   30.23296   29.40330   28.55874   27.69934   26.82518   25.93639   25.03312   24.11553   23.18384   22.23830   21.27919   20.30683   19.32156   18.32379   17.31394   16.29247   15.25989   14.21675   13.16362   12.10111   11.02987    9.95057    8.86394    7.77070    6.67162    5.56750    4.45914    3.34736    2.23301    1.11693    0.00000
   0.00000    1.14149    2.28208    3.42084    4.55688    5.68930    6.81725    7.93985    9.05629   10.16575   11.26746   12.36067   13.44467   14.51878   15.58237   16.63484   17.67561   18.70418   19.72005   20.72280   21.71201   22.68734   23.64845   24.59507   25.52696   26.44391   27.34574   28.23231   29.10352   29.95929   30.79957   31.62435   32.43362   33.22741   34.00578   34.76879   35.51654   36.24913   36.96667   37.66932   38.35721   39.03051   39.68938   40.33402   40.96459   41.58130   42.18435   42.77394   43.35027   43.91356   44.46403   45.00188   45.52733   46.04061   46.54191   47.03147   47.50949   47.97619   48.43178   48.87647   49.31046   49.73395   50.14716   50.55027   50.94349   51.32699   51.70098   52.06564   52.42114   52.76766   53.10538   53.43447   53.75508   54.06739   54.37155   54.66770   54.95602   55.23663   55.50968   55.77531   56.03366   56.28485   56.52901   56.76627   56.99674   57.22054   57.43779   57.64858   57.85304   58.05126   58.24334   58.42937   58.60945   58.78367   58.95212   59.11487   59.27202   59.42362   59.56977   59.71053   59.84598   59.97617   60.10117   60.22104   60.33584   60.44563   60.55046   60.65037   60.74543   60.83566   60.92113   61.00186   61.07789   61.14927   61.21602   61.27819   61.33579   61.38885   61.43741   61.48148   61.52108   61.55623   61.58696   61.61327   61.63517   61.65269   61.66581   61.67456   61.67893   61.67893   61.67456   61.66581   61.65269   61.63517   61.61327   61.58696   61.55623   61.52108   61.48148   61.43741   61.38885   61.33579   61.27819   61.21602   61.14927   61.07789   61.00186   60.92113   60.83566   60.74543   60.65037   60.55046   60.44563   60.33584   60.22104   60.10117   59.97617   59.84598   59.71053   59.56977   59.42362   59.27202   59.11487   58.95212   58.78367   58.60945   58.42937   58.24334   58.05126   57.85304   57.64858   57.43779   57.22054   56.99674   56.76627   56.52901   56.28485   56.03366   55.77531   55.50968   55.23663   54.95602   54.66770   54.37155   54.06739   53.75508   53.43447   53.10538   52.76766   52.42114   52.06564   51.70098   51.32699   50.94349   50.55027   50.14716   49.73395   49.31046   48.87647   48.43178   47.97619   47.50949   47.03147   46.54191   46.04061   45.52733   45.00188   44.46403   43.91356   43.35027   42.77394   42.18435   41.58130   40.96459   40.33402   39.68938   39.03051   38.35721   37.66932   36.96667   36.24913   35.51654   34.76879   34.00578   33.22741   32.43362   31.62435   30.79957   29.95929   29.10352   28.23231   27.34574   26.44391   25.52696   24.59507   23.64845   22.68734   21.71201   20.72280   19.72005   18.70418   17.67561   16.63484   15.58237   14.51878   13.44467   12.36067   11.26746   10.16575    9.05629    7.93985    6.81725    5.68930    4.55688    3.42084    2.28208    1.14149    0.00000
   0.00000    1.16697    2.33297    3.49704    4.65823    5.81559    6.96821    8.11517    9.25561   10.38868   11.51355   12.62944   13.73561   14.83134   15.91598   16.98889   18.04950   19.09726   20.13167   21.15230   22.15872   23.15058   24.12755   25.08936   26.03575   26.96654   27.88154   28.78064   29.66374   30.53077   31.38170   32.21652   33.03526   33.83796   34.62468   35.39551   36.15057   36.88998   37.61387   38.32241   39.01576   39.69409   40.35761   41.00650   41.64098   42.26124   42.86752   43.46002   44.03898   44.60461   45.15716   45.69684   46.22389   46.73853   47.24101   47.73154   48.21035   48.67766   49.13371   49.57870   50.01286   50.43639   50.84952   51.25243   51.64535   52.02846   52.40197   52.76606   53.12092   53.46674   53.80369   54.13196   54.45170   54.76309   55.06629   55.36145   55.64874   55.92830   56.20028   56.46482   56.72205   56.97212   57.21515   57.45127   57.68060   57.90326   58.11936   58.32903   58.53235   58.72945   58.92041   59.10534   59.28434   59.45749   59.62487   59.78659   59.94271   60.09332   60.23849   60.37830   60.51281   60.64210   60.76622   60.88524   60.99921   61.10820   61.21226   61.31144   61.40578   61.49534   61.58015   61.66027   61.73572   61.80655   61.87278   61.93446   61.99161   62.04425   62.09242   62.13614   62.17543   62.21030   62.24078   62.26688   62.28861   62.30598   62.31900   62.32767   62.33201   62.33201   62.32767   62.31900   62.30598   62.28861   62.26688   62.24078   62.21030   62.17543   62.13614   62.09242   62.04425   61.99161   61.93446   61.87278   61.80655   61.73572   61.66027   61.58015   61.49534   61.40578   61.31144   61.21226   61.10820   60.99921   60.88524   60.76622   60.64210   60.51281   60.37830   60.23849   60.09332   59.94271   59.78659   59.62487   59.45749   59.28434   59.10534   58.92041   58.72945   58.53235   58.32903   58.11936   57.90326   57.68060   57.45127   57.21515   56.97212   56.72205   56.46482   56.20028   55.92830   55.64874   55.36145   55.06629   54.76309   54.45170   54.13196   53.80369   53.46674   53.12092   52.76606   52.40197   52.02846   51.64535   51.25243   50.84952   50.43639   50.01286   49.57870   49.13371   48.67766   48.21035   47.73154   47.24101   46.73853   46.22389   45.69684   45.15716   44.60461   44.03898   43.46002   42.86752   42.26124   41.64098   41.00650   40.35761   39.69409   39.01576   38.32241   37.61387   36.88998   36.15057   35.39551   34.62468   33.83796   33.03526   32.21652   31.38170   30.53077   29.66374   28.78064   27.88154   26.96654   26.03575   25.08936   24.12755   23.15058   22.15872   21.15230   20.13167   19.09726   18.04950   16.98889   15.91598   14.83134   13.73561   12.62944   11.51355   10.38868    9.25561    8.11517    6.96821    5.81559    4.65823    3.49704    2.33297    1.16697    0.00000
   0.00000    1.19341    2.38579    3.57612    4.76340    5.94662    7.12482    8.29702    9.46231   10.61980   11.76861   12.90793   14.03698   15.15500   16.26131   17.35526   18.43623   19.50368   20.55709   21.59600   22.62000   23.62871   24.62183   25.59905   26.56016   27.50494   28.43326   29.34498   30.24003   31.11835   31.97994   32.82479   33.65294   34.46447   35.25946   36.03801   36.80025   37.54634   38.27643   38.99069   39.68931   40.37250   41.04046   41.69341   42.33157   42.95518   43.56446   44.15965   44.74100   45.30875   45.86315   46.40443   46.93284   47.44864   47.95205   48.44332   48.92270   49.39041   49.84669   50.29177   50.72588   51.14925   51.56208   51.96460   52.35702   52.73954   53.11237   53.47571   53.82976   54.17469   54.51070   54.83797   55.15667   55.46698   55.76906   56.06308   56.34919   56.62756   56.89832   57.16163   57.41762   57.66643   57.90821   58.14307   58.37114   58.59254   58.80739   59.01581   59.21790   59.41377   59.60352   59.78726   59.96507   60.13706   60.30331   60.46390   60.61893   60.76846   60.91258   61.05137   61.18488   61.31319   61.43637   61.55448   61.66757   61.77571   61.87895   61.97734   62.07093   62.15976   62.24389   62.32334   62.39817   62.46841   62.53410   62.59526   62.65193   62.70413   62.75189   62.79524   62.83419   62.86877   62.89898   62.92486   62.94640   62.96362   62.97653   62.98513   62.98943   62.98943   62.98513   62.97653   62.96362   62.94640   62.92486   62.89898   62.86877   62.83419   62.79524   62.75189   62.70413   62.65193   62.59526   62.53410   62.46841   62.39817   62.32334   62.24389   62.15976   62.07093   61.97734   61.87895   61.77571   61.66757   61.55448   61.43637   61.31319   61.18488   61.05137   60.91258   60.76846   60.61893   60.46390   60.30331   60.13706   59.96507   59.78726   59.60352   59.41377   59.21790   59.01581   58.80739   58.59254   58.37114   58.14307   57.90821   57.66643   57.41762   57.16163   56.89832   56.62756   56.34919   56.06308   55.76906   55.46698   55.15667   54.83797   54.51070   54.17469   53.82976   53.47571   53.11237   52.73954   52.35702   51.96460   51.56208   51.14925   50.72588   50.29177   49.84669   49.39041   48.92270   48.44332   47.95205   47.44864   46.93284   46.40443   45.86315   45.30875   44.74100   44.15965   43.56446   42.95518   42.33157   41.69341   41.04046   40.37250   39.68931   38.99069   38.27643   37.54634   36.80025   36.03801   35.25946   34.46447   33.65294   32.82479   31.97994   31.11835   30.24003   29.34498   28.43326   27.50494   26.56016   25.59905   24.62183   23.62871   22.62000   21.59600   20.55709   19.50368   18.43623   17.35526   16.26131   15.15500   14.03698   12.90793   11.76861   10.61980    9.46231    8.29702    7.12482    5.94662    4.76340    3.57612    2.38579    1.19341    0.00000
   0.00000    1.22087    2.44066    3.65827    4.87263    6.08269    7.28741    8.48578    9.67683   10.85959   12.03317   13.19670   14.34936   15.49037   16.61901   17.73459   18.83649   19.92414   20.99700   22.05462   23.09656   24.12245   25.13198   26.12487   27.10088   28.05982   29.00157   29.92600   30.83305   31.72268   32.59490   33.44974   34.28726   35.10753   35.91067   36.69681   37.46610   38.21870   38.95480   39.67460   40.37831   41.06614   41.73833   42.39511   43.03673   43.66343   44.27548   44.87313   45.45663   46.02625   46.58225   47.12489   47.65442   48.17112   48.67523   49.16701   49.64671   50.11459   50.57087   51.01582   51.44966   51.87263   52.28496   52.68687   53.07858   53.46031   53.83227   54.19467   54.54770   54.89156   55.22645   55.55255   55.87004   56.17910   56.47990   56.77262   57.05740   57.33442   57.60382   57.86575   58.12036   58.36779   58.60818   58.84165   59.06834   59.28837   59.50185   59.70891   59.90966   60.10420   60.29265   60.47509   60.65163   60.82237   60.98739   61.14678   61.30063   61.44901   61.59201   61.72970   61.86215   61.98943   62.11160   62.22874   62.34089   62.44813   62.55049   62.64804   62.74083   62.82889   62.91229   62.99105   63.06522   63.13484   63.19994   63.26056   63.31672   63.36845   63.41578   63.45873   63.49733   63.53159   63.56153   63.58717   63.60851   63.62558   63.63836   63.64689   63.65115   63.65115   63.64689   63.63836   63.62558   63.60851   63.58717   63.56153   63.53159   63.49733   63.45873   63.41578   63.36845   63.31672   63.26056   63.19994   63.13484   63.06522   62.99105   62.91229   62.82889   62.74083   62.64804   62.55049   62.44813   62.34089   62.22874   62.11160   61.98943   61.86215   61.72970   61.59201   61.44901   61.30063   61.14678   60.98739   60.82237   60.65163   60.47509   60.29265   60.10420   59.90966   59.70891   59.50185   59.28837   59.06834   58.84165   58.60818   58.36779   58.12036   57.86575   57.60382   57.33442   57.05740   56.77262   56.47990   56.17910   55.87004   55.55255   55.22645   54.89156   54.54770   54.19467   53.83227   53.46031   53.07858   52.68687   52.28496   51.87263   51.44966   51.01582   50.57087   50.11459   49.64671   49.16701   48.67523   48.17112   47.65442   47.12489   46.58225   46.02625   45.45663   44.87313   44.27548   43.66343   43.03673   42.39511   41.73833   41.06614   40.37831   39.67460   38.95480   38.21870   37.46610   36.69681   35.91067   35.10753   34.28726   33.44974   32.59490   31.72268   30.83305   29.92600   29.00157   28.05982   27.10088   26.12487   25.13198   24.12245   23.09656   22.05462   20.99700   19.92414   18.83649   17.73459   16.61901   15.49037   14.34936   13.19670   12.03317   10.85959    9.67683    8.48578    7.28741    6.08269    4.87263    3.65827    2.44066    1.22087    0.00000
   0.00000    1.24943    2.49770    3.74366    4.98616    6.22410    7.45636    8.68188    9.89961   11.10857   12.30778   13.49635   14.67340   15.83812   16.98976   18.12760   19.25101   20.35937   21.45217   22.52891   23.58916   24.63256   25.65878   26.66756   27.65866   28.63191   29.58719   30.52439   31.44347   32.34442   33.22726   34.09202   34.93881   35.76772   36.57889   37.37247   38.14863   38.90757   39.64949   40.37461   41.08318   41.77542   42.45160   43.11197   43.75680   44.38635   45.00091   45.60075   46.18614   46.75737   47.31471   47.85845   48.38885   48.90619   49.41074   49.90278   50.38256   50.85035   51.30640   51.75097   52.18431   52.60666   53.01825   53.41933   53.81013   54.19085   54.56173   54.92298   55.27481   55.61741   55.95099   56.27574   56.59184   56.89948   57.19884   57.49008   57.77338   58.04889   58.31678   58.57720   58.83029   59.07620   59.31506   59.54702   59.77221   59.99074   60.20274   60.40834   60.60763   60.80074   60.98778   61.16883   61.34401   61.51340   61.67711   61.83521   61.98780   62.13495   62.27675   62.41327   62.54459   62.67077   62.79188   62.90798   63.01914   63.12541   63.22685   63.32351   63.41545   63.50270   63.58532   63.66335   63.73683   63.80579   63.87027   63.93031   63.98593   64.03717   64.08405   64.12659   64.16481   64.19874   64.22839   64.25378   64.27491   64.29181   64.30447   64.31291   64.31713   64.31713   64.31291   64.30447   64.29181   64.27491   64.25378   64.22839   64.19874   64.16481   64.12659   64.08405   64.03717   63.98593   63.93031   63.87027   63.80579   63.73683   63.66335   63.58532   63.50270   63.41545   63.32351   63.22685   63.12541   63.01914   62.90798   62.79188   62.67077   62.54459   62.41327   62.27675   62.13495   61.98780   61.83521   61.67711   61.51340   61.34401   61.16883   60.98778   60.80074   60.60763   60.40834   60.20274   59.99074   59.77221   59.54702   59.31506   59.07620   58.83029   58.57720   58.31678   58.04889   57.77338   57.49008   57.19884   56.89948   56.59184   56.27574   55.95099   55.61741   55.27481   54.92298   54.56173   54.19085   53.81013   53.41933   53.01825   52.60666   52.18431   51.75097   51.30640   50.85035   50.38256   49.90278   49.41074   48.90619   48.38885   47.85845   47.31471   46.75737   46.18614   45.60075   45.00091   44.38635   43.75680   43.11197   42.45160   41.77542   41.08318   40.37461   39.64949   38.90757   38.14863   37.37247   36.57889   35.76772   34.93881   34.09202   33.22726   32.34442   31.44347   30.52439   29.58719   28.63191   27.65866   26.66756   25.65878   24.63256   23.58916   22.52891   21.45217   20.35937   19.25101   18.12760   16.98976   15.83812   14.67340   13.49635   12.30778   11.10857    9.89961    8.68188    7.45636    6.22410    4.98616    3.74366    2.49770    1.24943    0.00000
   0.00000    1.27914    2.55705    3.83250    5.10427    6.37118    7.63205    8.88575   10.13118   11.36728   12.59304   13.80751   15.00976   16.19896   17.37430   18.53506   19.68056   20.81019   21.92339   23.01968   24.09862   25.15985   26.20304   27.22792   28.23429   29.22198   30.19088   31.14091   32.07204   32.98428   33.87767   34.75229   35.60824   36.44566   37.26470   38.06554   38.84838   39.61345   40.36097   41.09119   41.80437   42.50077   43.18068   43.84437   44.49214   45.12427   45.74106   46.34282   46.92982   47.50238   48.06079   48.60534   49.13633   49.65405   50.15878   50.65080   51.13040   51.59785   52.05341   52.49736   52.92995   53.35144   53.76207   54.16209   54.55174   54.93124   55.30083   55.66073   56.01114   56.35228   56.68436   57.00757   57.32210   57.62815   57.92589   58.21549   58.49714   58.77100   59.03722   59.29597   59.54740   59.79165   60.02886   60.25918   60.48273   60.69964   60.91005   61.11406   61.31179   61.50337   61.68888   61.86845   62.04216   62.21013   62.37243   62.52916   62.68041   62.82625   62.96678   63.10206   63.23217   63.35718   63.47716   63.59216   63.70227   63.80752   63.90798   64.00371   64.09475   64.18115   64.26295   64.34020   64.41295   64.48122   64.54505   64.60448   64.65954   64.71026   64.75665   64.79876   64.83659   64.87017   64.89951   64.92464   64.94555   64.96227   64.97481   64.98316   64.98733   64.98733   64.98316   64.97481   64.96227   64.94555   64.92464   64.89951   64.87017   64.83659   64.79876   64.75665   64.71026   64.65954   64.60448   64.54505   64.48122   64.41295   64.34020   64.26295   64.18115   64.09475   64.00371   63.90798   63.80752   63.70227   63.59216   63.47716   63.35718   63.23217   63.10206   62.96678   62.82625   62.68041   62.52916   62.37243   62.21013   62.04216   61.86845   61.68888   61.50337   61.31179   61.11406   60.91005   60.69964   60.48273   60.25918   60.02886   59.79165   59.54740   59.29597   59.03722   58.77100   58.49714   58.21549   57.92589   57.62815   57.32210   57.00757   56.68436   56.35228   56.01114   55.66073   55.30083   54.93124   54.55174   54.16209   53.76207   53.35144   52.92995   52.49736   52.05341   51.59785   51.13040   50.65080   50.15878   49.65405   49.13633   48.60534   48.06079   47.50238   46.92982   46.34282   45.74106   45.12427   44.49214   43.84437   43.18068   42.50077   41.80437   41.09119   40.36097   39.61345   38.84838   38.06554   37.26470   36.44566   35.60824   34.75229   33.87767   32.98428   32.07204   31.14091   30.19088   29.22198   28.23429   27.22792   26.20304   25.15985   24.09862   23.01968   21.92339   20.81019   19.68056   18.53506   17.37430   16.19896   15.00976   13.80751   12.59304   11.36728   10.13118    8.88575    7.63205    6.37118    5.10427    3.83250    2.55705    1.27914    0.00000
   0.00000    1.31009    2.61886    3.92501    5.22724    6.52429    7.81491    9.09789   10.37208   11.63634   12.88961   14.13088   15.35919   16.57365   17.77343   18.95778   20.12598   21.27742   22.41153   23.52780   24.62581   25.70517   26.76559   27.80680   28.82860   29.83084   30.81344   31.77632   32.71950   33.64299   34.54686   35.43122   36.29621   37.14197   37.96870   38.77661   39.56592   40.33688   41.08975   41.82481   42.54233   43.24262   43.92597   44.59270   45.24311   45.87753   46.49626   47.09963   47.68795   48.26154   48.82072   49.36580   49.89709   50.41489   50.91951   51.41125   51.89039   52.35723   52.81204   53.25511   53.68670   54.10707   54.51650   54.91522   55.30349   55.68155   56.04963   56.40795   56.75675   57.09623   57.42661   57.74808   58.06086   58.36512   58.66107   58.94887   59.22870   59.50073   59.76514   60.02207   60.27169   60.51413   60.74955   60.97809   61.19988   61.41506   61.62374   61.82606   62.02212   62.21205   62.39594   62.57392   62.74608   62.91251   63.07332   63.22859   63.37841   63.52287   63.66205   63.79601   63.92485   64.04862   64.16741   64.28126   64.39025   64.49443   64.59386   64.68860   64.77869   64.86419   64.94513   65.02157   65.09354   65.16108   65.22424   65.28303   65.33749   65.38766   65.43356   65.47520   65.51262   65.54583   65.57486   65.59971   65.62039   65.63693   65.64933   65.65759   65.66171   65.66171   65.65759   65.64933   65.63693   65.62039   65.59971   65.57486   65.54583   65.51262   65.47520   65.43356   65.38766   65.33749   65.28303   65.22424   65.16108   65.09354   65.02157   64.94513   64.86419   64.77869   64.68860   64.59386   64.49443   64.39025   64.28126   64.16741   64.04862   63.92485   63.79601   63.66205   63.52287   63.37841   63.22859   63.07332   62.91251   62.74608   62.57392   62.39594   62.21205   62.02212   61.82606   61.62374   61.41506   61.19988   60.97809   60.74955   60.51413   60.27169   60.02207   59.76514   59.50073   59.22870   58.94887   58.66107   58.36512   58.06086   57.74808   57.42661   57.09623   56.75675   56.40795   56.04963   55.68155   55.30349   54.91522   54.51650   54.10707   53.68670   53.25511   52.81204   52.35723   51.89039   51.41125   50.91951   50.41489   49.89709   49.36580   48.82072   48.26154   47.68795   47.09963   46.49626   45.87753   45.24311   44.59270   43.92597   43.24262   42.54233   41.82481   41.08975   40.33688   39.56592   38.77661   37.96870   37.14197   36.29621   35.43122   34.54686   33.64299   32.71950   31.77632   30.81344   29.83084   28.82860   27.80680   26.76559   25.70517   24.62581   23.52780   22.41153   21.27742   20.12598   18.95778   17.77343   16.57365   15.35919   14.13088   12.88961   11.63634   10.37208    9.09789    7.81491    6.52429    5.22724    3.92501    2.61886    1.31009    0.00000
   0.00000    1.34235    2.68329    4.02144    5.35540    6.68383    8.00541    9.31884   10.62289   11.91638   13.19817   14.46720   15.72246   16.96302   18.18800   19.39663   20.58817   21.76199   22.91749   24.05419   25.17163   26.26945   27.34735   28.40508   29.44246   30.45936   31.45570   32.43145   33.38664   34.32131   35.23556   36.12954   37.00339   37.85732   38.69153   39.50628   40.30181   41.07840   41.83635   42.57596   43.29753   44.00140   44.68790   45.35735   46.01009   46.64647   47.26682   47.87149   48.46081   49.03512   49.59476   50.14005   50.67133   51.18892   51.69314   52.18429   52.66269   53.12863   53.58242   54.02433   54.45465   54.87366   55.28163   55.67881   56.06546   56.44184   56.80817   57.16471   57.51167   57.84928   58.17775   58.49730   58.80812   59.11042   59.40439   59.69021   59.96805   60.23811   60.50053   60.75549   61.00314   61.24364   61.47713   61.70376   61.92366   62.13697   62.34381   62.54431   62.73858   62.92675   63.10893   63.28521   63.45571   63.62053   63.77975   63.93347   64.08179   64.22478   64.36252   64.49510   64.62259   64.74507   64.86259   64.97522   65.08304   65.18609   65.28444   65.37813   65.46723   65.55178   65.63182   65.70740   65.77857   65.84535   65.90778   65.96591   66.01975   66.06934   66.11471   66.15587   66.19286   66.22569   66.25438   66.27894   66.29939   66.31573   66.32798   66.33614   66.34023   66.34023   66.33614   66.32798   66.31573   66.29939   66.27894   66.25438   66.22569   66.19286   66.15587   66.11471   66.06934   66.01975   65.96591   65.90778   65.84535   65.77857   65.70740   65.63182   65.55178   65.46723   65.37813   65.28444   65.18609   65.08304   64.97522   64.86259   64.74507   64.62259   64.49510   64.36252   64.22478   64.08179   63.93347   63.77975   63.62053   63.45571   63.28521   63.10893   62.92675   62.73858   62.54431   62.34381   62.13697   61.92366   61.70376   61.47713   61.24364   61.00314   60.75549   60.50053   60.23811   59.96805   59.69021   59.40439   59.11042   58.80812   58.49730   58.17775   57.84928   57.51167   57.16471   56.80817   56.44184   56.06546   55.67881   55.28163   54.87366   54.45465   54.02433   53.58242   53.12863   52.66269   52.18429   51.69314   51.18892   50.67133   50.14005   49.59476   49.03512   48.46081   47.87149   47.26682   46.64647   46.01009   45.35735   44.68790   44.00140   43.29753   42.57596   41.83635   41.07840   40.30181   39.50628   38.69153   37.85732   37.00339   36.12954   35.23556   34.32131   33.38664   32.43145   31.45570   30.45936   29.44246   28.40508   27.34735   26.26945   25.17163   24.05419   22.91749   21.76199   20.58817   19.39663   18.18800   16.96302   15.72246   14.46720   13.19817   11.91638   10.62289    9.31884    8.00541    6.68383    5.35540    4.02144    2.68329    1.34235    0.00000
   0.00000    1.37601    2.75053    4.12205    5.48910    6.85024    8.20405    9.54917   10.88428   12.20812   13.51950   14.81729   16.10044   17.36795   18.61894   19.85257   21.06810   22.26486   23.44228   24.59982   25.73707   26.85366   27.94928   29.02372   30.07681   31.10844   32.11855   33.10715   34.07429   35.02004   35.94455   36.84797   37.73051   38.59238   39.43384   40.25516   41.05663   41.83857   42.60129   43.34513   44.07044   44.77757   45.46687   46.13870   46.79344   47.43144   48.05307   48.65869   49.24867   49.82337   50.38314   50.92832   51.45927   51.97633   52.47983   52.97009   53.44744   53.91220   54.36467   54.80515   55.23393   55.65130   56.05754   56.45293   56.83771   57.21216   57.57652   57.93104   58.27594   58.61146   58.93782   59.25524   59.56392   59.86406   60.15586   60.43952   60.71521   60.98311   61.24339   61.49622   61.74176   61.98016   62.21158   62.43616   62.65403   62.86534   63.07022   63.26878   63.46116   63.64746   63.82780   64.00229   64.17104   64.33413   64.49168   64.64377   64.79049   64.93193   65.06817   65.19929   65.32536   65.44646   65.56265   65.67401   65.78059   65.88246   65.97967   66.07227   66.16033   66.24388   66.32298   66.39766   66.46797   66.53396   66.59564   66.65306   66.70626   66.75525   66.80006   66.84073   66.87726   66.90969   66.93803   66.96229   66.98248   66.99863   67.01073   67.01879   67.02282   67.02282   67.01879   67.01073   66.99863   66.98248   66.96229   66.93803   66.90969   66.87726   66.84073   66.80006   66.75525   66.70626   66.65306   66.59564   66.53396   66.46797   66.39766   66.32298   66.24388   66.16033   66.07227   65.97967   65.88246   65.78059   65.67401   65.56265   65.44646   65.32536   65.19929   65.06817   64.93193   64.79049   64.64377   64.49168   64.33413   64.17104   64.00229   63.82780   63.64746   63.46116   63.26878   63.07022   62.86534   62.65403   62.43616   62.21158   61.98016   61.74176   61.49622   61.24339   60.98311   60.71521   60.43952   60.15586   59.86406   59.56392   59.25524   58.93782   58.61146   58.27594   57.93104   57.57652   57.21216   56.83771   56.45293   56.05754   55.65130   55.23393   54.80515   54.36467   53.91220   53.44744   52.97009   52.47983   51.97633   51.45927   50.92832   50.38314   49.82337   49.24867   48.65869   48.05307   47.43144   46.79344   46.13870   45.46687   44.77757   44.07044   43.34513   42.60129   41.83857   41.05663   40.25516   39.43384   38.59238   37.73051   36.84797   35.94455   35.02004   34.07429   33.10715   32.11855   31.10844   30.07681   29.02372   27.94928   26.85366   25.73707   24.59982   23.44228   22.26486   21.06810   19.85257   18.61894   17.36795   16.10044   14.81729   13.51950   12.20812   10.88428    9.54917    8.20405    6.85024    5.48910    4.12205    2.75053    1.37601    0.00000
   0.00000    1.41118    2.82076    4.22712    5.62871    7.02396    8.41138    9.78950   11.15693   12.51233   13.85442   15.18203   16.49404   17.78942   19.06722   20.32660   21.56679   22.78709   23.98692   25.16576   26.32318   27.45882   28.57240   29.66371   30.73262   31.77903   32.80292   33.80432   34.78332   35.74003   36.67462   37.58730   38.47829   39.34785   40.19628   41.02389   41.83100   42.61795   43.38511   44.13285   44.86153   45.57155   46.26330   46.93715   47.59352   48.23277   48.85532   49.46154   50.05183   50.62655   51.18610   51.73083   52.26111   52.77730   53.27975   53.76880   54.24480   54.70806   55.15891   55.59766   56.02461   56.44007   56.84432   57.23764   57.62031   57.99258   58.35472   58.70698   59.04960   59.38281   59.70684   60.02192   60.32825   60.62604   60.91549   61.19680   61.47015   61.73572   61.99370   62.24424   62.48751   62.72367   62.95287   63.17526   63.39097   63.60016   63.80294   63.99945   64.18981   64.37413   64.55253   64.72512   64.89201   65.05329   65.20907   65.35944   65.50448   65.64429   65.77894   65.90852   66.03310   66.15276   66.26756   66.37757   66.48286   66.58348   66.67950   66.77096   66.85792   66.94044   67.01854   67.09229   67.16172   67.22686   67.28776   67.34446   67.39697   67.44533   67.48957   67.52971   67.56578   67.59779   67.62575   67.64970   67.66963   67.68557   67.69751   67.70547   67.70945   67.70945   67.70547   67.69751   67.68557   67.66963   67.64970   67.62575   67.59779   67.56578   67.52971   67.48957   67.44533   67.39697   67.34446   67.28776   67.22686   67.16172   67.09229   67.01854   66.94044   66.85792   66.77096   66.67950   66.58348   66.48286   66.37757   66.26756   66.15276   66.03310   65.90852   65.77894   65.64429   65.50448   65.35944   65.20907   65.05329   64.89201   64.72512   64.55253   64.37413   64.18981   63.99945   63.80294   63.60016   63.39097   63.17526   62.95287   62.72367   62.48751   62.24424   61.99370   61.73572   61.47015   61.19680   60.91549   60.62604   60.32825   60.02192   59.70684   59.38281   59.04960   58.70698   58.35472   57.99258   57.62031   57.23764   56.84432   56.44007   56.02461   55.59766   55.15891   54.70806   54.24480   53.76880   53.27975   52.77730   52.26111   51.73083   51.18610   50.62655   50.05183   49.46154   48.85532   48.23277   47.59352   46.93715   46.26330   45.57155   44.86153   44.13285   43.38511   42.61795   41.83100   41.02389   40.19628   39.34785   38.47829   37.58730   36.67462   35.74003   34.78332   33.80432   32.80292   31.77903   30.73262   29.66371   28.57240   27.45882   26.32318   25.16576   23.98692   22.78709   21.56679   20.32660   19.06722   17.78942   16.49404   15.18203   13.85442   12.51233   11.15693    9.78950    8.41138    7.02396    5.62871    4.22712    2.82076    1.41118    0.00000
   0.00000    1.44796    2.89419    4.33698    5.77465    7.20552    8.62800   10.04053   11.44161   12.82983   14.20384   15.56237   16.90427   18.22846   19.53394   20.81984   22.08536   23.32980   24.55256   25.75312   26.93106   28.08604   29.21779   30.32612   31.41092   32.47213   33.50977   34.52390   35.51464   36.48214   37.42662   38.34831   39.24749   40.12446   40.97955   41.81311   42.62551   43.41713   44.18836   44.93961   45.67129   46.38382   47.07762   47.75310   48.41070   49.05083   49.67390   50.28033   50.87054   51.44492   52.00387   52.54778   53.07703   53.59201   54.09307   54.58058   55.05488   55.51633   55.96525   56.40197   56.82680   57.24005   57.64203   58.03301   58.41329   58.78313   59.14281   59.49257   59.83266   60.16334   60.48482   60.79734   61.10111   61.39635   61.68326   61.96204   62.23287   62.49595   62.75144   62.99953   63.24037   63.47414   63.70097   63.92103   64.13445   64.34138   64.54194   64.73627   64.92449   65.10672   65.28307   65.45366   65.61859   65.77796   65.93187   66.08043   66.22370   66.36179   66.49478   66.62275   66.74577   66.86391   66.97726   67.08586   67.18980   67.28912   67.38389   67.47415   67.55998   67.64140   67.71847   67.79124   67.85974   67.92402   67.98410   68.04003   68.09183   68.13954   68.18318   68.22278   68.25835   68.28992   68.31751   68.34112   68.36079   68.37650   68.38828   68.39613   68.40005   68.40005   68.39613   68.38828   68.37650   68.36079   68.34112   68.31751   68.28992   68.25835   68.22278   68.18318   68.13954   68.09183   68.04003   67.98410   67.92402   67.85974   67.79124   67.71847   67.64140   67.55998   67.47415   67.38389   67.28912   67.18980   67.08586   66.97726   66.86391   66.74577   66.62275   66.49478   66.36179   66.22370   66.08043   65.93187   65.77796   65.61859   65.45366   65.28307   65.10672   64.92449   64.73627   64.54194   64.34138   64.13445   63.92103   63.70097   63.47414   63.24037   62.99953   62.75144   62.49595   62.23287   61.96204   61.68326   61.39635   61.10111   60.79734   60.48482   60.16334   59.83266   59.49257   59.14281   58.78313   58.41329   58.03301   57.64203   57.24005   56.82680   56.40197   55.96525   55.51633   55.05488   54.58058   54.09307   53.59201   53.07703   52.54778   52.00387   51.44492   50.87054   50.28033   49.67390   49.05083   48.41070   47.75310   47.07762   46.38382   45.67129   44.93961   44.18836   43.41713   42.62551   41.81311   40.97955   40.12446   39.24749   38.34831   37.42662   36.48214   35.51464   34.52390   33.50977   32.47213   31.41092   30.32612   29.21779   28.08604   26.93106   25.75312   24.55256   23.32980   22.08536   20.81984   19.53394   18.22846   16.90427   15.56237   14.20384   12.82983   11.44161   10.04053    8.62800    7.20552    5.77465    4.33698    2.89419    1.44796    0.00000
   0.00000    1.48646    2.97106    4.45197    5.92737    7.39548    8.85458   10.30301   11.73917   13.16154   14.56871   15.95935   17.33222   18.68619   20.02024   21.33345   22.62500   23.89418   25.14039   26.36310   27.56191   28.73649   29.88659   31.01206   32.11280   33.18881   34.24014   35.26687   36.26918   37.24727   38.20139   39.13183   40.03890   40.92295   41.78435   42.62350   43.44081   44.23669   45.01159   45.76595   46.50021   47.21482   47.91025   48.58694   49.24535   49.88593   50.50912   51.11536   51.70508   52.27872   52.83668   53.37939   53.90724   54.42063   54.91994   55.40555   55.87783   56.33713   56.78379   57.21816   57.64056   58.05131   58.45072   58.83909   59.21671   59.58385   59.94080   60.28782   60.62515   60.95306   61.27177   61.58151   61.88252   62.17500   62.45917   62.73522   63.00335   63.26375   63.51660   63.76206   64.00032   64.23153   64.45586   64.67344   64.88442   65.08896   65.28717   65.47920   65.66516   65.84518   66.01938   66.18785   66.35072   66.50809   66.66004   66.80669   66.94812   67.08441   67.21565   67.34193   67.46331   67.57988   67.69169   67.79883   67.90135   67.99931   68.09277   68.18180   68.26643   68.34672   68.42271   68.49446   68.56199   68.62536   68.68459   68.73973   68.79079   68.83782   68.88084   68.91986   68.95493   68.98604   69.01323   69.03651   69.05589   69.07138   69.08298   69.09072   69.09459   69.09459   69.09072   69.08298   69.07138   69.05589   69.03651   69.01323   68.98604   68.95493   68.91986   68.88084   68.83782   68.79079   68.73973   68.68459   68.62536   68.56199   68.49446   68.42271   68.34672   68.26643   68.18180   68.09277   67.99931   67.90135   67.79883   67.69169   67.57988   67.46331   67.34193   67.21565   67.08441   66.94812   66.80669   66.66004   66.50809   66.35072   66.18785   66.01938   65.84518   65.66516   65.47920   65.28717   65.08896   64.88442   64.67344   64.45586   64.23153   64.00032   63.76206   63.51660   63.26375   63.00335   62.73522   62.45917   62.17500   61.88252   61.58151   61.27177   60.95306   60.62515   60.28782   59.94080   59.58385   59.21671   58.83909   58.45072   58.05131   57.64056   57.21816   56.78379   56.33713   55.87783   55.40555   54.91994   54.42063   53.90724   53.37939   52.83668   52.27872   51.70508   51.11536   50.50912   49.88593   49.24535   48.58694   47.91025   47.21482   46.50021   45.76595   45.01159   44.23669   43.44081   42.62350   41.78435   40.92295   40.03890   39.13183   38.20139   37.24727   36.26918   35.26687   34.24014   33.18881   32.11280   31.01206   29.88659   28.73649   27.56191   26.36310   25.14039   23.89418   22.62500   21.33345   20.02024   18.68619   17.33222   15.95935   14.56871   13.16154   11.73917   10.30301    8.85458    7.39548    5.92737    4.45197    2.97106    1.48646    0.00000
   0.00000    1.52681    3.05163    4.57247    6.08738    7.59445    9.09184   10.57775   12.05050   13.50846   14.95013   16.37410   17.77907   19.16385   20.52739   21.86872   23.18702   24.48155   25.75171   26.99699   28.21700   29.41141   30.58003   31.72272   32.83943   33.93019   34.99508   36.03427   37.04795   38.03638   38.99986   39.93872   40.85333   41.74409   42.61141   43.45574   44.27753   45.07725   45.85537   46.61238   47.34876   48.06501   48.76162   49.43907   50.09784   50.73843   51.36129   51.96690   52.55571   53.12818   53.68475   54.22585   54.75191   55.26333   55.76052   56.24387   56.71376   57.17056   57.61463   58.04632   58.46598   58.87392   59.27046   59.65592   60.03060   60.39478   60.74874   61.09275   61.42708   61.75197   62.06768   62.37443   62.67245   62.96197   63.24319   63.51633   63.78157   64.03911   64.28913   64.53181   64.76732   64.99582   65.21748   65.43244   65.64085   65.84286   66.03860   66.22820   66.41178   66.58948   66.76140   66.92766   67.08837   67.24362   67.39353   67.53818   67.67766   67.81207   67.94149   68.06600   68.18567   68.30059   68.41081   68.51641   68.61746   68.71400   68.80611   68.89383   68.97722   69.05633   69.13120   69.20189   69.26842   69.33084   69.38919   69.44350   69.49379   69.54011   69.58248   69.62092   69.65545   69.68610   69.71287   69.73579   69.75488   69.77013   69.78156   69.78918   69.79299   69.79299   69.78918   69.78156   69.77013   69.75488   69.73579   69.71287   69.68610   69.65545   69.62092   69.58248   69.54011   69.49379   69.44350   69.38919   69.33084   69.26842   69.20189   69.13120   69.05633   68.97722   68.89383   68.80611   68.71400   68.61746   68.51641   68.41081   68.30059   68.18567   68.06600   67.94149   67.81207   67.67766   67.53818   67.39353   67.24362   67.08837   66.92766   66.76140   66.58948   66.41178   66.22820   66.03860   65.84286   65.64085   65.43244   65.21748   64.99582   64.76732   64.53181   64.28913   64.03911   63.78157   63.51633   63.24319   62.96197   62.67245   62.37443   62.06768   61.75197   61.42708   61.09275   60.74874   60.39478   60.03060   59.65592   59.27046   58.87392   58.46598   58.04632   57.61463   57.17056   56.71376   56.24387   55.76052   55.26333   54.75191   54.22585   53.68475   53.12818   52.55571   51.96690   51.36129   50.73843   50.09784   49.43907   48.76162   48.06501   47.34876   46.61238   45.85537   45.07725   44.27753   43.45574   42.61141   41.74409   40.85333   39.93872   38.99986   38.03638   37.04795   36.03427   34.99508   33.93019   32.83943   31.72272   30.58003   29.41141   28.21700   26.99699   25.75171   24.48155   23.18702   21.86872   20.52739   19.16385   17.77907   16.37410   14.95013   13.50846   12.05050   10.57775    9.09184    7.59445    6.08738    4.57247    3.05163    1.52681    0.00000
   0.00000    1.56917    3.13618    4.69890    6.25523    7.80311    9.34056   10.86567   12.37661   13.87167   15.34925   16.80784   18.24610   19.66276   21.05674   22.42703   23.77279   25.09329   26.38791   27.65616   28.89766   30.11214   31.29940   32.45935   33.59201   34.69742   35.77574   36.82717   37.85197   38.85044   39.82294   40.76986   41.69161   42.58866   43.46146   44.31052   45.13632   45.93939   46.72025   47.47943   48.21745   48.93485   49.63215   50.30987   50.96853   51.60864   52.23071   52.83523   53.42269   53.99355   54.54830   55.08737   55.61122   56.12027   56.61494   57.09564   57.56278   58.01672   58.45785   58.88653   59.30310   59.70791   60.10129   60.48354   60.85499   61.21592   61.56662   61.90737   62.23844   62.56008   62.87254   63.17607   63.47089   63.75723   64.03531   64.30533   64.56749   64.82199   65.06901   65.30873   65.54132   65.76696   65.98580   66.19799   66.40369   66.60304   66.79616   66.98321   67.16430   67.33955   67.50909   67.67302   67.83146   67.98451   68.13227   68.27483   68.41229   68.54473   68.67224   68.79491   68.91280   69.02599   69.13455   69.23856   69.33806   69.43313   69.52383   69.61020   69.69230   69.77018   69.84389   69.91347   69.97896   70.04040   70.09783   70.15127   70.20078   70.24636   70.28805   70.32588   70.35986   70.39002   70.41637   70.43892   70.45770   70.47271   70.48396   70.49145   70.49520   70.49520   70.49145   70.48396   70.47271   70.45770   70.43892   70.41637   70.39002   70.35986   70.32588   70.28805   70.24636   70.20078   70.15127   70.09783   70.04040   69.97896   69.91347   69.84389   69.77018   69.69230   69.61020   69.52383   69.43313   69.33806   69.23856   69.13455   69.02599   68.91280   68.79491   68.67224   68.54473   68.41229   68.27483   68.13227   67.98451   67.83146   67.67302   67.50909   67.33955   67.16430   66.98321   66.79616   66.60304   66.40369   66.19799   65.98580   65.76696   65.54132   65.30873   65.06901   64.82199   64.56749   64.30533   64.03531   63.75723   63.47089   63.17607   62.87254   62.56008   62.23844   61.90737   61.56662   61.21592   60.85499   60.48354   60.10129   59.70791   59.30310   58.88653   58.45785   58.01672   57.56278   57.09564   56.61494   56.12027   55.61122   55.08737   54.54830   53.99355   53.42269   52.83523   52.23071   51.60864   50.96853   50.30987   49.63215   48.93485   48.21745   47.47943   46.72025   45.93939   45.13632   44.31052   43.46146   42.58866   41.69161   40.76986   39.82294   38.85044   37.85197   36.82717   35.77574   34.69742   33.59201   32.45935   31.29940   30.11214   28.89766   27.65616   26.38791   25.09329   23.77279   22.42703   21.05674   19.66276   18.24610   16.80784   15.34925   13.87167   12.37661   10.86567    9.34056    7.80311    6.25523    4.69890    3.13618    1.56917    0.00000
   0.00000    1.61367    3.22501    4.83172    6.43152    8.02221    9.60163   11.16775   12.71861   14.25237   15.76734   17.26193   18.73471   20.18437   21.60976   23.00988   24.38383   25.73090   27.05048   28.34209   29.60537   30.84007   32.04606   33.22330   34.37182   35.49175   36.58330   37.64671   38.68231   39.69047   40.67161   41.62616   42.55461   43.45747   44.33527   45.18854   46.01785   46.82375   47.60683   48.36764   49.10677   49.82479   50.52225   51.19972   51.85776   52.49690   53.11768   53.72063   54.30625   54.87505   55.42751   55.96411   56.48532   56.99158   57.48333   57.96099   58.42498   58.87570   59.31353   59.73884   60.15200   60.55335   60.94323   61.32198   61.68989   62.04729   62.39445   62.73167   63.05922   63.37736   63.68634   63.98641   64.27781   64.56076   64.83548   65.10218   65.36107   65.61234   65.85618   66.09277   66.32229   66.54490   66.76077   66.97004   67.17288   67.36943   67.55981   67.74418   67.92265   68.09534   68.26238   68.42388   68.57995   68.73069   68.87620   69.01659   69.15193   69.28232   69.40785   69.52859   69.64462   69.75602   69.86286   69.96520   70.06311   70.15665   70.24587   70.33084   70.41160   70.48821   70.56070   70.62914   70.69354   70.75397   70.81044   70.86300   70.91168   70.95650   70.99750   71.03469   71.06810   71.09775   71.12366   71.14583   71.16429   71.17905   71.19011   71.19747   71.20116   71.20116   71.19747   71.19011   71.17905   71.16429   71.14583   71.12366   71.09775   71.06810   71.03469   70.99750   70.95650   70.91168   70.86300   70.81044   70.75397   70.69354   70.62914   70.56070   70.48821   70.41160   70.33084   70.24587   70.15665   70.06311   69.96520   69.86286   69.75602   69.64462   69.52859   69.40785   69.28232   69.15193   69.01659   68.87620   68.73069   68.57995   68.42388   68.26238   68.09534   67.92265   67.74418   67.55981   67.36943   67.17288   66.97004   66.76077   66.54490   66.32229   66.09277   65.85618   65.61234   65.36107   65.10218   64.83548   64.56076   64.27781   63.98641   63.68634   63.37736   63.05922   62.73167   62.39445   62.04729   61.68989   61.32198   60.94323   60.55335   60.15200   59.73884   59.31353   58.87570   58.42498   57.96099   57.48333   56.99158   56.48532   55.96411   55.42751   54.87505   54.30625   53.72063   53.11768   52.49690   51.85776   51.19972   50.52225   49.82479   49.10677   48.36764   47.60683   46.82375   46.01785   45.18854   44.33527   43.45747   42.55461   41.62616   40.67161   39.69047   38.68231   37.64671   36.58330   35.49175   34.37182   33.22330   32.04606   30.84007   29.60537   28.34209   27.05048   25.73090   24.38383   23.00988   21.60976   20.18437   18.73471   17.26193   15.76734   14.25237   12.71861   11.16775    9.60163    8.02221    6.43152    4.83172    3.22501    1.61367    0.00000
   0.00000    1.66050    3.31848    4.97145    6.61693    8.25256    9.87601   11.48508   13.07769   14.65187   16.20581   17.73784   19.24643   20.73025   22.18807   23.61887   25.02177   26.39601   27.74102   29.05634   30.34164   31.59672   32.82149   34.01596   35.18022   36.31448   37.41898   38.49406   39.54010   40.55754   41.54685   42.50856   43.44320   44.35135   45.23359   46.09053   46.92277   47.73094   48.51566   49.27754   50.01721   50.73527   51.43235   52.10902   52.76589   53.40352   54.02249   54.62335   55.20664   55.77288   56.32258   56.85625   57.37437   57.87740   58.36580   58.84002   59.30047   59.74757   60.18172   60.60330   61.01269   61.41025   61.79632   62.17124   62.53532   62.88889   63.23224   63.56565   63.88942   64.20380   64.50906   64.80544   65.09318   65.37252   65.64367   65.90686   66.16228   66.41013   66.65061   66.88389   67.11016   67.32959   67.54232   67.74854   67.94837   68.14198   68.32949   68.51104   68.68677   68.85679   69.02122   69.18017   69.33377   69.48210   69.62527   69.76338   69.89652   70.02478   70.14824   70.26698   70.38108   70.49062   70.59566   70.69628   70.79252   70.88447   70.97217   71.05568   71.13506   71.21034   71.28159   71.34883   71.41212   71.47149   71.52698   71.57862   71.62644   71.67047   71.71075   71.74728   71.78010   71.80923   71.83467   71.85646   71.87459   71.88908   71.89995   71.90718   71.91080   71.91080   71.90718   71.89995   71.88908   71.87459   71.85646   71.83467   71.80923   71.78010   71.74728   71.71075   71.67047   71.62644   71.57862   71.52698   71.47149   71.41212   71.34883   71.28159   71.21034   71.13506   71.05568   70.97217   70.88447   70.79252   70.69628   70.59566   70.49062   70.38108   70.26698   70.14824   70.02478   69.89652   69.76338   69.62527   69.48210   69.33377   69.18017   69.02122   68.85679   68.68677   68.51104   68.32949   68.14198   67.94837   67.74854   67.54232   67.32959   67.11016   66.88389   66.65061   66.41013   66.16228   65.90686   65.64367   65.37252   65.09318   64.80544   64.50906   64.20380   63.88942   63.56565   63.23224   62.88889   62.53532   62.17124   61.79632   61.41025   61.01269   60.60330   60.18172   59.74757   59.30047   58.84002   58.36580   57.87740   57.37437   56.85625   56.32258   55.77288   55.20664   54.62335   54.02249   53.40352   52.76589   52.10902   51.43235   50.73527   50.01721   49.27754   48.51566   47.73094   46.92277   46.09053   45.23359   44.35135   43.44320   42.50856   41.54685   40.55754   39.54010   38.49406   37.41898   36.31448   35.18022   34.01596   32.82149   31.59672   30.34164   29.05634   27.74102   26.39601   25.02177   23.61887   22.18807   20.73025   19.24643   17.73784   16.20581   14.65187   13.07769   11.48508    9.87601    8.25256    6.61693    4.97145    3.31848    1.66050    0.00000
   0.00000    1.70986    3.41698    5.11865    6.81221    8.49508   10.16476   11.81889   13.45520   15.07162   16.66620   18.23717   19.78295   21.30210   22.79341   24.25578   25.68834   27.09036   28.46125   29.80060   31.10813   32.38368   33.62722   34.83881   36.01864   37.16695   38.28409   39.37044   40.42649   41.45272   42.44971   43.41802   44.35829   45.27114   46.15723   47.01722   47.85178   48.66159   49.44733   50.20966   50.94925   51.66676   52.36284   53.03813   53.69325   54.32881   54.94542   55.54365   56.12407   56.68724   57.23369   57.76395   58.27850   58.77785   59.26247   59.73280   60.18930   60.63239   61.06248   61.47996   61.88523   62.27864   62.66056   63.03133   63.39127   63.74071   64.07995   64.40928   64.72900   65.03937   65.34065   65.63310   65.91696   66.19246   66.45984   66.71930   66.97105   67.21530   67.45223   67.68203   67.90488   68.12095   68.33041   68.53340   68.73009   68.92062   69.10512   69.28374   69.45660   69.62382   69.78553   69.94183   70.09285   70.23867   70.37941   70.51515   70.64600   70.77204   70.89335   71.01001   71.12211   71.22971   71.33289   71.43172   71.52625   71.61654   71.70267   71.78467   71.86261   71.93652   72.00647   72.07248   72.13461   72.19289   72.24736   72.29805   72.34499   72.38821   72.42773   72.46359   72.49580   72.52439   72.54936   72.57074   72.58853   72.60275   72.61341   72.62052   72.62407   72.62407   72.62052   72.61341   72.60275   72.58853   72.57074   72.54936   72.52439   72.49580   72.46359   72.42773   72.38821   72.34499   72.29805   72.24736   72.19289   72.13461   72.07248   72.00647   71.93652   71.86261   71.78467   71.70267   71.61654   71.52625   71.43172   71.33289   71.22971   71.12211   71.01001   70.89335   70.77204   70.64600   70.51515   70.37941   70.23867   70.09285   69.94183   69.78553   69.62382   69.45660   69.28374   69.10512   68.92062   68.73009   68.53340   68.33041   68.12095   67.90488   67.68203   67.45223   67.21530   66.97105   66.71930   66.45984   66.19246   65.91696   65.63310   65.34065   65.03937   64.72900   64.40928   64.07995   63.74071   63.39127   63.03133   62.66056   62.27864   61.88523   61.47996   61.06248   60.63239   60.18930   59.73280   59.26247   58.77785   58.27850   57.76395   57.23369   56.68724   56.12407   55.54365   54.94542   54.32881   53.69325   53.03813   52.36284   51.66676   50.94925   50.20966   49.44733   48.66159   47.85178   47.01722   46.15723   45.27114   44.35829   43.41802   42.44971   41.45272   40.42649   39.37044   38.28409   37.16695   36.01864   34.83881   33.62722   32.38368   31.10813   29.80060   28.46125   27.09036   25.68834   24.25578   22.79341   21.30210   19.78295   18.23717   16.66620   15.07162   13.45520   11.81889   10.16476    8.49508    6.81221    5.11865    3.41698    1.70986    0.00000
   0.00000    1.76195    3.52091    5.27396    7.01818    8.75079   10.46908   12.17049   13.85261   15.51320   17.15019   18.76171   20.34608   21.90182   23.42766   24.92251   26.38547   27.81582   29.21302   30.57670   31.90661   33.20266   34.46489   35.69344   36.88857   38.05061   39.17997   40.27715   41.34268   42.37716   43.38123   44.35554   45.30079   46.21769   47.10696   47.96933   48.80553   49.61631   50.40240   51.16451   51.90337   52.61967   53.31413   53.98740   54.64016   55.27306   55.88672   56.48175   57.05877   57.61833   58.16101   58.68734   59.19785   59.69304   60.17341   60.63943   61.09155   61.53021   61.95584   62.36884   62.76962   63.15853   63.53596   63.90224   64.25773   64.60273   64.93757   65.26254   65.57793   65.88402   66.18107   66.46935   66.74909   67.02054   67.28392   67.53944   67.78733   68.02778   68.26098   68.48712   68.70639   68.91894   69.12496   69.32458   69.51798   69.70529   69.88665   70.06220   70.23206   70.39637   70.55524   70.70879   70.85711   71.00033   71.13853   71.27182   71.40029   71.52402   71.64310   71.75762   71.86764   71.97323   72.07449   72.17145   72.26420   72.35279   72.43728   72.51773   72.59417   72.66668   72.73528   72.80003   72.86096   72.91811   72.97152   73.02123   73.06726   73.10964   73.14839   73.18355   73.21513   73.24316   73.26764   73.28860   73.30604   73.31999   73.33044   73.33740   73.34088   73.34088   73.33740   73.33044   73.31999   73.30604   73.28860   73.26764   73.24316   73.21513   73.18355   73.14839   73.10964   73.06726   73.02123   72.97152   72.91811   72.86096   72.80003   72.73528   72.66668   72.59417   72.51773   72.43728   72.35279   72.26420   72.17145   72.07449   71.97323   71.86764   71.75762   71.64310   71.52402   71.40029   71.27182   71.13853   71.00033   70.85711   70.70879   70.55524   70.39637   70.23206   70.06220   69.88665   69.70529   69.51798   69.32458   69.12496   68.91894   68.70639   68.48712   68.26098   68.02778   67.78733   67.53944   67.28392   67.02054   66.74909   66.46935   66.18107   65.88402   65.57793   65.26254   64.93757   64.60273   64.25773   63.90224   63.53596   63.15853   62.76962   62.36884   61.95584   61.53021   61.09155   60.63943   60.17341   59.69304   59.19785   58.68734   58.16101   57.61833   57.05877   56.48175   55.88672   55.27306   54.64016   53.98740   53.31413   52.61967   51.90337   51.16451   50.40240   49.61631   48.80553   47.96933   47.10696   46.21769   45.30079   44.35554   43.38123   42.37716   41.34268   40.27715   39.17997   38.05061   36.88857   35.69344   34.46489   33.20266   31.90661   30.57670   29.21302   27.81582   26.38547   24.92251   23.42766   21.90182   20.34608   18.76171   17.15019   15.51320   13.85261   12.17049   10.46908    8.75079    7.01818    5.27396    3.52091    1.76195    0.00000
   0.00000    1.81701    3.63078    5.43808    7.23578    9.02082   10.79028   12.54139   14.27156   15.97838   17.65965   19.31339   20.93783   22.53145   24.09291   25.62113   27.11520   28.57443   29.99833   31.38655   32.73893   34.05546   35.33624   36.58150   37.79159   38.96693   40.10804   41.21549   42.28993   43.33202   44.34250   45.32212   46.27165   47.19187   48.08359   48.94760   49.78472   50.59573   51.38144   52.14262   52.88003   53.59445   54.28659   54.95719   55.60694   56.23654   56.84664   57.43789   58.01091   58.56630   59.10466   59.62655   60.13250   60.62305   61.09871   61.55995   62.00725   62.44107   62.86183   63.26996   63.66586   64.04991   64.42250   64.78396   65.13466   65.47492   65.80505   66.12537   66.43616   66.73771   67.03028   67.31413   67.58952   67.85668   68.11585   68.36723   68.61105   68.84750   69.07679   69.29910   69.51460   69.72348   69.92589   70.12199   70.31195   70.49590   70.67398   70.84634   71.01309   71.17437   71.33028   71.48096   71.62649   71.76700   71.90258   72.03332   72.15932   72.28066   72.39743   72.50971   72.61758   72.72111   72.82036   72.91541   73.00632   73.09314   73.17595   73.25478   73.32969   73.40073   73.46795   73.53139   73.59108   73.64707   73.69940   73.74809   73.79318   73.83469   73.87265   73.90709   73.93802   73.96547   73.98945   74.00998   74.02706   74.04072   74.05095   74.05777   74.06118   74.06118   74.05777   74.05095   74.04072   74.02706   74.00998   73.98945   73.96547   73.93802   73.90709   73.87265   73.83469   73.79318   73.74809   73.69940   73.64707   73.59108   73.53139   73.46795   73.40073   73.32969   73.25478   73.17595   73.09314   73.00632   72.91541   72.82036   72.72111   72.61758   72.50971   72.39743   72.28066   72.15932   72.03332   71.90258   71.76700   71.62649   71.48096   71.33028   71.17437   71.01309   70.84634   70.67398   70.49590   70.31195   70.12199   69.92589   69.72348   69.51460   69.29910   69.07679   68.84750   68.61105   68.36723   68.11585   67.85668   67.58952   67.31413   67.03028   66.73771   66.43616   66.12537   65.80505   65.47492   65.13466   64.78396   64.42250   64.04991   63.66586   63.26996   62.86183   62.44107   62.00725   61.55995   61.09871   60.62305   60.13250   59.62655   59.10466   58.56630   58.01091   57.43789   56.84664   56.23654   55.60694   54.95719   54.28659   53.59445   52.88003   52.14262   51.38144   50.59573   49.78472   48.94760   48.08359   47.19187   46.27165   45.32212   44.34250   43.33202   42.28993   41.21549   40.10804   38.96693   37.79159   36.58150   35.33624   34.05546   32.73893   31.38655   29.99833   28.57443   27.11520   25.62113   24.09291   22.53145   20.93783   19.31339   17.65965   15.97838   14.27156   12.54139   10.79028    9.02082    7.23578    5.43808    3.63078    1.81701    0.00000
   0.00000    1.87533    3.74710    5.61181    7.46603    9.30642   11.12983   12.93324   14.71386   16.46910   18.19664   19.89436   21.56042   23.19322   24.79141   26.35389   27.87976   29.36839   30.81930   32.23224   33.60712   34.94401   36.24310   37.50473   38.72935   39.91749   41.06977   42.18686   43.26951   44.31850   45.33464   46.31879   47.27180   48.19455   49.08792   49.95278   50.79001   51.60047   52.38501   53.14449   53.87971   54.59149   55.28060   55.94782   56.59389   57.21952   57.82541   58.41224   58.98067   59.53132   60.06480   60.58169   61.08257   61.56797   62.03842   62.49441   62.93645   63.36498   63.78046   64.18331   64.57395   64.95277   65.32015   65.67646   66.02204   66.35723   66.68236   66.99773   67.30364   67.60037   67.88820   68.16739   68.43818   68.70083   68.95556   69.20259   69.44213   69.67440   69.89958   70.11787   70.32944   70.53447   70.73312   70.92556   71.11193   71.29238   71.46705   71.63608   71.79960   71.95772   72.11057   72.25826   72.40091   72.53860   72.67146   72.79956   72.92300   73.04187   73.15625   73.26623   73.37187   73.47325   73.57044   73.66351   73.75252   73.83752   73.91858   73.99575   74.06908   74.13861   74.20440   74.26649   74.32491   74.37971   74.43091   74.47856   74.52267   74.56329   74.60044   74.63413   74.66440   74.69125   74.71471   74.73479   74.75151   74.76487   74.77488   74.78156   74.78489   74.78489   74.78156   74.77488   74.76487   74.75151   74.73479   74.71471   74.69125   74.66440   74.63413   74.60044   74.56329   74.52267   74.47856   74.43091   74.37971   74.32491   74.26649   74.20440   74.13861   74.06908   73.99575   73.91858   73.83752   73.75252   73.66351   73.57044   73.47325   73.37187   73.26623   73.15625   73.04187   72.92300   72.79956   72.67146   72.53860   72.40091   72.25826   72.11057   71.95772   71.79960   71.63608   71.46705   71.29238   71.11193   70.92556   70.73312   70.53447   70.32944   70.11787   69.89958   69.67440   69.44213   69.20259   68.95556   68.70083   68.43818   68.16739   67.88820   67.60037   67.30364   66.99773   66.68236   66.35723   66.02204   65.67646   65.32015   64.95277   64.57395   64.18331   63.78046   63.36498   62.93645   62.49441   62.03842   61.56797   61.08257   60.58169   60.06480   59.53132   58.98067   58.41224   57.82541   57.21952   56.59389   55.94782   55.28060   54.59149   53.87971   53.14449   52.38501   51.60047   50.79001   49.95278   49.08792   48.19455   47.27180   46.31879   45.33464   44.31850   43.26951   42.18686   41.06977   39.91749   38.72935   37.50473   36.24310   34.94401   33.60712   32.23224   30.81930   29.36839   27.87976   26.35389   24.79141   23.19322   21.56042   19.89436   18.19664   16.46910   14.71386   12.93324   11.12983    9.30642    7.46603    5.61181    3.74710    1.87533    0.00000
   0.00000    1.93719    3.87049    5.79604    7.71009    9.60902   11.48936   13.34787   15.18152   16.98755   18.76344   20.50700   22.21627   23.88960   25.52563   27.12324   28.68158   30.20005   31.67825   33.11600   34.51331   35.87034   37.18742   38.46499   39.70360   40.90392   42.06668   43.19267   44.28275   45.33781   46.35878   47.34660   48.30223   49.22662   50.12076   50.98559   51.82206   52.63111   53.41366   54.17061   54.90283   55.61119   56.29651   56.95961   57.60126   58.22223   58.82325   59.40501   59.96821   60.51350   61.04152   61.55286   62.04811   62.52783   62.99257   63.44284   63.87914   64.30194   64.71171   65.10887   65.49385   65.86706   66.22887   66.57967   66.91981   67.24961   67.56943   67.87955   68.18030   68.47194   68.75477   69.02903   69.29500   69.55289   69.80297   70.04543   70.28050   70.50838   70.72928   70.94336   71.15083   71.35185   71.54658   71.73519   71.91783   72.09464   72.26577   72.43134   72.59149   72.74635   72.89602   73.04062   73.18027   73.31506   73.44509   73.57046   73.69125   73.80757   73.91948   74.02707   74.13042   74.22959   74.32465   74.41567   74.50272   74.58584   74.66511   74.74056   74.81226   74.88024   74.94456   75.00526   75.06237   75.11593   75.16598   75.21255   75.25567   75.29537   75.33168   75.36461   75.39418   75.42043   75.44336   75.46298   75.47932   75.49237   75.50216   75.50868   75.51194   75.51194   75.50868   75.50216   75.49237   75.47932   75.46298   75.44336   75.42043   75.39418   75.36461   75.33168   75.29537   75.25567   75.21255   75.16598   75.11593   75.06237   75.00526   74.94456   74.88024   74.81226   74.74056   74.66511   74.58584   74.50272   74.41567   74.32465   74.22959   74.13042   74.02707   73.91948   73.80757   73.69125   73.57046   73.44509   73.31506   73.18027   73.04062   72.89602   72.74635   72.59149   72.43134   72.26577   72.09464   71.91783   71.73519   71.54658   71.35185   71.15083   70.94336   70.72928   70.50838   70.28050   70.04543   69.80297   69.55289   69.29500   69.02903   68.75477   68.47194   68.18030   67.87955   67.56943   67.24961   66.91981   66.57967   66.22887   65.86706   65.49385   65.10887   64.71171   64.30194   63.87914   63.44284   62.99257   62.52783   62.04811   61.55286   61.04152   60.51350   59.96821   59.40501   58.82325   58.22223   57.60126   56.95961   56.29651   55.61119   54.90283   54.17061   53.41366   52.63111   51.82206   50.98559   50.12076   49.22662   48.30223   47.34660   46.35878   45.33781   44.28275   43.19267   42.06668   40.90392   39.70360   38.46499   37.18742   35.87034   34.51331   33.11600   31.67825   30.20005   28.68158   27.12324   25.52563   23.88960   22.21627   20.50700   18.76344   16.98755   15.18152   13.34787   11.48936    9.60902    7.71009    5.79604    3.87049    1.93719    0.00000
   0.00000    2.00295    4.00162    5.99177    7.96929    9.93020   11.87074   13.78737   15.67682   17.53611   19.36259   21.15391   22.90805   24.62330   26.29827   27.93186   29.52328   31.07198   32.57765   34.04021   35.45977   36.83664   38.17125   39.46419   40.71614   41.92791   43.10035   44.23439   45.33101   46.39123   47.41607   48.40660   49.36388   50.28896   51.18290   52.04675   52.88153   53.68826   54.46791   55.22145   55.94982   56.65392   57.33465   57.99284   58.62933   59.24490   59.84033   60.41635   60.97367   61.51297   62.03491   62.54011   63.02917   63.50269   63.96120   64.40525   64.83533   65.25195   65.65556   66.04661   66.42554   66.79274   67.14862   67.49355   67.82790   68.15199   68.46618   68.77076   69.06605   69.35234   69.62989   69.89898   70.15987   70.41279   70.65798   70.89566   71.12605   71.34936   71.56577   71.77548   71.97867   72.17551   72.36616   72.55080   72.72955   72.90259   73.07003   73.23203   73.38869   73.54016   73.68654   73.82794   73.96449   74.09627   74.22338   74.34593   74.46400   74.57767   74.68703   74.79217   74.89314   74.99003   75.08290   75.17181   75.25684   75.33803   75.41545   75.48914   75.55915   75.62554   75.68835   75.74761   75.80337   75.85567   75.90453   75.95000   75.99209   76.03085   76.06629   76.09843   76.12731   76.15292   76.17530   76.19446   76.21040   76.22315   76.23270   76.23906   76.24224   76.24224   76.23906   76.23270   76.22315   76.21040   76.19446   76.17530   76.15292   76.12731   76.09843   76.06629   76.03085   75.99209   75.95000   75.90453   75.85567   75.80337   75.74761   75.68835   75.62554   75.55915   75.48914   75.41545   75.33803   75.25684   75.17181   75.08290   74.99003   74.89314   74.79217   74.68703   74.57767   74.46400   74.34593   74.22338   74.09627   73.96449   73.82794   73.68654   73.54016   73.38869   73.23203   73.07003   72.90259   72.72955   72.55080   72.36616   72.17551   71.97867   71.77548   71.56577   71.34936   71.12605   70.89566   70.65798   70.41279   70.15987   69.89898   69.62989   69.35234   69.06605   68.77076   68.46618   68.15199   67.82790   67.49355   67.14862   66.79274   66.42554   66.04661   65.65556   65.25195   64.83533   64.40525   63.96120   63.50269   63.02917   62.54011   62.03491   61.51297   60.97367   60.41635   59.84033   59.24490   58.62933   57.99284   57.33465   56.65392   55.94982   55.22145   54.46791   53.68826   52.88153   52.04675   51.18290   50.28896   49.36388   48.40660   47.41607   46.39123   45.33101   44.23439   43.10035   41.92791   40.71614   39.46419   38.17125   36.83664   35.45977   34.04021   32.57765   31.07198   29.52328   27.93186   26.29827   24.62330   22.90805   21.15391   19.36259   17.53611   15.67682   13.78737   11.87074    9.93020    7.96929    5.99177    4.00162    2.00295    0.00000
   0.00000    2.07299    4.14126    6.20013    8.24509   10.27176   12.27603   14.25404   16.20226   18.11750   19.99691   21.83802   23.63872   25.39727   27.11227   28.78267   30.40771   31.98694   33.52015   35.00740   36.44893   37.84518   39.19675   40.50437   41.76888   42.99123   44.17242   45.31354   46.41568   47.48001   48.50768   49.49986   50.45772   51.38243   52.27514   53.13699   53.96907   54.77248   55.54827   56.29747   57.02107   57.72004   58.39531   59.04778   59.67830   60.28772   60.87682   61.44639   61.99714   62.52980   63.04503   63.54349   64.02580   64.49254   64.94430   65.38161   65.80500   66.21496   66.61197   66.99648   67.36894   67.72975   68.07932   68.41803   68.74623   69.06429   69.37253   69.67127   69.96081   70.24146   70.51348   70.77715   71.03271   71.28042   71.52051   71.75319   71.97870   72.19722   72.40897   72.61412   72.81286   73.00535   73.19177   73.37227   73.54701   73.71612   73.87975   74.03804   74.19110   74.33905   74.48203   74.62013   74.75347   74.88214   75.00625   75.12588   75.24113   75.35209   75.45882   75.56142   75.65995   75.75449   75.84510   75.93185   76.01480   76.09400   76.16951   76.24139   76.30968   76.37442   76.43567   76.49347   76.54784   76.59884   76.64648   76.69081   76.73186   76.76964   76.80420   76.83554   76.86368   76.88866   76.91048   76.92915   76.94469   76.95712   76.96643   76.97263   76.97573   76.97573   76.97263   76.96643   76.95712   76.94469   76.92915   76.91048   76.88866   76.86368   76.83554   76.80420   76.76964   76.73186   76.69081   76.64648   76.59884   76.54784   76.49347   76.43567   76.37442   76.30968   76.24139   76.16951   76.09400   76.01480   75.93185   75.84510   75.75449   75.65995   75.56142   75.45882   75.35209   75.24113   75.12588   75.00625   74.88214   74.75347   74.62013   74.48203   74.33905   74.19110   74.03804   73.87975   73.71612   73.54701   73.37227   73.19177   73.00535   72.81286   72.61412   72.40897   72.19722   71.97870   71.75319   71.52051   71.28042   71.03271   70.77715   70.51348   70.24146   69.96081   69.67127   69.37253   69.06429   68.74623   68.41803   68.07932   67.72975   67.36894   66.99648   66.61197   66.21496   65.80500   65.38161   64.94430   64.49254   64.02580   63.54349   63.04503   62.52980   61.99714   61.44639   60.87682   60.28772   59.67830   59.04778   58.39531   57.72004   57.02107   56.29747   55.54827   54.77248   53.96907   53.13699   52.27514   51.38243   50.45772   49.49986   48.50768   47.48001   46.41568   45.31354   44.17242   42.99123   41.76888   40.50437   39.19675   37.84518   36.44893   35.00740   33.52015   31.98694   30.40771   28.78267   27.11227   25.39727   23.63872   21.83802   19.99691   18.11750   16.20226   14.25404   12.27603   10.27176    8.24509    6.20013    4.14126    2.07299    0.00000
   0.00000    2.14776    4.29029    6.42243    8.53917   10.63572   12.70756   14.75050   16.76069   18.73471   20.66952   22.56253   24.41154   26.21478   27.97088   29.67883   31.33795   32.94790   34.50863   36.02031   37.48337   38.89841   40.26621   41.58766   42.86378   44.09570   45.28457   46.43164   47.53817   48.60545   49.63477   50.62743   51.58472   52.50791   53.39826   54.25698   55.08528   55.88432   56.65522   57.39908   58.11696   58.80987   59.47879   60.12466   60.74839   61.35085   61.93286   62.49523   63.03872   63.56405   64.07193   64.56303   65.03798   65.49739   65.94185   66.37190   66.78809   67.19092   67.58087   67.95842   68.32399   68.67801   69.02088   69.35300   69.67472   69.98640   70.28838   70.58097   70.86448   71.13921   71.40543   71.66341   71.91341   72.15567   72.39043   72.61791   72.83832   73.05187   73.25876   73.45917   73.65329   73.84127   74.02330   74.19952   74.37009   74.53514   74.69483   74.84927   74.99860   75.14293   75.28239   75.41708   75.54711   75.67258   75.79359   75.91022   76.02257   76.13072   76.23475   76.33474   76.43076   76.52288   76.61117   76.69569   76.77650   76.85366   76.92722   76.99723   77.06374   77.12680   77.18646   77.24274   77.29569   77.34535   77.39175   77.43492   77.47488   77.51168   77.54532   77.57583   77.60324   77.62755   77.64879   77.66697   77.68211   77.69420   77.70326   77.70930   77.71232   77.71232   77.70930   77.70326   77.69420   77.68211   77.66697   77.64879   77.62755   77.60324   77.57583   77.54532   77.51168   77.47488   77.43492   77.39175   77.34535   77.29569   77.24274   77.18646   77.12680   77.06374   76.99723   76.92722   76.85366   76.77650   76.69569   76.61117   76.52288   76.43076   76.33474   76.23475   76.13072   76.02257   75.91022   75.79359   75.67258   75.54711   75.41708   75.28239   75.14293   74.99860   74.84927   74.69483   74.53514   74.37009   74.19952   74.02330   73.84127   73.65329   73.45917   73.25876   73.05187   72.83832   72.61791   72.39043   72.15567   71.91341   71.66341   71.40543   71.13921   70.86448   70.58097   70.28838   69.98640   69.67472   69.35300   69.02088   68.67801   68.32399   67.95842   67.58087   67.19092   66.78809   66.37190   65.94185   65.49739   65.03798   64.56303   64.07193   63.56405   63.03872   62.49523   61.93286   61.35085   60.74839   60.12466   59.47879   58.80987   58.11696   57.39908   56.65522   55.88432   55.08528   54.25698   53.39826   52.50791   51.58472   50.62743   49.63477   48.60545   47.53817   46.43164   45.28457   44.09570   42.86378   41.58766   40.26621   38.89841   37.48337   36.02031   34.50863   32.94790   31.33795   29.67883   27.97088   26.21478   24.41154   22.56253   20.66952   18.73471   16.76069   14.75050   12.70756   10.63572    8.53917    6.42243    4.29029    2.14776    0.00000
   0.00000    2.22776    4.44970    6.66011    8.85344   11.02440   13.16801   15.27970   17.35530   19.39112   21.38394   23.33103   25.23013   27.07945   28.87765   30.62380   32.31736   33.95810   35.54614   37.08185   38.56584   39.99890   41.38200   42.71627   44.00290   45.24320   46.43853   47.59030   48.69992   49.76885   50.79852   51.79037   52.74582   53.66623   54.55299   55.40740   56.23075   57.02429   57.78921   58.52668   59.23781   59.92368   60.58531   61.22368   61.83975   62.43442   63.00854   63.56296   64.09844   64.61576   65.11562   65.59872   66.06570   66.51719   66.95379   67.37606   67.78455   68.17976   68.56219   68.93232   69.29058   69.63741   69.97321   70.29836   70.61325   70.91822   71.21361   71.49975   71.77693   72.04546   72.30561   72.55765   72.80184   73.03842   73.26763   73.48969   73.70481   73.91319   74.11503   74.31053   74.49984   74.68316   74.86063   75.03242   75.19867   75.35954   75.51514   75.66562   75.81110   75.95170   76.08753   76.21870   76.34532   76.46749   76.58530   76.69884   76.80820   76.91347   77.01472   77.11203   77.20547   77.29510   77.38101   77.46324   77.54185   77.61691   77.68847   77.75657   77.82126   77.88260   77.94061   77.99535   78.04684   78.09513   78.14025   78.18223   78.22109   78.25686   78.28957   78.31923   78.34588   78.36952   78.39017   78.40785   78.42256   78.43432   78.44313   78.44900   78.45193   78.45193   78.44900   78.44313   78.43432   78.42256   78.40785   78.39017   78.36952   78.34588   78.31923   78.28957   78.25686   78.22109   78.18223   78.14025   78.09513   78.04684   77.99535   77.94061   77.88260   77.82126   77.75657   77.68847   77.61691   77.54185   77.46324   77.38101   77.29510   77.20547   77.11203   77.01472   76.91347   76.80820   76.69884   76.58530   76.46749   76.34532   76.21870   76.08753   75.95170   75.81110   75.66562   75.51514   75.35954   75.19867   75.03242   74.86063   74.68316   74.49984   74.31053   74.11503   73.91319   73.70481   73.48969   73.26763   73.03842   72.80184   72.55765   72.30561   72.04546   71.77693   71.49975   71.21361   70.91822   70.61325   70.29836   69.97321   69.63741   69.29058   68.93232   68.56219   68.17976   67.78455   67.37606   66.95379   66.51719   66.06570   65.59872   65.11562   64.61576   64.09844   63.56296   63.00854   62.43442   61.83975   61.22368   60.58531   59.92368   59.23781   58.52668   57.78921   57.02429   56.23075   55.40740   54.55299   53.66623   52.74582   51.79037   50.79852   49.76885   48.69992   47.59030   46.43853   45.24320   44.00290   42.71627   41.38200   39.99890   38.56584   37.08185   35.54614   33.95810   32.31736   30.62380   28.87765   27.07945   25.23013   23.33103   21.38394   19.39112   17.35530   15.27970   13.16801   11.02440    8.85344    6.66011    4.44970    2.22776    0.00000
   0.00000    2.31357    4.62065    6.91488    9.19009   11.44041   13.66039   15.84499   17.98970   20.09054   22.14410   24.14752   26.09849   27.99523   29.83647   31.62138   33.34957   35.02101   36.63599   38.19512   39.69922   41.14933   42.54665   43.89251   45.18835   46.43568   47.63606   48.79109   49.90236   50.97150   52.00010   52.98973   53.94193   54.85822   55.74006   56.58888   57.40604   58.19287   58.95066   59.68062   60.38394   61.06173   61.71508   62.34501   62.95252   63.53853   64.10394   64.64961   65.17634   65.68492   66.17608   66.65052   67.10891   67.55189   67.98006   68.39401   68.79427   69.18138   69.55582   69.91809   70.26862   70.60784   70.93617   71.25400   71.56170   71.85962   72.14811   72.42748   72.69804   72.96009   73.21390   73.45975   73.69789   73.92856   74.15199   74.36841   74.57803   74.78105   74.97766   75.16806   75.35241   75.53089   75.70365   75.87086   76.03266   76.18919   76.34058   76.48697   76.62848   76.76522   76.89732   77.02487   77.14798   77.26675   77.38128   77.49164   77.59794   77.70024   77.79863   77.89319   77.98398   78.07107   78.15452   78.23440   78.31077   78.38368   78.45317   78.51932   78.58215   78.64171   78.69805   78.75120   78.80120   78.84809   78.89189   78.93265   78.97038   79.00511   79.03686   79.06566   79.09153   79.11448   79.13452   79.15168   79.16596   79.17738   79.18593   79.19163   79.19448   79.19448   79.19163   79.18593   79.17738   79.16596   79.15168   79.13452   79.11448   79.09153   79.06566   79.03686   79.00511   78.97038   78.93265   78.89189   78.84809   78.80120   78.75120   78.69805   78.64171   78.58215   78.51932   78.45317   78.38368   78.31077   78.23440   78.15452   78.07107   77.98398   77.89319   77.79863   77.70024   77.59794   77.49164   77.38128   77.26675   77.14798   77.02487   76.89732   76.76522   76.62848   76.48697   76.34058   76.18919   76.03266   75.87086   75.70365   75.53089   75.35241   75.16806   74.97766   74.78105   74.57803   74.36841   74.15199   73.92856   73.69789   73.45975   73.21390   72.96009   72.69804   72.42748   72.14811   71.85962   71.56170   71.25400   70.93617   70.60784   70.26862   69.91809   69.55582   69.18138   68.79427   68.39401   67.98006   67.55189   67.10891   66.65052   66.17608   65.68492   65.17634   64.64961   64.10394   63.53853   62.95252   62.34501   61.71508   61.06173   60.38394   59.68062   58.95066   58.19287   57.40604   56.58888   55.74006   54.85822   53.94193   52.98973   52.00010   50.97150   49.90236   48.79109   47.63606   46.43568   45.18835   43.89251   42.54665   41.14933   39.69922   38.19512   36.63599   35.02101   33.34957   31.62138   29.83647   27.99523   26.09849   24.14752   22.14410   20.09054   17.98970   15.84499   13.66039   11.44041    9.19009    6.91488    4.62065    2.31357    0.00000
   0.00000    2.40586    4.80445    7.18867    9.55161   11.88679   14.18814   16.45016   18.66795   20.83724   22.95440   25.01645   27.02108   28.96652   30.85162   32.67569   34.43854   36.14036   37.78170   39.36341   40.88659   42.35255   43.76275   45.11877   46.42231   47.67511   48.87894   50.03562   51.14695   52.21470   53.24065   54.22651   55.17397   56.08466   56.96016   57.80201   58.61165   59.39051   60.13993   60.86121   61.55558   62.22423   62.86827   63.48878   64.08678   64.66324   65.21908   65.75519   66.27240   66.77150   67.25325   67.71837   68.16754   68.60140   69.02057   69.42563   69.81715   70.19565   70.56164   70.91559   71.25795   71.58917   71.90964   72.21977   72.51993   72.81046   73.09172   73.36402   73.62766   73.88295   74.13017   74.36956   74.60140   74.82592   75.04336   75.25393   75.45785   75.65531   75.84651   76.03163   76.21084   76.38433   76.55223   76.71471   76.87191   77.02397   77.17103   77.31320   77.45062   77.58340   77.71165   77.83548   77.95499   78.07027   78.18141   78.28852   78.39166   78.49092   78.58638   78.67812   78.76619   78.85066   78.93161   79.00908   79.08315   79.15385   79.22124   79.28538   79.34630   79.40405   79.45867   79.51020   79.55867   79.60413   79.64659   79.68610   79.72267   79.75633   79.78711   79.81503   79.84010   79.86234   79.88177   79.89840   79.91224   79.92330   79.93159   79.93712   79.93988   79.93988   79.93712   79.93159   79.92330   79.91224   79.89840   79.88177   79.86234   79.84010   79.81503   79.78711   79.75633   79.72267   79.68610   79.64659   79.60413   79.55867   79.51020   79.45867   79.40405   79.34630   79.28538   79.22124   79.15385   79.08315   79.00908   78.93161   78.85066   78.76619   78.67812   78.58638   78.49092   78.39166   78.28852   78.18141   78.07027   77.95499   77.83548   77.71165   77.58340   77.45062   77.31320   77.17103   77.02397   76.87191   76.71471   76.55223   76.38433   76.21084   76.03163   75.84651   75.65531   75.45785   75.25393   75.04336   74.82592   74.60140   74.36956   74.13017   73.88295   73.62766   73.36402   73.09172   72.81046   72.51993   72.21977   71.90964   71.58917   71.25795   70.91559   70.56164   70.19565   69.81715   69.42563   69.02057   68.60140   68.16754   67.71837   67.25325   66.77150   66.27240   65.75519   65.21908   64.66324   64.08678   63.48878   62.86827   62.22423   61.55558   60.86121   60.13993   59.39051   58.61165   57.80201   56.96016   56.08466   55.17397   54.22651   53.24065   52.21470   51.14695   50.03562   48.87894   47.67511   46.42231   45.11877   43.76275   42.35255   40.88659   39.36341   37.78170   36.14036   34.43854   32.67569   30.85162   28.96652   27.02108   25.01645   22.95440   20.83724   18.66795   16.45016   14.18814   11.88679    9.55161    7.18867    4.80445    2.40586    0.00000
   0.00000    2.50541    5.00265    7.48372    9.94091   12.36698   14.75521   17.09957   19.39472   21.63606   23.81979   25.94283   28.00284   29.99817   31.92778   33.79122   35.58853   37.32019   38.98703   40.59023   42.13120   43.61153   45.03302   46.39752   47.70701   48.96349   50.16898   51.32551   52.43510   53.49971   54.52128   55.50169   56.44277   57.34629   58.21393   59.04733   59.84805   60.61758   61.35735   62.06871   62.75296   63.41133   64.04499   64.65505   65.24258   65.80856   66.35396   66.87968   67.38656   67.87544   68.34706   68.80217   69.24146   69.66559   70.07517   70.47081   70.85306   71.22245   71.57949   71.92467   72.25844   72.58123   72.89346   73.19551   73.48777   73.77058   74.04429   74.30921   74.56565   74.81390   75.05424   75.28693   75.51223   75.73038   75.94160   76.14611   76.34412   76.53583   76.72143   76.90111   77.07502   77.24334   77.40623   77.56384   77.71630   77.86376   78.00635   78.14419   78.27741   78.40611   78.53042   78.65042   78.76622   78.87791   78.98560   79.08935   79.18927   79.28541   79.37787   79.46670   79.55199   79.63379   79.71217   79.78718   79.85888   79.92733   79.99257   80.05465   80.11362   80.16951   80.22238   80.27225   80.31917   80.36316   80.40425   80.44248   80.47787   80.51044   80.54023   80.56724   80.59150   80.61302   80.63182   80.64791   80.66130   80.67200   80.68002   80.68536   80.68803   80.68803   80.68536   80.68002   80.67200   80.66130   80.64791   80.63182   80.61302   80.59150   80.56724   80.54023   80.51044   80.47787   80.44248   80.40425   80.36316   80.31917   80.27225   80.22238   80.16951   80.11362   80.05465   79.99257   79.92733   79.85888   79.78718   79.71217   79.63379   79.55199   79.46670   79.37787   79.28541   79.18927   79.08935   78.98560   78.87791   78.76622   78.65042   78.53042   78.40611   78.27741   78.14419   78.00635   77.86376   77.71630   77.56384   77.40623   77.24334   77.07502   76.90111   76.72143   76.53583   76.34412   76.14611   75.94160   75.73038   75.51223   75.28693   75.05424   74.81390   74.56565   74.30921   74.04429   73.77058   73.48777   73.19551   72.89346   72.58123   72.25844   71.92467   71.57949   71.22245   70.85306   70.47081   70.07517   69.66559   69.24146   68.80217   68.34706   67.87544   67.38656   66.87968   66.35396   65.80856   65.24258   64.65505   64.04499   63.41133   62.75296   62.06871   61.35735   60.61758   59.84805   59.04733   58.21393   57.34629   56.44277   55.50169   54.52128   53.49971   52.43510   51.32551   50.16898   48.96349   47.70701   46.39752   45.03302   43.61153   42.13120   40.59023   38.98703   37.32019   35.58853   33.79122   31.92778   29.99817   28.00284   25.94283   23.81979   21.63606   19.39472   17.09957   14.75521   12.36698    9.94091    7.48372    5.00265    2.50541    0.00000
   0.00000    2.61312    5.21701    7.80264   10.36134   12.88500   15.36617   17.79820   20.17528   22.49251   24.74587   26.93223   29.04929   31.09552   33.07012   34.97289   36.80419   38.56482   40.25602   41.87929   43.43642   44.92937   46.36026   47.73129   49.04473   50.30286   51.50798   52.66236   53.76822   54.82775   55.84306   56.81620   57.74915   58.64379   59.50194   60.32534   61.11564   61.87442   62.60317   63.30331   63.97621   64.62314   65.24531   65.84387   66.41991   66.97447   67.50853   68.02299   68.51875   68.99662   69.45739   69.90180   70.33056   70.74433   71.14373   71.52937   71.90181   72.26159   72.60922   72.94517   73.26991   73.58386   73.88745   74.18106   74.46506   74.73981   75.00564   75.26288   75.51182   75.75276   75.98596   76.21170   76.43022   76.64176   76.84654   77.04479   77.23670   77.42247   77.60229   77.77634   77.94479   78.10780   78.26552   78.41811   78.56570   78.70843   78.84642   78.97981   79.10871   79.23323   79.35348   79.46955   79.58155   79.68958   79.79371   79.89404   79.99064   80.08359   80.17297   80.25884   80.34128   80.42034   80.49609   80.56859   80.63788   80.70402   80.76705   80.82704   80.88401   80.93802   80.98909   81.03727   81.08259   81.12508   81.16478   81.20170   81.23588   81.26735   81.29611   81.32220   81.34563   81.36642   81.38457   81.40011   81.41304   81.42338   81.43113   81.43629   81.43887   81.43887   81.43629   81.43113   81.42338   81.41304   81.40011   81.38457   81.36642   81.34563   81.32220   81.29611   81.26735   81.23588   81.20170   81.16478   81.12508   81.08259   81.03727   80.98909   80.93802   80.88401   80.82704   80.76705   80.70402   80.63788   80.56859   80.49609   80.42034   80.34128   80.25884   80.17297   80.08359   79.99064   79.89404   79.79371   79.68958   79.58155   79.46955   79.35348   79.23323   79.10871   78.97981   78.84642   78.70843   78.56570   78.41811   78.26552   78.10780   77.94479   77.77634   77.60229   77.42247   77.23670   77.04479   76.84654   76.64176   76.43022   76.21170   75.98596   75.75276   75.51182   75.26288   75.00564   74.73981   74.46506   74.18106   73.88745   73.58386   73.26991   72.94517   72.60922   72.26159   71.90181   71.52937   71.14373   70.74433   70.33056   69.90180   69.45739   68.99662   68.51875   68.02299   67.50853   66.97447   66.41991   65.84387   65.24531   64.62314   63.97621   63.30331   62.60317   61.87442   61.11564   60.32534   59.50194   58.64379   57.74915   56.81620   55.84306   54.82775   53.76822   52.66236   51.50798   50.30286   49.04473   47.73129   46.36026   44.92937   43.43642   41.87929   40.25602   38.56482   36.80419   34.97289   33.07012   31.09552   29.04929   26.93223   24.74587   22.49251   20.17528   17.79820   15.36617   12.88500   10.36134    7.80264    5.21701    2.61312    0.00000
   0.00000    2.73007    5.44964    8.14849   10.81681   13.44550   16.02627   18.55177   21.01571   23.41283   25.73896   27.99093   30.16656   32.26452   34.28429   36.22603   38.09049   39.87891   41.59292   43.23449   44.80582   46.30928   47.74737   49.12266   50.43775   51.69525   52.89773   54.04772   55.14768   56.20001   57.20702   58.17091   59.09382   59.97778   60.82470   61.63645   62.41475   63.16128   63.87759   64.56517   65.22544   65.85970   66.46923   67.05520   67.61874   68.16090   68.68268   69.18502   69.66881   70.13490   70.58407   71.01709   71.43465   71.83742   72.22605   72.60113   72.96323   73.31289   73.65061   73.97688   74.29215   74.59686   74.89142   75.17621   75.45160   75.71796   75.97560   76.22484   76.46600   76.69934   76.92516   77.14369   77.35519   77.55990   77.75803   77.94980   78.13541   78.31506   78.48892   78.65718   78.82000   78.97753   79.12994   79.27737   79.41995   79.55782   79.69111   79.81993   79.94439   80.06462   80.18071   80.29276   80.40087   80.50513   80.60563   80.70244   80.79566   80.88535   80.97158   81.05442   81.13395   81.21021   81.28328   81.35319   81.42002   81.48381   81.54460   81.60244   81.65738   81.70945   81.75869   81.80514   81.84884   81.88980   81.92807   81.96367   81.99662   82.02695   82.05468   82.07983   82.10241   82.12245   82.13995   82.15492   82.16739   82.17735   82.18482   82.18979   82.19228   82.19228   82.18979   82.18482   82.17735   82.16739   82.15492   82.13995   82.12245   82.10241   82.07983   82.05468   82.02695   81.99662   81.96367   81.92807   81.88980   81.84884   81.80514   81.75869   81.70945   81.65738   81.60244   81.54460   81.48381   81.42002   81.35319   81.28328   81.21021   81.13395   81.05442   80.97158   80.88535   80.79566   80.70244   80.60563   80.50513   80.40087   80.29276   80.18071   80.06462   79.94439   79.81993   79.69111   79.55782   79.41995   79.27737   79.12994   78.97753   78.82000   78.65718   78.48892   78.31506   78.13541   77.94980   77.75803   77.55990   77.35519   77.14369   76.92516   76.69934   76.46600   76.22484   75.97560   75.71796   75.45160   75.17621   74.89142   74.59686   74.29215   73.97688   73.65061   73.31289   72.96323   72.60113   72.22605   71.83742   71.43465   71.01709   70.58407   70.13490   69.66881   69.18502   68.68268   68.16090   67.61874   67.05520   66.46923   65.85970   65.22544   64.56517   63.87759   63.16128   62.41475   61.63645   60.82470   59.97778   59.09382   58.17091   57.20702   56.20001   55.14768   54.04772   52.89773   51.69525   50.43775   49.12266   47.74737   46.30928   44.80582   43.23449   41.59292   39.87891   38.09049   36.22603   34.28429   32.26452   30.16656   27.99093   25.73896   23.41283   21.01571   18.55177   16.02627   13.44550   10.81681    8.14849    5.44964    2.73007    0.00000
   0.00000    2.85750    5.70301    8.52485   11.31192   14.05393   16.74163   19.36691   21.92294   24.40414   26.80619   29.12598   31.36149   33.51171   35.57649   37.55646   39.45284   41.26739   43.00227   44.65994   46.24309   47.75456   49.19728   50.57422   51.88837   53.14265   54.33996   55.48310   56.57477   57.61760   58.61408   59.56661   60.47746   61.34879   62.18265   62.98099   63.74565   64.47835   65.18074   65.85436   66.50066   67.12101   67.71671   68.28897   68.83894   69.36770   69.87626   70.36559   70.83658   71.29009   71.72692   72.14782   72.55351   72.94467   73.32192   73.68588   74.03710   74.37613   74.70346   75.01959   75.32497   75.62002   75.90515   76.18075   76.44719   76.70481   76.95395   77.19491   77.42799   77.65347   77.87163   78.08271   78.28696   78.48461   78.67588   78.86097   79.04009   79.21343   79.38116   79.54346   79.70049   79.85240   79.99935   80.14148   80.27893   80.41181   80.54026   80.66439   80.78432   80.90015   81.01198   81.11991   81.22404   81.32445   81.42123   81.51446   81.60421   81.69056   81.77357   81.85333   81.92988   82.00328   82.07360   82.14090   82.20521   82.26659   82.32509   82.38075   82.43361   82.48371   82.53109   82.57578   82.61781   82.65723   82.69404   82.72828   82.75998   82.78916   82.81583   82.84002   82.86174   82.88101   82.89784   82.91225   82.92424   82.93382   82.94100   82.94579   82.94818   82.94818   82.94579   82.94100   82.93382   82.92424   82.91225   82.89784   82.88101   82.86174   82.84002   82.81583   82.78916   82.75998   82.72828   82.69404   82.65723   82.61781   82.57578   82.53109   82.48371   82.43361   82.38075   82.32509   82.26659   82.20521   82.14090   82.07360   82.00328   81.92988   81.85333   81.77357   81.69056   81.60421   81.51446   81.42123   81.32445   81.22404   81.11991   81.01198   80.90015   80.78432   80.66439   80.54026   80.41181   80.27893   80.14148   79.99935   79.85240   79.70049   79.54346   79.38116   79.21343   79.04009   78.86097   78.67588   78.48461   78.28696   78.08271   77.87163   77.65347   77.42799   77.19491   76.95395   76.70481   76.44719   76.18075   75.90515   75.62002   75.32497   75.01959   74.70346   74.37613   74.03710   73.68588   73.32192   72.94467   72.55351   72.14782   71.72692   71.29009   70.83658   70.36559   69.87626   69.36770   68.83894   68.28897   67.71671   67.12101   66.50066   65.85436   65.18074   64.47835   63.74565   62.98099   62.18265   61.34879   60.47746   59.56661   58.61408   57.61760   56.57477   55.48310   54.33996   53.14265   51.88837   50.57422   49.19728   47.75456   46.24309   44.65994   43.00227   41.26739   39.45284   37.55646   35.57649   33.51171   31.36149   29.12598   26.80619   24.40414   21.92294   19.36691   16.74163   14.05393   11.31192    8.52485    5.70301    2.85750    0.00000
   0.00000    2.99692    5.98005    8.93600   11.85209   14.71668   17.51940   20.25131   22.90501   25.47460   27.95569   30.34531   32.64171   34.84433   36.95351   38.97046   40.89702   42.73555   44.48883   46.15991   47.75204   49.26858   50.71296   52.08858   53.39884   54.64703   55.83637   56.96994   58.05071   59.08154   60.06511   61.00399   61.90061   62.75726   63.57612   64.35923   65.10850   65.82574   66.51266   67.17086   67.80182   68.40697   68.98763   69.54503   70.08036   70.59470   71.08909   71.56450   72.02184   72.46197   72.88569   73.29377   73.68692   74.06582   74.43110   74.78336   75.12316   75.45105   75.76752   76.07306   76.36810   76.65309   76.92841   77.19446   77.45160   77.70016   77.94047   78.17284   78.39757   78.61492   78.82517   79.02856   79.22533   79.41570   79.59990   79.77812   79.95056   80.11740   80.27883   80.43501   80.58609   80.73224   80.87359   81.01028   81.14245   81.27023   81.39373   81.51306   81.62834   81.73967   81.84715   81.95087   82.05093   82.14740   82.24038   82.32994   82.41616   82.49910   82.57884   82.65543   82.72895   82.79944   82.86697   82.93158   82.99333   83.05226   83.10842   83.16186   83.21260   83.26069   83.30617   83.34907   83.38942   83.42724   83.46258   83.49544   83.52587   83.55387   83.57946   83.60268   83.62352   83.64201   83.65817   83.67199   83.68350   83.69269   83.69958   83.70417   83.70647   83.70647   83.70417   83.69958   83.69269   83.68350   83.67199   83.65817   83.64201   83.62352   83.60268   83.57946   83.55387   83.52587   83.49544   83.46258   83.42724   83.38942   83.34907   83.30617   83.26069   83.21260   83.16186   83.10842   83.05226   82.99333   82.93158   82.86697   82.79944   82.72895   82.65543   82.57884   82.49910   82.41616   82.32994   82.24038   82.14740   82.05093   81.95087   81.84715   81.73967   81.62834   81.51306   81.39373   81.27023   81.14245   81.01028   80.87359   80.73224   80.58609   80.43501   80.27883   80.11740   79.95056   79.77812   79.59990   79.41570   79.22533   79.02856   78.82517   78.61492   78.39757   78.17284   77.94047   77.70016   77.45160   77.19446   76.92841   76.65309   76.36810   76.07306   75.76752   75.45105   75.12316   74.78336   74.43110   74.06582   73.68692   73.29377   72.88569   72.46197   72.02184   71.56450   71.08909   70.59470   70.08036   69.54503   68.98763   68.40697   67.80182   67.17086   66.51266   65.82574   65.10850   64.35923   63.57612   62.75726   61.90061   61.00399   60.06511   59.08154   58.05071   56.96994   55.83637   54.64703   53.39884   52.08858   50.71296   49.26858   47.75204   46.15991   44.48883   42.73555   40.89702   38.97046   36.95351   34.84433   32.64171   30.34531   27.95569   25.47460   22.90501   20.25131   17.51940   14.71668   11.85209    8.93600    5.98005    2.99692    0.00000
   0.00000    3.15011    6.28427    9.38700   12.44375   15.44129   18.36797   21.21393   23.97117   26.63355   29.19668   31.65784   34.01574   36.27037   38.42277   40.47486   42.42922   44.28897   46.05759   47.73883   49.33657   50.85477   52.29738   53.66832   54.97138   56.21027   57.38854   58.50957   59.57661   60.59273   61.56082   62.48362   63.36372   64.20354   65.00535   65.77130   66.50337   67.20346   67.87332   68.51458   69.12881   69.71742   70.28179   70.82317   71.34276   71.84165   72.32090   72.78148   73.22431   73.65025   74.06011   74.45465   74.83458   75.20059   75.55329   75.89329   76.22114   76.53739   76.84252   77.13701   77.42130   77.69582   77.96096   78.21709   78.46458   78.70375   78.93494   79.15843   79.37452   79.58349   79.78557   79.98103   80.17009   80.35298   80.52989   80.70105   80.86662   81.02680   81.18176   81.33165   81.47663   81.61686   81.75248   81.88361   82.01038   82.13293   82.25136   82.36579   82.47631   82.58304   82.68607   82.78550   82.88139   82.97386   83.06296   83.14878   83.23139   83.31085   83.38724   83.46062   83.53104   83.59856   83.66324   83.72512   83.78426   83.84070   83.89449   83.94565   83.99424   84.04030   84.08384   84.12491   84.16354   84.19976   84.23359   84.26505   84.29417   84.32098   84.34548   84.36770   84.38766   84.40536   84.42082   84.43405   84.44507   84.45387   84.46047   84.46486   84.46706   84.46706   84.46486   84.46047   84.45387   84.44507   84.43405   84.42082   84.40536   84.38766   84.36770   84.34548   84.32098   84.29417   84.26505   84.23359   84.19976   84.16354   84.12491   84.08384   84.04030   83.99424   83.94565   83.89449   83.84070   83.78426   83.72512   83.66324   83.59856   83.53104   83.46062   83.38724   83.31085   83.23139   83.14878   83.06296   82.97386   82.88139   82.78550   82.68607   82.58304   82.47631   82.36579   82.25136   82.13293   82.01038   81.88361   81.75248   81.61686   81.47663   81.33165   81.18176   81.02680   80.86662   80.70105   80.52989   80.35298   80.17009   79.98103   79.78557   79.58349   79.37452   79.15843   78.93494   78.70375   78.46458   78.21709   77.96096   77.69582   77.42130   77.13701   76.84252   76.53739   76.22114   75.89329   75.55329   75.20059   74.83458   74.45465   74.06011   73.65025   73.22431   72.78148   72.32090   71.84165   71.34276   70.82317   70.28179   69.71742   69.12881   68.51458   67.87332   67.20346   66.50337   65.77130   65.00535   64.20354   63.36372   62.48362   61.56082   60.59273   59.57661   58.50957   57.38854   56.21027   54.97138   53.66832   52.29738   50.85477   49.33657   47.73883   46.05759   44.28897   42.42922   40.47486   38.42277   36.27037   34.01574   31.65784   29.19668   26.63355   23.97117   21.21393   18.36797   15.44129   12.44375    9.38700    6.28427    3.15011    0.00000
   0.00000    3.31927    6.61993    9.88398   13.09463   16.23676   19.29727   22.26528   25.13221   27.89173   30.53964   33.07362   35.49303   37.79864   39.99235   42.07698   44.05603   45.93351   47.71374   49.40125   51.00064   52.51655   53.95349   55.31592   56.60810   57.83414   58.99794   60.10320   61.15344   62.15194   63.10181   64.00597   64.86712   65.68782   66.47045   67.21723   67.93024   68.61141   69.26256   69.88536   70.48139   71.05213   71.59894   72.12312   72.62584   73.10825   73.57137   74.01621   74.44366   74.85461   75.24984   75.63013   75.99618   76.34865   76.68818   77.01536   77.33074   77.63484   77.92816   78.21116   78.48428   78.74793   79.00250   79.24836   79.48587   79.71534   79.93709   80.15142   80.35861   80.55892   80.75260   80.93990   81.12103   81.29622   81.46566   81.62955   81.78808   81.94142   82.08974   82.23320   82.37194   82.50611   82.63585   82.76128   82.88254   82.99974   83.11300   83.22241   83.32809   83.43012   83.52861   83.62364   83.71530   83.80367   83.88882   83.97082   84.04975   84.12568   84.19866   84.26876   84.33603   84.40053   84.46231   84.52142   84.57790   84.63180   84.68316   84.73203   84.77843   84.82240   84.86398   84.90320   84.94008   84.97466   85.00696   85.03700   85.06480   85.09039   85.11378   85.13500   85.15405   85.17095   85.18571   85.19834   85.20885   85.21725   85.22355   85.22774   85.22984   85.22984   85.22774   85.22355   85.21725   85.20885   85.19834   85.18571   85.17095   85.15405   85.13500   85.11378   85.09039   85.06480   85.03700   85.00696   84.97466   84.94008   84.90320   84.86398   84.82240   84.77843   84.73203   84.68316   84.63180   84.57790   84.52142   84.46231   84.40053   84.33603   84.26876   84.19866   84.12568   84.04975   83.97082   83.88882   83.80367   83.71530   83.62364   83.52861   83.43012   83.32809   83.22241   83.11300   82.99974   82.88254   82.76128   82.63585   82.50611   82.37194   82.23320   82.08974   81.94142   81.78808   81.62955   81.46566   81.29622   81.12103   80.93990   80.75260   80.55892   80.35861   80.15142   79.93709   79.71534   79.48587   79.24836   79.00250   78.74793   78.48428   78.21116   77.92816   77.63484   77.33074   77.01536   76.68818   76.34865   75.99618   75.63013   75.24984   74.85461   74.44366   74.01621   73.57137   73.10825   72.62584   72.12312   71.59894   71.05213   70.48139   69.88536   69.26256   68.61141   67.93024   67.21723   66.47045   65.68782   64.86712   64.00597   63.10181   62.15194   61.15344   60.10320   58.99794   57.83414   56.60810   55.31592   53.95349   52.51655   51.00064   49.40125   47.71374   45.93351   44.05603   42.07698   39.99235   37.79864   35.49303   33.07362   30.53964   27.89173   25.13221   22.26528   19.29727   16.23676   13.09463    9.88398    6.61993    3.31927    0.00000
   0.00000    3.50704    6.99219   10.43435   13.81402   17.11385   20.31906   23.41770   26.40065   29.26154   31.99653   34.60398   37.08414   39.43881   41.67100   43.78468   45.78442   47.67530   49.46261   51.15177   52.74822   54.25727   55.68413   57.03377   58.31097   59.52024   60.66587   61.75186   62.78199   63.75978   64.68853   65.57131   66.41097   67.21017   67.97140   68.69694   69.38894   70.04939   70.68014   71.28290   71.85928   72.41076   72.93874   73.44450   73.92925   74.39412   74.84014   75.26831   75.67954   76.07468   76.45453   76.81985   77.17135   77.50967   77.83544   78.14924   78.45161   78.74308   79.02412   79.29519   79.55672   79.80912   80.05276   80.28800   80.51519   80.73465   80.94667   81.15156   81.34958   81.54099   81.72603   81.90493   82.07792   82.24520   82.40697   82.56343   82.71473   82.86107   83.00259   83.13946   83.27181   83.39979   83.52352   83.64314   83.75877   83.87051   83.97847   84.08277   84.18350   84.28075   84.37461   84.46516   84.55250   84.63669   84.71782   84.79594   84.87113   84.94345   85.01297   85.07973   85.14380   85.20522   85.26405   85.32034   85.37412   85.42544   85.47434   85.52087   85.56504   85.60690   85.64649   85.68382   85.71893   85.75184   85.78259   85.81118   85.83765   85.86200   85.88427   85.90446   85.92259   85.93867   85.95272   85.96474   85.97475   85.98274   85.98874   85.99273   85.99472   85.99472   85.99273   85.98874   85.98274   85.97475   85.96474   85.95272   85.93867   85.92259   85.90446   85.88427   85.86200   85.83765   85.81118   85.78259   85.75184   85.71893   85.68382   85.64649   85.60690   85.56504   85.52087   85.47434   85.42544   85.37412   85.32034   85.26405   85.20522   85.14380   85.07973   85.01297   84.94345   84.87113   84.79594   84.71782   84.63669   84.55250   84.46516   84.37461   84.28075   84.18350   84.08277   83.97847   83.87051   83.75877   83.64314   83.52352   83.39979   83.27181   83.13946   83.00259   82.86107   82.71473   82.56343   82.40697   82.24520   82.07792   81.90493   81.72603   81.54099   81.34958   81.15156   80.94667   80.73465   80.51519   80.28800   80.05276   79.80912   79.55672   79.29519   79.02412   78.74308   78.45161   78.14924   77.83544   77.50967   77.17135   76.81985   76.45453   76.07468   75.67954   75.26831   74.84014   74.39412   73.92925   73.44450   72.93874   72.41076   71.85928   71.28290   70.68014   70.04939   69.38894   68.69694   67.97140   67.21017   66.41097   65.57131   64.68853   63.75978   62.78199   61.75186   60.66587   59.52024   58.31097   57.03377   55.68413   54.25727   52.74822   51.15177   49.46261   47.67530   45.78442   43.78468   41.67100   39.43881   37.08414   34.60398   31.99653   29.26154   26.40065   23.41770   20.31906   17.11385   13.81402   10.43435    6.99219    3.50704    0.00000
   0.00000    3.71672    7.40743   11.04722   14.61327   18.08555   21.44743   24.68580   27.79114   30.75726   33.58096   36.26162   38.80073   41.20144   43.46819   45.60629   47.62169   49.52066   51.30962   52.99502   54.58318   56.08020   57.49197   58.82406   60.08175   61.27000   62.39343   63.45638   64.46288   65.41667   66.32123   67.17977   67.99527   68.77051   69.50802   70.21019   70.87920   71.51708   72.12570   72.70683   73.26206   73.79290   74.30075   74.78690   75.25255   75.69883   76.12677   76.53736   76.93150   77.31003   77.67376   78.02341   78.35968   78.68323   78.99466   79.29453   79.58339   79.86174   80.13005   80.38877   80.63830   80.87906   81.11141   81.33569   81.55225   81.76138   81.96340   82.15857   82.34716   82.52942   82.70558   82.87588   83.04051   83.19970   83.35361   83.50244   83.64636   83.78553   83.92010   84.05023   84.17606   84.29771   84.41531   84.52900   84.63887   84.74504   84.84762   84.94671   85.04239   85.13476   85.22391   85.30991   85.39285   85.47279   85.54982   85.62399   85.69538   85.76403   85.83002   85.89340   85.95421   86.01251   86.06834   86.12176   86.17280   86.22150   86.26791   86.31205   86.35397   86.39369   86.43124   86.46666   86.49997   86.53120   86.56037   86.58749   86.61260   86.63570   86.65683   86.67598   86.69318   86.70843   86.72176   86.73316   86.74265   86.75024   86.75592   86.75971   86.76160   86.76160   86.75971   86.75592   86.75024   86.74265   86.73316   86.72176   86.70843   86.69318   86.67598   86.65683   86.63570   86.61260   86.58749   86.56037   86.53120   86.49997   86.46666   86.43124   86.39369   86.35397   86.31205   86.26791   86.22150   86.17280   86.12176   86.06834   86.01251   85.95421   85.89340   85.83002   85.76403   85.69538   85.62399   85.54982   85.47279   85.39285   85.30991   85.22391   85.13476   85.04239   84.94671   84.84762   84.74504   84.63887   84.52900   84.41531   84.29771   84.17606   84.05023   83.92010   83.78553   83.64636   83.50244   83.35361   83.19970   83.04051   82.87588   82.70558   82.52942   82.34716   82.15857   81.96340   81.76138   81.55225   81.33569   81.11141   80.87906   80.63830   80.38877   80.13005   79.86174   79.58339   79.29453   78.99466   78.68323   78.35968   78.02341   77.67376   77.31003   76.93150   76.53736   76.12677   75.69883   75.25255   74.78690   74.30075   73.79290   73.26206   72.70683   72.12570   71.51708   70.87920   70.21019   69.50802   68.77051   67.99527   67.17977   66.32123   65.41667   64.46288   63.45638   62.39343   61.27000   60.08175   58.82406   57.49197   56.08020   54.58318   52.99502   51.30962   49.52066   47.62169   45.60629   43.46819   41.20144   38.80073   36.26162   33.58096   30.75726   27.79114   24.68580   21.44743   18.08555   14.61327   11.04722    7.40743    3.71672    0.00000
   0.00000    3.95239    7.87358   11.73385   15.50626   19.16767   22.69930   26.08694   29.32086   32.39540   35.30844   38.06082   40.65571   43.09805   45.39401   47.55062   49.57539   51.47601   53.26020   54.93552   56.50926   57.98839   59.37949   60.68876   61.92199   63.08456   64.18147   65.21736   66.19648   67.12280   67.99994   68.83126   69.61985   70.36856   71.08000   71.75660   72.40058   73.01401   73.59878   74.15664   74.68923   75.19804   75.68446   76.14979   76.59523   77.02187   77.43076   77.82286   78.19906   78.56020   78.90705   79.24034   79.56075   79.86892   80.16543   80.45084   80.72569   80.99045   81.24558   81.49152   81.72867   81.95742   82.17812   82.39111   82.59672   82.79524   82.98696   83.17215   83.35107   83.52394   83.69101   83.85248   84.00857   84.15946   84.30533   84.44637   84.58273   84.71458   84.84206   84.96531   85.08447   85.19967   85.31103   85.41866   85.52267   85.62318   85.72027   85.81404   85.90459   85.99200   86.07635   86.15772   86.23618   86.31181   86.38467   86.45483   86.52235   86.58729   86.64969   86.70962   86.76713   86.82226   86.87505   86.92556   86.97381   87.01986   87.06373   87.10546   87.14509   87.18264   87.21814   87.25162   87.28310   87.31262   87.34019   87.36582   87.38955   87.41139   87.43135   87.44946   87.46571   87.48013   87.49272   87.50350   87.51247   87.51964   87.52501   87.52859   87.53037   87.53037   87.52859   87.52501   87.51964   87.51247   87.50350   87.49272   87.48013   87.46571   87.44946   87.43135   87.41139   87.38955   87.36582   87.34019   87.31262   87.28310   87.25162   87.21814   87.18264   87.14509   87.10546   87.06373   87.01986   86.97381   86.92556   86.87505   86.82226   86.76713   86.70962   86.64969   86.58729   86.52235   86.45483   86.38467   86.31181   86.23618   86.15772   86.07635   85.99200   85.90459   85.81404   85.72027   85.62318   85.52267   85.41866   85.31103   85.19967   85.08447   84.96531   84.84206   84.71458   84.58273   84.44637   84.30533   84.15946   84.00857   83.85248   83.69101   83.52394   83.35107   83.17215   82.98696   82.79524   82.59672   82.39111   82.17812   81.95742   81.72867   81.49152   81.24558   80.99045   80.72569   80.45084   80.16543   79.86892   79.56075   79.24034   78.90705   78.56020   78.19906   77.82286   77.43076   77.02187   76.59523   76.14979   75.68446   75.19804   74.68923   74.15664   73.59878   73.01401   72.40058   71.75660   71.08000   70.36856   69.61985   68.83126   67.99994   67.12280   66.19648   65.21736   64.18147   63.08456   61.92199   60.68876   59.37949   57.98839   56.50926   54.93552   53.26020   51.47601   49.57539   47.55062   45.39401   43.09805   40.65571   38.06082   35.30844   32.39540   29.32086   26.08694   22.69930   19.16767   15.50626   11.73385    7.87358    3.95239    0.00000
   0.00000    4.21927    8.40066   12.50833   16.51027   20.37958   24.09515   27.64180   31.00996   34.19502   37.19657   40.01751   42.66326   45.14102   47.45918   49.62680   51.65322   53.54780   55.31966   56.97760   58.52996   59.98460   61.34884   62.62950   63.83288   64.96478   66.03055   67.03509   67.98289   68.87809   69.72447   70.52548   71.28431   72.00387   72.68682   73.33562   73.95252   74.53960   75.09875   75.63174   76.14018   76.62556   77.08927   77.53259   77.95669   78.36267   78.75154   79.12426   79.48169   79.82465   80.15390   80.47015   80.77406   81.06625   81.34730   81.61773   81.87807   82.12877   82.37030   82.60306   82.82744   83.04382   83.25254   83.45392   83.64828   83.83590   84.01706   84.19202   84.36101   84.52428   84.68203   84.83448   84.98182   85.12423   85.26189   85.39497   85.52362   85.64800   85.76824   85.88449   85.99686   86.10548   86.21047   86.31194   86.40999   86.50472   86.59623   86.68460   86.76993   86.85230   86.93177   87.00843   87.08235   87.15360   87.22223   87.28832   87.35191   87.41307   87.47184   87.52828   87.58243   87.63434   87.68405   87.73161   87.77704   87.82039   87.86169   87.90098   87.93829   87.97363   88.00705   88.03857   88.06821   88.09599   88.12194   88.14607   88.16840   88.18895   88.20774   88.22478   88.24008   88.25365   88.26550   88.27564   88.28408   88.29083   88.29588   88.29925   88.30094   88.30094   88.29925   88.29588   88.29083   88.28408   88.27564   88.26550   88.25365   88.24008   88.22478   88.20774   88.18895   88.16840   88.14607   88.12194   88.09599   88.06821   88.03857   88.00705   87.97363   87.93829   87.90098   87.86169   87.82039   87.77704   87.73161   87.68405   87.63434   87.58243   87.52828   87.47184   87.41307   87.35191   87.28832   87.22223   87.15360   87.08235   87.00843   86.93177   86.85230   86.76993   86.68460   86.59623   86.50472   86.40999   86.31194   86.21047   86.10548   85.99686   85.88449   85.76824   85.64800   85.52362   85.39497   85.26189   85.12423   84.98182   84.83448   84.68203   84.52428   84.36101   84.19202   84.01706   83.83590   83.64828   83.45392   83.25254   83.04382   82.82744   82.60306   82.37030   82.12877   81.87807   81.61773   81.34730   81.06625   80.77406   80.47015   80.15390   79.82465   79.48169   79.12426   78.75154   78.36267   77.95669   77.53259   77.08927   76.62556   76.14018   75.63174   75.09875   74.53960   73.95252   73.33562   72.68682   72.00387   71.28431   70.52548   69.72447   68.87809   67.98289   67.03509   66.03055   64.96478   63.83288   62.62950   61.34884   59.98460   58.52996   56.97760   55.31966   53.54780   51.65322   49.62680   47.45918   45.14102   42.66326   40.01751   37.19657   34.19502   31.00996   27.64180   24.09515   20.37958   16.51027   12.50833    8.40066    4.21927    0.00000
   0.00000    4.52404    9.00146   13.38853   17.64690   21.74522   25.65992   29.37516   32.88215   36.17817   39.26532   42.14939   44.83878   47.34360   49.67490   51.84418   53.86291   55.74229   57.49303   59.12525   60.64838   62.07120   63.40178   64.64753   65.81525   66.91114   67.94086   68.90955   69.82191   70.68221   71.49436   72.26189   72.98805   73.67579   74.32780   74.94655   75.53430   76.09311   76.62489   77.13138   77.61418   78.07476   78.51448   78.93460   79.33627   79.72057   80.08848   80.44094   80.77878   81.10281   81.41376   81.71231   81.99910   82.27474   82.53977   82.79472   83.04007   83.27629   83.50379   83.72297   83.93422   84.13788   84.33429   84.52376   84.70658   84.88303   85.05337   85.21784   85.37669   85.53013   85.67836   85.82159   85.95999   86.09375   86.22304   86.34800   86.46879   86.58556   86.69843   86.80753   86.91299   87.01492   87.11344   87.20864   87.30063   87.38949   87.47533   87.55822   87.63824   87.71548   87.79001   87.86189   87.93120   87.99800   88.06234   88.12430   88.18391   88.24123   88.29632   88.34922   88.39997   88.44862   88.49521   88.53977   88.58235   88.62297   88.66168   88.69849   88.73344   88.76656   88.79787   88.82740   88.85516   88.88119   88.90550   88.92811   88.94903   88.96828   88.98588   89.00184   89.01617   89.02889   89.03999   89.04949   89.05740   89.06371   89.06845   89.07160   89.07318   89.07318   89.07160   89.06845   89.06371   89.05740   89.04949   89.03999   89.02889   89.01617   89.00184   88.98588   88.96828   88.94903   88.92811   88.90550   88.88119   88.85516   88.82740   88.79787   88.76656   88.73344   88.69849   88.66168   88.62297   88.58235   88.53977   88.49521   88.44862   88.39997   88.34922   88.29632   88.24123   88.18391   88.12430   88.06234   87.99800   87.93120   87.86189   87.79001   87.71548   87.63824   87.55822   87.47533   87.38949   87.30063   87.20864   87.11344   87.01492   86.91299   86.80753   86.69843   86.58556   86.46879   86.34800   86.22304   86.09375   85.95999   85.82159   85.67836   85.53013   85.37669   85.21784   85.05337   84.88303   84.70658   84.52376   84.33429   84.13788   83.93422   83.72297   83.50379   83.27629   83.04007   82.79472   82.53977   82.27474   81.99910   81.71231   81.41376   81.10281   80.77878   80.44094   80.08848   79.72057   79.33627   78.93460   78.51448   78.07476   77.61418   77.13138   76.62489   76.09311   75.53430   74.94655   74.32780   73.67579   72.98805   72.26189   71.49436   70.68221   69.82191   68.90955   67.94086   66.91114   65.81525   64.64753   63.40178   62.07120   60.64838   59.12525   57.49303   55.74229   53.86291   51.84418   49.67490   47.34360   44.83878   42.14939   39.26532   36.17817   32.88215   29.37516   25.65992   21.74522   17.64690   13.38853    9.00146    4.52404    0.00000
   0.00000    4.87544    9.69260   14.39744   18.94358   23.29448   27.42416   31.31675   34.96532   38.37018   41.53714   44.47595   47.19889   49.71968   52.05265   54.21210   56.21195   58.06543   59.78494   61.38198   62.86713   64.25004   65.53953   66.74359   67.86945   68.92368   69.91219   70.84034   71.71298   72.53450   73.30886   74.03968   74.73021   75.38343   76.00203   76.58847   77.14500   77.67366   78.17633   78.65471   79.11039   79.54481   79.95929   80.35505   80.73322   81.09485   81.44089   81.77223   82.08970   82.39405   82.68600   82.96622   83.23530   83.49383   83.74233   83.98131   84.21122   84.43251   84.64559   84.85082   85.04858   85.23919   85.42298   85.60024   85.77124   85.93626   86.09553   86.24930   86.39778   86.54118   86.67970   86.81352   86.94281   87.06776   87.18850   87.30520   87.41799   87.52700   87.63237   87.73422   87.83265   87.92779   88.01972   88.10855   88.19438   88.27729   88.35737   88.43469   88.50934   88.58138   88.65089   88.71793   88.78256   88.84485   88.90485   88.96261   89.01819   89.07164   89.12300   89.17231   89.21962   89.26497   89.30839   89.34993   89.38962   89.42748   89.46355   89.49786   89.53043   89.56129   89.59047   89.61799   89.64386   89.66812   89.69077   89.71183   89.73133   89.74927   89.76567   89.78054   89.79389   89.80573   89.81608   89.82493   89.83230   89.83818   89.84260   89.84554   89.84700   89.84700   89.84554   89.84260   89.83818   89.83230   89.82493   89.81608   89.80573   89.79389   89.78054   89.76567   89.74927   89.73133   89.71183   89.69077   89.66812   89.64386   89.61799   89.59047   89.56129   89.53043   89.49786   89.46355   89.42748   89.38962   89.34993   89.30839   89.26497   89.21962   89.17231   89.12300   89.07164   89.01819   88.96261   88.90485   88.84485   88.78256   88.71793   88.65089   88.58138   88.50934   88.43469   88.35737   88.27729   88.19438   88.10855   88.01972   87.92779   87.83265   87.73422   87.63237   87.52700   87.41799   87.30520   87.18850   87.06776   86.94281   86.81352   86.67970   86.54118   86.39778   86.24930   86.09553   85.93626   85.77124   85.60024   85.42298   85.23919   85.04858   84.85082   84.64559   84.43251   84.21122   83.98131   83.74233   83.49383   83.23530   82.96622   82.68600   82.39405   82.08970   81.77223   81.44089   81.09485   80.73322   80.35505   79.95929   79.54481   79.11039   78.65471   78.17633   77.67366   77.14500   76.58847   76.00203   75.38343   74.73021   74.03968   73.30886   72.53450   71.71298   70.84034   69.91219   68.92368   67.86945   66.74359   65.53953   64.25004   62.86713   61.38198   59.78494   58.06543   56.21195   54.21210   52.05265   49.71968   47.19889   44.47595   41.53714   38.37018   34.96532   31.31675   27.42416   23.29448   18.94358   14.39744    9.69260    4.87544    0.00000
   0.00000    5.28511   10.49606   15.56503   20.43551   25.06498   29.42547   33.50238   37.29222   40.80008   44.03711   47.01838   49.76115   52.28360   54.60390   56.73962   58.70736   60.52253   62.19932   63.75061   65.18810   66.52231   67.76272   68.91784   69.99530   71.00193   71.94387   72.82664   73.65517   74.43393   75.16692   75.85775   76.50969   77.12569   77.70842   78.26031   78.78357   79.28020   79.75204   80.20076   80.62787   81.03480   81.42281   81.79309   82.14673   82.48472   82.80800   83.11740   83.41372   83.69770   83.97000   84.23125   84.48205   84.72294   84.95441   85.17695   85.39100   85.59696   85.79523   85.98615   86.17009   86.34734   86.51821   86.68297   86.84190   86.99523   87.14321   87.28604   87.42395   87.55711   87.68573   87.80997   87.92999   88.04596   88.15802   88.26631   88.37096   88.47210   88.56985   88.66432   88.75562   88.84385   88.92910   89.01148   89.09106   89.16793   89.24216   89.31384   89.38304   89.44981   89.51424   89.57637   89.63627   89.69399   89.74959   89.80311   89.85461   89.90413   89.95171   89.99740   90.04123   90.08324   90.12347   90.16194   90.19870   90.23377   90.26718   90.29896   90.32913   90.35771   90.38474   90.41022   90.43418   90.45664   90.47762   90.49713   90.51518   90.53180   90.54698   90.56075   90.57311   90.58408   90.59366   90.60186   90.60868   90.61413   90.61822   90.62094   90.62230   90.62230   90.62094   90.61822   90.61413   90.60868   90.60186   90.59366   90.58408   90.57311   90.56075   90.54698   90.53180   90.51518   90.49713   90.47762   90.45664   90.43418   90.41022   90.38474   90.35771   90.32913   90.29896   90.26718   90.23377   90.19870   90.16194   90.12347   90.08324   90.04123   89.99740   89.95171   89.90413   89.85461   89.80311   89.74959   89.69399   89.63627   89.57637   89.51424   89.44981   89.38304   89.31384   89.24216   89.16793   89.09106   89.01148   88.92910   88.84385   88.75562   88.66432   88.56985   88.47210   88.37096   88.26631   88.15802   88.04596   87.92999   87.80997   87.68573   87.55711   87.42395   87.28604   87.14321   86.99523   86.84190   86.68297   86.51821   86.34734   86.17009   85.98615   85.79523   85.59696   85.39100   85.17695   84.95441   84.72294   84.48205   84.23125   83.97000   83.69770   83.41372   83.11740   82.80800   82.48472   82.14673   81.79309   81.42281   81.03480   80.62787   80.20076   79.75204   79.28020   78.78357   78.26031   77.70842   77.12569   76.50969   75.85775   75.16692   74.43393   73.65517   72.82664   71.94387   71.00193   69.99530   68.91784   67.76272   66.52231   65.18810   63.75061   62.19932   60.52253   58.70736   56.73962   54.60390   52.28360   49.76115   47.01838   44.03711   40.80008   37.29222   33.50238   29.42547   25.06498   20.43551   15.56503   10.49606    5.28511    0.00000
   0.00000    5.76893   11.44149   16.93114   22.16845   27.10444   31.71037   35.97507   39.90109   43.50080   46.79283   49.79930   52.54373   55.04967   57.33974   59.43513   61.35532   63.11803   64.73918   66.23305   67.61234   68.88838   70.07121   71.16976   72.19196   73.14486   74.03474   74.86717   75.64715   76.37914   77.06713   77.71471   78.32511   78.90121   79.44565   79.96079   80.44877   80.91154   81.35088   81.76839   82.16555   82.54370   82.90406   83.24778   83.57588   83.88932   84.18897   84.47565   84.75010   85.01301   85.26503   85.50675   85.73872   85.96146   86.17543   86.38109   86.57885   86.76910   86.95220   87.12848   87.29827   87.46186   87.61953   87.77155   87.91815   88.05957   88.19602   88.32772   88.45485   88.57760   88.69614   88.81063   88.92122   89.02807   89.13130   89.23105   89.32744   89.42059   89.51060   89.59759   89.68165   89.76288   89.84137   89.91719   89.99044   90.06119   90.12951   90.19548   90.25915   90.32060   90.37988   90.43704   90.49215   90.54526   90.59640   90.64564   90.69301   90.73856   90.78233   90.82435   90.86466   90.90329   90.94029   90.97567   91.00948   91.04173   91.07245   91.10167   91.12941   91.15569   91.18054   91.20397   91.22600   91.24666   91.26594   91.28388   91.30048   91.31575   91.32971   91.34237   91.35374   91.36382   91.37263   91.38016   91.38643   91.39144   91.39520   91.39770   91.39895   91.39895   91.39770   91.39520   91.39144   91.38643   91.38016   91.37263   91.36382   91.35374   91.34237   91.32971   91.31575   91.30048   91.28388   91.26594   91.24666   91.22600   91.20397   91.18054   91.15569   91.12941   91.10167   91.07245   91.04173   91.00948   90.97567   90.94029   90.90329   90.86466   90.82435   90.78233   90.73856   90.69301   90.64564   90.59640   90.54526   90.49215   90.43704   90.37988   90.32060   90.25915   90.19548   90.12951   90.06119   89.99044   89.91719   89.84137   89.76288   89.68165   89.59759   89.51060   89.42059   89.32744   89.23105   89.13130   89.02807   88.92122   88.81063   88.69614   88.57760   88.45485   88.32772   88.19602   88.05957   87.91815   87.77155   87.61953   87.46186   87.29827   87.12848   86.95220   86.76910   86.57885   86.38109   86.17543   85.96146   85.73872   85.50675   85.26503   85.01301   84.75010   84.47565   84.18897   83.88932   83.57588   83.24778   82.90406   82.54370   82.16555   81.76839   81.35088   80.91154   80.44877   79.96079   79.44565   78.90121   78.32511   77.71471   77.06713   76.37914   75.64715   74.86717   74.03474   73.14486   72.19196   71.16976   70.07121   68.88838   67.61234   66.23305   64.73918   63.11803   61.35532   59.43513   57.33974   55.04967   52.54373   49.79930   46.79283   43.50080   39.90109   35.97507   31.71037   27.10444   22.16845   16.93114   11.44149    5.76893    0.00000
   0.00000    6.34913   12.56982   18.54958   24.20270   29.47396   34.33651   38.78642   42.83628   46.50922   49.83413   52.84225   55.56481   58.03160   60.27025   62.30582   64.16078   65.85508   67.40634   68.83005   70.13984   71.34765   72.46397   73.49803   74.45793   75.35083   76.18304   76.96015   77.68711   78.36834   79.00776   79.60887   80.17481   80.70840   81.21218   81.68842   82.13918   82.56632   82.97155   83.35639   83.72224   84.07038   84.40197   84.71808   85.01969   85.30769   85.58292   85.84612   86.09801   86.33922   86.57037   86.79200   87.00463   87.20874   87.40477   87.59314   87.77423   87.94840   88.11599   88.27731   88.43266   88.58231   88.72652   88.86553   88.99958   89.12886   89.25360   89.37396   89.49014   89.60230   89.71060   89.81519   89.91621   90.01379   90.10807   90.19916   90.28717   90.37221   90.45439   90.53379   90.61052   90.68466   90.75629   90.82549   90.89233   90.95689   91.01923   91.07941   91.13750   91.19356   91.24763   91.29978   91.35004   91.39848   91.44513   91.49003   91.53324   91.57477   91.61468   91.65300   91.68976   91.72499   91.75872   91.79099   91.82181   91.85121   91.87922   91.90586   91.93115   91.95511   91.97776   91.99912   92.01921   92.03803   92.05562   92.07196   92.08709   92.10102   92.11374   92.12528   92.13564   92.14483   92.15286   92.15973   92.16545   92.17001   92.17344   92.17572   92.17686   92.17686   92.17572   92.17344   92.17001   92.16545   92.15973   92.15286   92.14483   92.13564   92.12528   92.11374   92.10102   92.08709   92.07196   92.05562   92.03803   92.01921   91.99912   91.97776   91.95511   91.93115   91.90586   91.87922   91.85121   91.82181   91.79099   91.75872   91.72499   91.68976   91.65300   91.61468   91.57477   91.53324   91.49003   91.44513   91.39848   91.35004   91.29978   91.24763   91.19356   91.13750   91.07941   91.01923   90.95689   90.89233   90.82549   90.75629   90.68466   90.61052   90.53379   90.45439   90.37221   90.28717   90.19916   90.10807   90.01379   89.91621   89.81519   89.71060   89.60230   89.49014   89.37396   89.25360   89.12886   88.99958   88.86553   88.72652   88.58231   88.43266   88.27731   88.11599   87.94840   87.77423   87.59314   87.40477   87.20874   87.00463   86.79200   86.57037   86.33922   86.09801   85.84612   85.58292   85.30769   85.01969   84.71808   84.40197   84.07038   83.72224   83.35639   82.97155   82.56632   82.13918   81.68842   81.21218   80.70840   80.17481   79.60887   79.00776   78.36834   77.68711   76.96015   76.18304   75.35083   74.45793   73.49803   72.46397   71.34765   70.13984   68.83005   67.40634   65.85508   64.16078   62.30582   60.27025   58.03160   55.56481   52.84225   49.83413   46.50922   42.83628   38.78642   34.33651   29.47396   24.20270   18.54958   12.56982    6.34913    0.00000
   0.00000    7.05778   13.93908   20.49467   26.61882   32.25219   37.37527   41.99783   46.14840   49.86565   53.19222   56.17077   58.84165   61.24169   63.40384   65.35713   67.12690   68.73518   70.20104   71.54099   72.76932   73.89841   74.93900   75.90045   76.79090   77.61749   78.38644   79.10327   79.77282   80.39935   80.98669   81.53819   82.05687   82.54542   83.00625   83.44152   83.85319   84.24302   84.61260   84.96337   85.29664   85.61361   85.91536   86.20289   86.47711   86.73885   86.98889   87.22792   87.45659   87.67551   87.88522   88.08625   88.27906   88.46409   88.64177   88.81245   88.97651   89.13427   89.28604   89.43211   89.57274   89.70820   89.83871   89.96449   90.08577   90.20272   90.31554   90.42439   90.52945   90.63086   90.72877   90.82332   90.91463   91.00283   91.08802   91.17034   91.24986   91.32670   91.40094   91.47267   91.54198   91.60895   91.67364   91.73614   91.79650   91.85480   91.91109   91.96543   92.01788   92.06849   92.11731   92.16439   92.20977   92.25349   92.29560   92.33613   92.37512   92.41262   92.44864   92.48322   92.51639   92.54819   92.57863   92.60774   92.63556   92.66209   92.68736   92.71140   92.73422   92.75584   92.77628   92.79555   92.81367   92.83066   92.84652   92.86127   92.87492   92.88748   92.89896   92.90937   92.91872   92.92701   92.93425   92.94045   92.94561   92.94973   92.95282   92.95487   92.95590   92.95590   92.95487   92.95282   92.94973   92.94561   92.94045   92.93425   92.92701   92.91872   92.90937   92.89896   92.88748   92.87492   92.86127   92.84652   92.83066   92.81367   92.79555   92.77628   92.75584   92.73422   92.71140   92.68736   92.66209   92.63556   92.60774   92.57863   92.54819   92.51639   92.48322   92.44864   92.41262   92.37512   92.33613   92.29560   92.25349   92.20977   92.16439   92.11731   92.06849   92.01788   91.96543   91.91109   91.85480   91.79650   91.73614   91.67364   91.60895   91.54198   91.47267   91.40094   91.32670   91.24986   91.17034   91.08802   91.00283   90.91463   90.82332   90.72877   90.63086   90.52945   90.42439   90.31554   90.20272   90.08577   89.96449   89.83871   89.70820   89.57274   89.43211   89.28604   89.13427   88.97651   88.81245   88.64177   88.46409   88.27906   88.08625   87.88522   87.67551   87.45659   87.22792   86.98889   86.73885   86.47711   86.20289   85.91536   85.61361   85.29664   84.96337   84.61260   84.24302   83.85319   83.44152   83.00625   82.54542   82.05687   81.53819   80.98669   80.39935   79.77282   79.10327   78.38644   77.61749   76.79090   75.90045   74.93900   73.89841   72.76932   71.54099   70.20104   68.73518   67.12690   65.35713   63.40384   61.24169   58.84165   56.17077   53.19222   49.86565   46.14840   41.99783   37.37527   32.25219   26.61882   20.49467   13.93908    7.05778    0.00000
   0.00000    7.94289   15.63406   22.87119   29.52572   35.54072   40.91456   45.68124   49.89384   53.61275   56.89833   59.80698   62.38931   64.68967   66.74630   68.59195   70.25451   71.75769   73.12164   74.36354   75.49804   76.53766   77.49318   78.37387   79.18775   79.94176   80.64198   81.29369   81.90152   82.46958   83.00145   83.50033   83.96905   84.41015   84.82587   85.21823   85.58906   85.93997   86.27246   86.58784   86.88734   87.17205   87.44297   87.70101   87.94700   88.18172   88.40586   88.62006   88.82493   89.02099   89.20876   89.38871   89.56126   89.72682   89.88575   90.03840   90.18510   90.32614   90.46180   90.59234   90.71801   90.83903   90.95561   91.06797   91.17627   91.28071   91.38144   91.47862   91.57240   91.66292   91.75031   91.83468   91.91616   91.99486   92.07087   92.14430   92.21524   92.28378   92.35000   92.41398   92.47579   92.53551   92.59319   92.64892   92.70274   92.75472   92.80490   92.85335   92.90011   92.94522   92.98874   93.03070   93.07114   93.11011   93.14764   93.18377   93.21852   93.25193   93.28403   93.31484   93.34440   93.37274   93.39986   93.42580   93.45058   93.47422   93.49674   93.51816   93.53849   93.55775   93.57596   93.59313   93.60927   93.62441   93.63854   93.65168   93.66384   93.67503   93.68526   93.69453   93.70286   93.71024   93.71669   93.72221   93.72681   93.73048   93.73323   93.73506   93.73598   93.73598   93.73506   93.73323   93.73048   93.72681   93.72221   93.71669   93.71024   93.70286   93.69453   93.68526   93.67503   93.66384   93.65168   93.63854   93.62441   93.60927   93.59313   93.57596   93.55775   93.53849   93.51816   93.49674   93.47422   93.45058   93.42580   93.39986   93.37274   93.34440   93.31484   93.28403   93.25193   93.21852   93.18377   93.14764   93.11011   93.07114   93.03070   92.98874   92.94522   92.90011   92.85335   92.80490   92.75472   92.70274   92.64892   92.59319   92.53551   92.47579   92.41398   92.35000   92.28378   92.21524   92.14430   92.07087   91.99486   91.91616   91.83468   91.75031   91.66292   91.57240   91.47862   91.38144   91.28071   91.17627   91.06797   90.95561   90.83903   90.71801   90.59234   90.46180   90.32614   90.18510   90.03840   89.88575   89.72682   89.56126   89.38871   89.20876   89.02099   88.82493   88.62006   88.40586   88.18172   87.94700   87.70101   87.44297   87.17205   86.88734   86.58784   86.27246   85.93997   85.58906   85.21823   84.82587   84.41015   83.96905   83.50033   83.00145   82.46958   81.90152   81.29369   80.64198   79.94176   79.18775   78.37387   77.49318   76.53766   75.49804   74.36354   73.12164   71.75769   70.25451   68.59195   66.74630   64.68967   62.38931   59.80698   56.89833   53.61275   49.89384   45.68124   40.91456   35.54072   29.52572   22.87119   15.63406    7.94289    0.00000
   0.00000    9.07974   17.78305   25.83033   33.07214   39.47042   45.06100   49.91872   54.13299   57.79317   60.98136   63.76949   66.21896   68.38136   70.29974   72.00987   73.54151   74.91943   76.16431   77.29350   78.32162   79.26102   80.12219   80.91410   81.64445   82.31984   82.94602   83.52797   84.07002   84.57598   85.04920   85.49263   85.90887   86.30026   86.66884   87.01648   87.34483   87.65536   87.94942   88.22821   88.49284   88.74428   88.98345   89.21117   89.42818   89.63517   89.83277   90.02156   90.20206   90.37477   90.54013   90.69857   90.85046   90.99616   91.13601   91.27031   91.39935   91.52339   91.64268   91.75745   91.86792   91.97429   92.07676   92.17548   92.27065   92.36240   92.45089   92.53625   92.61862   92.69812   92.77485   92.84894   92.92048   92.98957   93.05630   93.12076   93.18303   93.24318   93.30130   93.35745   93.41169   93.46409   93.51471   93.56361   93.61083   93.65643   93.70046   93.74296   93.78397   93.82355   93.86172   93.89852   93.93400   93.96818   94.00109   94.03277   94.06325   94.09255   94.12070   94.14772   94.17365   94.19849   94.22228   94.24502   94.26675   94.28748   94.30722   94.32600   94.34383   94.36072   94.37668   94.39174   94.40589   94.41916   94.43154   94.44306   94.45373   94.46354   94.47250   94.48063   94.48793   94.49441   94.50006   94.50490   94.50893   94.51215   94.51456   94.51616   94.51697   94.51697   94.51616   94.51456   94.51215   94.50893   94.50490   94.50006   94.49441   94.48793   94.48063   94.47250   94.46354   94.45373   94.44306   94.43154   94.41916   94.40589   94.39174   94.37668   94.36072   94.34383   94.32600   94.30722   94.28748   94.26675   94.24502   94.22228   94.19849   94.17365   94.14772   94.12070   94.09255   94.06325   94.03277   94.00109   93.96818   93.93400   93.89852   93.86172   93.82355   93.78397   93.74296   93.70046   93.65643   93.61083   93.56361   93.51471   93.46409   93.41169   93.35745   93.30130   93.24318   93.18303   93.12076   93.05630   92.98957   92.92048   92.84894   92.77485   92.69812   92.61862   92.53625   92.45089   92.36240   92.27065   92.17548   92.07676   91.97429   91.86792   91.75745   91.64268   91.52339   91.39935   91.27031   91.13601   90.99616   90.85046   90.69857   90.54013   90.37477   90.20206   90.02156   89.83277   89.63517   89.42818   89.21117   88.98345   88.74428   88.49284   88.22821   87.94942   87.65536   87.34483   87.01648   86.66884   86.30026   85.90887   85.49263   85.04920   84.57598   84.07002   83.52797   82.94602   82.31984   81.64445   80.91410   80.12219   79.26102   78.32162   77.29350   76.16431   74.91943   73.54151   72.00987   70.29974   68.38136   66.21896   63.76949   60.98136   57.79317   54.13299   49.91872   45.06100   39.47042   33.07214   25.83033   17.78305    9.07974    0.00000
   0.00000   10.59303   20.58808   29.59496   37.46207   44.20783   49.94029   54.79967   58.92621   62.44559   65.46445   68.07068   70.33568   72.31709   74.06142   75.60628   76.98223   78.21419   79.32266   80.32454   81.23393   82.06260   82.82046   83.51591   84.15610   84.74714   85.29430   85.80214   86.27460   86.71512   87.12674   87.51210   87.87355   88.21316   88.53277   88.83403   89.11841   89.38721   89.64164   89.88275   90.11151   90.32879   90.53539   90.73203   90.91937   91.09801   91.26849   91.43133   91.58699   91.73589   91.87843   92.01497   92.14584   92.27137   92.39182   92.50748   92.61859   92.72538   92.82807   92.92686   93.02193   93.11347   93.20163   93.28657   93.36843   93.44736   93.52347   93.59688   93.66771   93.73607   93.80205   93.86575   93.92725   93.98664   94.04400   94.09941   94.15293   94.20463   94.25457   94.30282   94.34943   94.39446   94.43795   94.47996   94.52054   94.55971   94.59754   94.63405   94.66928   94.70328   94.73606   94.76768   94.79815   94.82751   94.85578   94.88299   94.90916   94.93432   94.95850   94.98171   95.00397   95.02530   95.04573   95.06526   95.08392   95.10172   95.11867   95.13480   95.15011   95.16461   95.17831   95.19124   95.20339   95.21478   95.22542   95.23531   95.24446   95.25289   95.26059   95.26757   95.27383   95.27939   95.28425   95.28840   95.29186   95.29462   95.29669   95.29807   95.29876   95.29876   95.29807   95.29669   95.29462   95.29186   95.28840   95.28425   95.27939   95.27383   95.26757   95.26059   95.25289   95.24446   95.23531   95.22542   95.21478   95.20339   95.19124   95.17831   95.16461   95.15011   95.13480   95.11867   95.10172   95.08392   95.06526   95.04573   95.02530   95.00397   94.98171   94.95850   94.93432   94.90916   94.88299   94.85578   94.82751   94.79815   94.76768   94.73606   94.70328   94.66928   94.63405   94.59754   94.55971   94.52054   94.47996   94.43795   94.39446   94.34943   94.30282   94.25457   94.20463   94.15293   94.09941   94.04400   93.98664   93.92725   93.86575   93.80205   93.73607   93.66771   93.59688   93.52347   93.44736   93.36843   93.28657   93.20163   93.11347   93.02193   92.92686   92.82807   92.72538   92.61859   92.50748   92.39182   92.27137   92.14584   92.01497   91.87843   91.73589   91.58699   91.43133   91.26849   91.09801   90.91937   90.73203   90.53539   90.32879   90.11151   89.88275   89.64164   89.38721   89.11841   88.83403   88.53277   88.21316   87.87355   87.51210   87.12674   86.71512   86.27460   85.80214   85.29430   84.74714   84.15610   83.51591   82.82046   82.06260   81.23393   80.32454   79.32266   78.21419   76.98223   75.60628   74.06142   72.31709   70.33568   68.07068   65.46445   62.44559   58.92621   54.79967   49.94029   44.20783   37.46207   29.59496   20.58808   10.59303    0.00000
   0.00000   12.70430   24.38127   34.49935   42.97335   49.95853   55.69265   60.41347   64.32658   67.59852   70.36017   72.71310   74.73598   76.48988   78.02256   79.37162   80.56693   81.63246   82.58758   83.44808   84.22696   84.93499   85.58114   86.17298   86.71689   87.21832   87.68191   88.11169   88.51111   88.88318   89.23054   89.55550   89.86007   90.14606   90.41505   90.66846   90.90755   91.13345   91.34718   91.54964   91.74166   91.92399   92.09730   92.26220   92.41927   92.56900   92.71186   92.84829   92.97867   93.10337   93.22272   93.33703   93.44658   93.55163   93.65243   93.74920   93.84215   93.93148   94.01737   94.09998   94.17948   94.25602   94.32973   94.40073   94.46916   94.53513   94.59874   94.66009   94.71928   94.77640   94.83153   94.88475   94.93613   94.98574   95.03366   95.07994   95.12464   95.16782   95.20954   95.24983   95.28876   95.32636   95.36268   95.39776   95.43164   95.46435   95.49593   95.52641   95.55583   95.58421   95.61159   95.63798   95.66342   95.68792   95.71152   95.73423   95.75608   95.77709   95.79727   95.81664   95.83522   95.85303   95.87007   95.88638   95.90195   95.91681   95.93096   95.94441   95.95719   95.96929   95.98073   95.99152   96.00166   96.01116   96.02004   96.02830   96.03593   96.04296   96.04939   96.05521   96.06044   96.06508   96.06913   96.07260   96.07549   96.07779   96.07952   96.08067   96.08124   96.08124   96.08067   96.07952   96.07779   96.07549   96.07260   96.06913   96.06508   96.06044   96.05521   96.04939   96.04296   96.03593   96.02830   96.02004   96.01116   96.00166   95.99152   95.98073   95.96929   95.95719   95.94441   95.93096   95.91681   95.90195   95.88638   95.87007   95.85303   95.83522   95.81664   95.79727   95.77709   95.75608   95.73423   95.71152   95.68792   95.66342   95.63798   95.61159   95.58421   95.55583   95.52641   95.49593   95.46435   95.43164   95.39776   95.36268   95.32636   95.28876   95.24983   95.20954   95.16782   95.12464   95.07994   95.03366   94.98574   94.93613   94.88475   94.83153   94.77640   94.71928   94.66009   94.59874   94.53513   94.46916   94.40073   94.32973   94.25602   94.17948   94.09998   94.01737   93.93148   93.84215   93.74920   93.65243   93.55163   93.44658   93.33703   93.22272   93.10337   92.97867   92.84829   92.71186   92.56900   92.41927   92.26220   92.09730   91.92399   91.74166   91.54964   91.34718   91.13345   90.90755   90.66846   90.41505   90.14606   89.86007   89.55550   89.23054   88.88318   88.51111   88.11169   87.68191   87.21832   86.71689   86.17298   85.58114   84.93499   84.22696   83.44808   82.58758   81.63246   80.56693   79.37162   78.02256   76.48988   74.73598   72.71310   70.36017   67.59852   64.32658   60.41347   55.69265   49.95853   42.97335   34.49935   24.38127   12.70430    0.00000
   0.00000   15.84290   29.73335   41.04781   49.97346   56.96030   62.45831   66.83498   70.36812   73.26175   75.66460   77.68559   79.40525   80.88391   82.16732   83.29069   84.28142   85.16115   85.94712   86.65324   87.29085   87.86924   88.39613   88.87797   89.32017   89.72732   90.10334   90.45159   90.77496   91.07595   91.35675   91.61927   91.86518   92.09596   92.31291   92.51721   92.70989   92.89187   93.06398   93.22697   93.38150   93.52820   93.66760   93.80022   93.92649   94.04685   94.16167   94.27129   94.37604   94.47621   94.57206   94.66386   94.75182   94.83615   94.91707   94.99474   95.06934   95.14102   95.20994   95.27622   95.34000   95.40140   95.46052   95.51747   95.57235   95.62526   95.67627   95.72546   95.77292   95.81872   95.86292   95.90558   95.94677   95.98655   96.02495   96.06205   96.09788   96.13249   96.16592   96.19822   96.22941   96.25955   96.28865   96.31676   96.34391   96.37012   96.39542   96.41985   96.44342   96.46616   96.48809   96.50923   96.52961   96.54925   96.56815   96.58635   96.60385   96.62068   96.63684   96.65236   96.66724   96.68151   96.69516   96.70822   96.72070   96.73260   96.74393   96.75471   96.76494   96.77463   96.78380   96.79244   96.80056   96.80817   96.81528   96.82190   96.82801   96.83364   96.83879   96.84345   96.84764   96.85136   96.85460   96.85738   96.85969   96.86154   96.86292   96.86384   96.86430   96.86430   96.86384   96.86292   96.86154   96.85969   96.85738   96.85460   96.85136   96.84764   96.84345   96.83879   96.83364   96.82801   96.82190   96.81528   96.80817   96.80056   96.79244   96.78380   96.77463   96.76494   96.75471   96.74393   96.73260   96.72070   96.70822   96.69516   96.68151   96.66724   96.65236   96.63684   96.62068   96.60385   96.58635   96.56815   96.54925   96.52961   96.50923   96.48809   96.46616   96.44342   96.41985   96.39542   96.37012   96.34391   96.31676   96.28865   96.25955   96.22941   96.19822   96.16592   96.13249   96.09788   96.06205   96.02495   95.98655   95.94677   95.90558   95.86292   95.81872   95.77292   95.72546   95.67627   95.62526   95.57235   95.51747   95.46052   95.40140   95.34000   95.27622   95.20994   95.14102   95.06934   94.99474   94.91707   94.83615   94.75182   94.66386   94.57206   94.47621   94.37604   94.27129   94.16167   94.04685   93.92649   93.80022   93.66760   93.52820   93.38150   93.22697   93.06398   92.89187   92.70989   92.51721   92.31291   92.09596   91.86518   91.61927   91.35675   91.07595   90.77496   90.45159   90.10334   89.72732   89.32017   88.87797   88.39613   87.86924   87.29085   86.65324   85.94712   85.16115   84.28142   83.29069   82.16732   80.88391   79.40525   77.68559   75.66460   73.26175   70.36812   66.83498   62.45831   56.96030   49.97346   41.04781   29.73335   15.84290    0.00000
   0.00000   20.93393   37.66143   49.98507   58.91238   65.45089   70.34533   74.10000   77.04919   79.41576   81.35089   82.95939   84.31554   85.47318   86.47214   87.34239   88.10691   88.78359   89.38650   89.92693   90.41395   90.85500   91.25619   91.62260   91.95849   92.26746   92.55255   92.81638   93.06119   93.28891   93.50124   93.69964   93.88541   94.05967   94.22344   94.37759   94.52293   94.66015   94.78990   94.91274   95.02919   95.13970   95.24470   95.34456   95.43964   95.53025   95.61667   95.69917   95.77799   95.85336   95.92547   95.99452   96.06067   96.12410   96.18495   96.24335   96.29944   96.35333   96.40514   96.45496   96.50290   96.54905   96.59348   96.63628   96.67753   96.71728   96.75561   96.79257   96.82823   96.86264   96.89584   96.92789   96.95883   96.98871   97.01756   97.04543   97.07234   97.09833   97.12344   97.14770   97.17113   97.19376   97.21562   97.23672   97.25711   97.27679   97.29580   97.31414   97.33183   97.34891   97.36538   97.38125   97.39655   97.41130   97.42549   97.43915   97.45229   97.46493   97.47706   97.48871   97.49989   97.51060   97.52085   97.53065   97.54002   97.54895   97.55746   97.56555   97.57323   97.58051   97.58739   97.59388   97.59997   97.60569   97.61103   97.61599   97.62058   97.62481   97.62867   97.63217   97.63532   97.63811   97.64054   97.64263   97.64436   97.64575   97.64679   97.64748   97.64782   97.64782   97.64748   97.64679   97.64575   97.64436   97.64263   97.64054   97.63811   97.63532   97.63217   97.62867   97.62481   97.62058   97.61599   97.61103   97.60569   97.59997   97.59388   97.58739   97.58051   97.57323   97.56555   97.55746   97.54895   97.54002   97.53065   97.52085   97.51060   97.49989   97.48871   97.47706   97.46493   97.45229   97.43915   97.42549   97.41130   97.39655   97.38125   97.36538   97.34891   97.33183   97.31414   97.29580   97.27679   97.25711   97.23672   97.21562   97.19376   97.17113   97.14770   97.12344   97.09833   97.07234   97.04543   97.01756   96.98871   96.95883   96.92789   96.89584   96.86264   96.82823   96.79257   96.75561   96.71728   96.67753   96.63628   96.59348   96.54905   96.50290   96.45496   96.40514   96.35333   96.29944   96.24335   96.18495   96.12410   96.06067   95.99452   95.92547   95.85336   95.77799   95.69917   95.61667   95.53025   95.43964   95.34456   95.24470   95.13970   95.02919   94.91274   94.78990   94.66015   94.52293   94.37759   94.22344   94.05967   93.88541   93.69964   93.50124   93.28891   93.06119   92.81638   92.55255   92.26746   91.95849   91.62260   91.25619   90.85500   90.41395   89.92693   89.38650   88.78359   88.10691   87.34239   86.47214   85.47318   84.31554   82.95939   81.35089   79.41576   77.04919   74.10000   70.34533   65.45089   58.91238   49.98507   37.66143   20.93393    0.00000
   0.00000   30.23141   49.99337   62.31867   70.24011   75.58556   79.37211   82.17050   84.31287   86.00121   87.36383   88.48553   89.42433   90.22115   90.90566   91.49982   92.02026   92.47978   92.88838   93.25401   93.58303   93.88061   94.15101   94.39775   94.62374   94.83147   95.02302   95.20019   95.36450   95.51727   95.65966   95.79266   95.91715   96.03389   96.14357   96.24678   96.34407   96.43591   96.52273   96.60492   96.68281   96.75672   96.82693   96.89370   96.95726   97.01783   97.07559   97.13073   97.18340   97.23375   97.28194   97.32806   97.37226   97.41463   97.45527   97.49428   97.53173   97.56772   97.60232   97.63559   97.66760   97.69841   97.72808   97.75665   97.78419   97.81073   97.83631   97.86099   97.88479   97.90776   97.92992   97.95131   97.97196   97.99190   98.01116   98.02975   98.04772   98.06506   98.08182   98.09801   98.11364   98.12874   98.14333   98.15741   98.17102   98.18415   98.19683   98.20907   98.22088   98.23227   98.24326   98.25385   98.26406   98.27389   98.28336   98.29248   98.30125   98.30968   98.31777   98.32554   98.33300   98.34014   98.34698   98.35352   98.35977   98.36573   98.37141   98.37681   98.38193   98.38679   98.39137   98.39570   98.39977   98.40358   98.40714   98.41045   98.41352   98.41634   98.41891   98.42125   98.42335   98.42521   98.42683   98.42822   98.42938   98.43031   98.43100   98.43146   98.43169   98.43169   98.43146   98.43100   98.43031   98.42938   98.42822   98.42683   98.42521   98.42335   98.42125   98.41891   98.41634   98.41352   98.41045   98.40714   98.40358   98.39977   98.39570   98.39137   98.38679   98.38193   98.37681   98.37141   98.36573   98.35977   98.35352   98.34698   98.34014   98.33300   98.32554   98.31777   98.30968   98.30125   98.29248   98.28336   98.27389   98.26406   98.25385   98.24326   98.23227   98.22088   98.20907   98.19683   98.18415   98.17102   98.15741   98.14333   98.12874   98.11364   98.09801   98.08182   98.06506   98.04772   98.02975   98.01116   97.99190   97.97196   97.95131   97.92992   97.90776   97.88479   97.86099   97.83631   97.81073   97.78419   97.75665   97.72808   97.69841   97.66760   97.63559   97.60232   97.56772   97.53173   97.49428   97.45527   97.41463   97.37226   97.32806   97.28194   97.23375   97.18340   97.13073   97.07559   97.01783   96.95726   96.89370   96.82693   96.75672   96.68281   96.60492   96.52273   96.43591   96.34407   96.24678   96.14357   96.03389   95.91715   95.79266   95.65966   95.51727   95.36450   95.20019   95.02302   94.83147   94.62374   94.39775   94.15101   93.88061   93.58303   93.25401   92.88838   92.47978   92.02026   91.49982   90.90566   90.22115   89.42433   88.48553   87.36383   86.00121   84.31287   82.17050   79.37211   75.58556   70.24011   62.31867   49.99337   30.23141    0.00000
   0.00000   49.99834   69.76196   79.05611   84.14383   87.27911   89.38707   90.89703   92.03057   92.91237   93.61769   94.19458   94.67509   95.08144   95.42951   95.73096   95.99453   96.22689   96.43324   96.61770   96.78353   96.93342   97.06951   97.19363   97.30725   97.41165   97.50788   97.59685   97.67934   97.75602   97.82747   97.89419   97.95663   98.01517   98.07016   98.12190   98.17067   98.21670   98.26020   98.30138   98.34040   98.37743   98.41260   98.44605   98.47788   98.50821   98.53714   98.56475   98.59112   98.61633   98.64045   98.66355   98.68567   98.70688   98.72722   98.74675   98.76550   98.78351   98.80083   98.81748   98.83350   98.84892   98.86377   98.87807   98.89184   98.90512   98.91793   98.93028   98.94219   98.95368   98.96477   98.97547   98.98580   98.99578   99.00541   99.01472   99.02370   99.03238   99.04077   99.04886   99.05669   99.06424   99.07154   99.07859   99.08539   99.09196   99.09830   99.10443   99.11033   99.11603   99.12153   99.12683   99.13194   99.13686   99.14159   99.14615   99.15054   99.15475   99.15881   99.16269   99.16642   99.17000   99.17342   99.17669   99.17981   99.18280   99.18563   99.18833   99.19090   99.19333   99.19562   99.19779   99.19982   99.20173   99.20351   99.20517   99.20670   99.20811   99.20940   99.21057   99.21161   99.21255   99.21336   99.21405   99.21463   99.21509   99.21544   99.21567   99.21579   99.21579   99.21567   99.21544   99.21509   99.21463   99.21405   99.21336   99.21255   99.21161   99.21057   99.20940   99.20811   99.20670   99.20517   99.20351   99.20173   99.19982   99.19779   99.19562   99.19333   99.19090   99.18833   99.18563   99.18280   99.17981   99.17669   99.17342   99.17000   99.16642   99.16269   99.15881   99.15475   99.15054   99.14615   99.14159   99.13686   99.13194   99.12683   99.12153   99.11603   99.11033   99.10443   99.09830   99.09196   99.08539   99.07859   99.07154   99.06424   99.05669   99.04886   99.04077   99.03238   99.02370   99.01472   99.00541   98.99578   98.98580   98.97547   98.96477   98.95368   98.94219   98.93028   98.91793   98.90512   98.89184   98.87807   98.86377   98.84892   98.83350   98.81748   98.80083   98.78351   98.76550   98.74675   98.72722   98.70688   98.68567   98.66355   98.64045   98.61633   98.59112   98.56475   98.53714   98.50821   98.47788   98.44605   98.41260   98.37743   98.34040   98.30138   98.26020   98.21670   98.17067   98.12190   98.07016   98.01517   97.95663   97.89419   97.82747   97.75602   97.67934   97.59685   97.50788   97.41165   97.30725   97.19363   97.06951   96.93342   96.78353   96.61770   96.43324   96.22689   95.99453   95.73096   95.42951   95.08144   94.67509   94.19458   93.61769   92.91237   92.03057   90.89703   89.38707   87.27911   84.14383   79.05611   69.76196   49.99834    0.00000
 100.00000  100.00000  100.00000  100.00000  100.00000  100.00000  100.00000  100.00000  100.00000  100.00000  100.00000  100.00000  100.00000  100.00000  100.00000  100.00000  100.00000  100.00000  100.00000  100.00000  100.00000  100.00000  100.00000  100.00000  100.00000  100.00000  100.00000  100.00000  100.00000  100.00000  100.00000  100.00000  100.00000  100.00000  100.00000  100.00000  100.00000  100.00000  100.00000  100.00000  100.00000  100.00000  100.00000  100.00000  100.00000  100.00000  100.00000  100.00000  100.00000  100.00000  100.00000  100.00000  100.00000  100.00000  100.00000  100.00000  100.00000  100.00000  100.00000  100.00000  100.00000  100.00000  100.00000  100.00000  100.00000  100.00000  100.00000  100.00000  100.00000  100.00000  100.00000  100.00000  100.00000  100.00000  100.00000  100.00000  100.00000  100.00000  100.00000  100.00000  100.00000  100.00000  100.00000  100.00000  100.00000  100.00000  100.00000  100.00000  100.00000  100.00000  100.00000  100.00000  100.00000  100.00000  100.00000  100.00000  100.00000  100.00000  100.00000  100.00000  100.00000  100.00000  100.00000  100.00000  100.00000  100.00000  100.00000  100.00000  100.00000  100.00000  100.00000  100.00000  100.00000  100.00000  100.00000  100.00000  100.00000  100.00000  100.00000  100.00000  100.00000  100.00000  100.00000  100.00000  100.00000  100.00000  100.00000  100.00000  100.00000  100.00000  100.00000  100.00000  100.00000  100.00000  100.00000  100.00000  100.00000  100.00000  100.00000  100.00000  100.00000  100.00000  100.00000  100.00000  100.00000  100.00000  100.00000  100.00000  100.00000  100.00000  100.00000  100.00000  100.00000  100.00000  100.00000  100.00000  100.00000  100.00000  100.00000  100.00000  100.00000  100.00000  100.00000  100.00000  100.00000  100.00000  100.00000  100.00000  100.00000  100.00000  100.00000  100.00000  100.00000  100.00000  100.00000  100.00000  100.00000  100.00000  100.00000  100.00000  100.00000  100.00000  100.00000  100.00000  100.00000  100.00000  100.00000  100.00000  100.00000  100.00000  100.00000  100.00000  100.00000  100.00000  100.00000  100.00000  100.00000  100.00000  100.00000  100.00000  100.00000  100.00000  100.00000  100.00000  100.00000  100.00000  100.00000  100.00000  100.00000  100.00000  100.00000  100.00000  100.00000  100.00000  100.00000  100.00000  100.00000  100.00000  100.00000  100.00000  100.00000  100.00000  100.00000  100.00000  100.00000  100.00000  100.00000  100.00000  100.00000  100.00000  100.00000  100.00000  100.00000  100.00000  100.00000  100.00000  100.00000  100.00000  100.00000  100.00000  100.00000  100.00000  100.00000  100.00000  100.00000  100.00000  100.00000  100.00000  100.00000  100.00000  100.00000  100.00000  100.00000  100.00000  100.00000  100.00000  100.00000  100.00000
